can_transact,can_select,chance_of_playing_next_round,chance_of_playing_this_round,code,cost_change_event,cost_change_event_fall,cost_change_start,cost_change_start_fall,price_change_percent,dreamteam_count,element_type,ep_next,ep_this,event_points,first_name,form,id,in_dreamteam,news,news_added,now_cost,photo,points_per_game,removed,second_name,selected_by_percent,special,squad_number,status,team,team_code,total_points,transfers_in,transfers_in_event,transfers_out,transfers_out_event,value_form,value_season,web_name,known_name,region,team_join_date,birth_date,has_temporary_code,opta_code,minutes,goals_scored,assists,clean_sheets,goals_conceded,own_goals,penalties_saved,penalties_missed,yellow_cards,red_cards,saves,bonus,bps,influence,creativity,threat,ict_index,clearances_blocks_interceptions,recoveries,tackles,defensive_contribution,starts,expected_goals,expected_assists,expected_goal_involvements,expected_goals_conceded,corners_and_indirect_freekicks_order,corners_and_indirect_freekicks_text,direct_freekicks_order,direct_freekicks_text,penalties_order,penalties_text,scout_risks,scout_news_link,influence_rank,influence_rank_type,creativity_rank,creativity_rank_type,threat_rank,threat_rank_type,ict_index_rank,ict_index_rank_type,expected_goals_per_90,saves_per_90,expected_assists_per_90,expected_goal_involvements_per_90,expected_goals_conceded_per_90,goals_conceded_per_90,now_cost_rank,now_cost_rank_type,form_rank,form_rank_type,points_per_game_rank,points_per_game_rank_type,selected_rank,selected_rank_type,starts_per_90,clean_sheets_per_90,defensive_contribution_per_90
True,True,,,154561,1,-1,7,-7,0,2,1,8.8,9.3,6,David,7.8,1,True,,,62,154561.jpg,4.4,False,Raya Martín,36.4,False,,a,1,3,162,4863353,21477,2938724,3839,1.3,26.1,Raya,,200.0,2024-07-04,1995-09-15,False,p154561,3330,0,0,19,26,0,0,0,1,0,60,11,633,541.4,33.5,0.0,57.5,37,304,1,0,37,0.00,0.07,0.07,27.58,,,,,,,[],,105,17,390,3,831,97,272,17,0.0,1.62,0.0,0.0,0.75,0.7,72,1,3,1,37,3,6,1,1.0,0.51,0.0
True,True,,,109745,0,0,-5,5,0,0,1,1.0,1.5,0,Kepa,0.0,2,False,,,40,109745.jpg,0.0,False,Arrizabalaga Revuelta,0.4,False,,a,1,3,0,16380,54,79342,62,0.0,0.0,Arrizabalaga,,200.0,2025-07-01,1994-10-03,False,p109745,0,0,0,0,0,0,0,0,0,0,0,0,0,0.0,0.0,0.0,0.0,0,0,0,0,0,0.00,0.00,0.00,0.00,,,,,,,[],,577,67,569,54,538,40,580,67,0.0,0.0,0.0,0.0,0.0,0.0,678,44,461,55,589,67,293,37,0.0,0.0,0.0
True,False,0.0,0.0,463748,0,0,0,0,0,0,1,0.0,0.0,0,Karl,0.0,3,False,Has joined Werder Bremen on loan for the rest of the season.,2025-08-26T13:44:02.357864Z,40,463748.jpg,0.0,False,Hein,0.2,False,,u,1,3,0,5545,0,48698,17,0.0,0.0,Hein,,67.0,2020-10-28,2002-04-13,False,p463748,0,0,0,0,0,0,0,0,0,0,0,0,0,0.0,0.0,0.0,0.0,0,0,0,0,0,0.00,0.00,0.00,0.00,,,,,,,[],,594,76,587,64,556,50,597,76,0.0,0.0,0.0,0.0,0.0,0.0,699,54,480,65,606,76,379,54,0.0,0.0,0.0
True,True,,,551221,0,0,-1,1,0,0,1,1.0,1.5,0,Tommy,0.0,4,False,,,39,551221.jpg,0.0,False,Setford,0.2,False,,a,1,3,0,34391,21,35828,64,0.0,0.0,Setford,,241.0,2024-07-24,2006-03-13,False,p551221,0,0,0,0,0,0,0,0,0,0,0,0,0,0.0,0.0,0.0,0.0,0,0,0,0,0,0.00,0.00,0.00,0.00,,,,,,,[],,566,61,555,45,523,31,569,61,0.0,0.0,0.0,0.0,0.0,0.0,791,91,446,48,578,61,372,53,0.0,0.0,0.0
True,True,100.0,100.0,226597,0,0,13,-13,0,5,2,8.8,9.3,6,Gabriel,7.8,5,True,,2026-03-24T00:00:10.555559Z,73,226597.jpg,6.7,False,dos Santos Magalhães,46.2,False,,a,1,3,208,9194691,16496,5876934,4100,1.1,28.5,Gabriel,Gabriel Magalhães,30.0,2020-09-01,1997-12-19,False,p226597,2705,3,5,18,19,0,0,0,4,0,0,30,717,813.6,128.1,298.0,123.9,234,63,38,272,30,2.94,1.75,4.69,21.10,,,,,,,[],,23,8,269,75,111,16,91,21,0.1,0.0,0.06,0.16,0.7,0.63,25,1,4,2,2,1,4,1,1.0,0.6,9.05
True,True,100.0,100.0,462424,1,-1,3,-3,0,2,2,7.5,8.0,8,William,6.5,6,False,,2026-03-23T13:00:10.244912Z,63,462424.jpg,4.4,False,Saliba,17.2,False,,a,1,3,137,2658354,17682,2495378,3221,1.0,21.7,Saliba,,73.0,2019-07-25,2001-03-24,False,p462424,2614,1,0,15,20,0,0,0,2,0,0,12,581,550.8,201.0,90.0,84.2,157,113,35,192,30,0.88,1.21,2.09,20.43,,,,,,,[],,98,44,198,51,296,88,180,60,0.03,0.0,0.04,0.07,0.7,0.69,69,2,11,4,38,15,19,7,1.03,0.52,6.61
True,True,100.0,75.0,466075,0,0,1,-1,0,2,2,4.2,3.5,6,Riccardo,3.2,7,False,,2026-05-11T00:00:10.879576Z,56,466075.jpg,4.2,False,Calafiori,5.9,False,,a,1,3,106,2690710,821,2529727,1797,0.6,18.9,Calafiori,,106.0,2024-07-29,2002-05-19,False,p466075,1652,1,2,13,8,0,0,0,5,0,0,4,379,281.8,175.2,309.0,76.7,70,72,32,102,21,3.36,0.66,4.02,9.69,,,,,,,[],,254,100,221,57,104,13,209,74,0.18,0.0,0.04,0.22,0.53,0.44,131,13,110,37,49,18,69,21,1.14,0.71,5.56
True,True,0.0,0.0,445122,0,0,5,-5,0,3,2,0.0,0.0,0,Jurriën,0.0,8,False,Ankle injury - Unknown return date,2026-03-23T13:00:10.259821Z,60,445122.jpg,5.0,False,Timber,15.4,False,,i,1,3,149,6784463,72,5634964,16925,0.0,24.8,J.Timber,,152.0,2023-07-14,2001-06-17,False,p445122,2452,3,6,13,20,0,0,0,5,0,0,9,532,499.0,402.6,352.0,125.7,82,97,66,148,28,4.71,1.53,6.24,17.45,,,,,,,[],https://www.arsenal.com/news/artetas-update-white-calafiori-and-timber?utm_source=premier_league&utm_medium=referral&utm_campaign=fantasy&utm_content=injuries-flag,121,55,83,21,84,9,87,19,0.17,0.0,0.06,0.23,0.64,0.73,85,5,822,269,13,3,21,8,1.03,0.48,5.43
True,False,0.0,0.0,440854,0,0,-1,1,0,0,2,0.0,0.0,0,Jakub,0.0,9,False,has joined Porto on loan for the rest of the season.,2025-09-02T13:37:25.929594Z,54,440854.jpg,0.0,False,Kiwior,0.0,False,,u,1,3,0,1119,0,10951,2,0.0,0.0,Kiwior,,172.0,2023-01-23,2000-02-15,False,p440854,0,0,0,0,0,0,0,0,0,0,0,0,0,0.0,0.0,0.0,0.0,0,0,0,0,0,0.00,0.00,0.00,0.00,,,,,,,[],,822,270,823,270,821,270,822,270,0.0,0.0,0.0,0.0,0.0,0.0,165,20,804,267,823,270,595,212,0.0,0.0,0.0
True,True,,,499169,0,0,-5,5,0,0,2,4.5,5.0,1,Myles,3.5,10,False,,,50,499169.jpg,1.4,False,Lewis-Skelly,1.9,False,,a,1,3,27,207156,1600,472595,740,0.7,5.4,Lewis-Skelly,,241.0,2022-12-04,2006-09-26,False,p499169,607,0,0,2,7,0,0,0,3,0,0,0,98,68.6,69.3,29.0,16.6,16,25,8,24,4,0.10,0.18,0.28,8.03,,,,,,,[],,410,153,338,115,377,129,403,144,0.01,0.0,0.03,0.04,1.19,1.04,268,41,91,26,433,157,139,56,0.59,0.3,3.56
True,True,0.0,0.0,198869,0,0,-4,4,0,1,2,0.0,0.0,0,Benjamin,3.2,11,False,Knee injury - Expected back 01 Jun,2026-05-11T00:00:10.901815Z,51,198869.jpg,3.8,False,White,0.5,False,,i,1,3,45,378801,17,431028,1383,0.6,8.8,White,,241.0,2021-07-30,1997-10-08,False,p198869,699,0,1,5,6,0,0,0,0,0,0,3,181,154.8,133.4,54.0,34.3,38,28,15,53,9,0.45,0.69,1.14,8.68,,,,,,,[],https://www.arsenal.com/news/medical-update-ben-white?utm_source=premier_league&utm_medium=referral&utm_campaign=fantasy&utm_content=injuries-flag,341,127,261,70,341,112,351,116,0.06,0.0,0.09,0.15,1.12,0.77,227,33,107,35,82,29,262,100,1.16,0.64,6.82
True,True,,,563324,0,0,-3,3,0,0,2,1.0,1.5,0,Brayden,0.0,13,False,,,37,563324.jpg,0.0,False,Clarke,0.4,False,,a,1,3,0,61206,664,84131,187,0.0,0.0,Clarke,,,,,False,p563324,0,0,0,0,0,0,0,0,0,0,0,0,0,0.0,0.0,0.0,0.0,0,0,0,0,0,0.00,0.00,0.00,0.00,,,,,,,[],,523,185,506,184,473,178,526,186,0.0,0.0,0.0,0.0,0.0,0.0,836,267,395,141,535,186,278,106,0.0,0.0,0.0
True,False,0.0,0.0,588793,0,0,-1,1,0,0,2,0.0,0.0,0,Maldini,0.0,14,False,has joined Morecambe on loan for the rest of the season.,2025-09-22T21:14:30.857843Z,39,588793.jpg,0.0,False,Kacurri,0.1,False,,u,1,3,0,10218,0,22838,7,0.0,0.0,Kacurri,,,,,False,p588793,0,0,0,0,0,0,0,0,0,0,0,0,0,0.0,0.0,0.0,0.0,0,0,0,0,0,0.00,0.00,0.00,0.00,,,,,,,[],,571,209,560,209,528,204,574,210,0.0,0.0,0.0,0.0,0.0,0.0,797,232,452,172,583,210,500,178,0.0,0.0,0.0
True,True,,,499167,0,0,-3,3,0,0,2,1.0,1.5,0,Josh,0.0,15,False,,,37,499167.jpg,0.0,False,Nichols,0.2,False,,a,1,3,0,33963,132,35388,112,0.0,0.0,Nichols,,241.0,2024-07-24,2006-07-26,False,p499167,0,0,0,0,0,0,0,0,0,0,0,0,0,0.0,0.0,0.0,0.0,0,0,0,0,0,0.00,0.00,0.00,0.00,,,,,,,[],,522,184,504,182,471,176,525,185,0.0,0.0,0.0,0.0,0.0,0.0,834,265,393,139,534,185,362,132,0.0,0.0,0.0
True,True,100.0,100.0,223340,0,0,0,0,0,3,3,7.0,7.5,10,Bukayo,6.0,16,False,,2026-03-30T10:00:10.614078Z,100,223340.jpg,5.1,False,Saka,13.0,False,,a,1,3,157,4987583,14831,5290443,3254,0.6,15.7,Saka,,241.0,2018-11-28,2001-09-05,False,p223340,2218,7,10,12,16,0,0,0,2,0,0,18,570,627.0,847.6,828.0,230.6,28,116,40,184,25,7.46,7.13,14.59,15.59,2.0,,2.0,,1.0,,[],,69,18,11,11,9,4,9,7,0.3,0.0,0.29,0.59,0.63,0.65,6,4,15,7,11,5,29,10,1.01,0.49,7.47
True,True,100.0,100.0,184029,0,0,-2,2,0,1,3,3.5,4.0,3,Martin,2.5,17,False,,2026-05-01T14:00:09.623702Z,78,184029.jpg,3.1,False,Ødegaard,1.7,False,,a,1,3,74,406788,825,661551,365,0.3,9.5,Ødegaard,,161.0,2021-08-20,1998-12-17,False,p184029,1363,1,7,6,13,0,0,0,0,0,0,5,306,311.8,564.4,168.0,104.4,13,70,19,102,16,1.20,3.65,4.85,16.22,4.0,,,,3.0,,[],,233,97,42,38,215,116,129,71,0.08,0.0,0.24,0.32,1.07,0.86,18,13,161,72,191,74,154,50,1.06,0.4,6.74
True,True,100.0,100.0,248857,0,0,-2,2,0,2,3,2.2,2.7,0,Noni,1.2,18,False,,2026-04-16T13:00:09.580957Z,68,248857.jpg,2.4,False,Madueke,0.8,False,,a,1,3,61,383435,130,437426,449,0.2,9.0,Madueke,,241.0,2025-07-18,2002-03-10,False,p248857,1122,2,1,7,9,0,0,0,0,0,0,6,208,209.6,307.5,343.0,85.9,13,32,21,66,15,1.06,2.56,3.62,12.54,3.0,,,,,,[],,296,124,133,91,90,52,174,86,0.09,0.0,0.21,0.3,1.01,0.72,43,27,259,109,298,126,222,77,1.2,0.56,5.29
True,True,100.0,100.0,444145,0,0,-2,2,0,0,3,1.2,1.7,1,Gabriel,0.2,19,False,,2025-12-24T02:30:10.584394Z,68,444145.jpg,1.7,False,Martinelli Silva,0.9,False,,a,1,3,50,197329,132,277393,276,0.0,7.4,Martinelli,Gabriel Martinelli,30.0,2019-07-15,2001-06-18,False,p444145,975,1,4,2,7,0,0,0,3,0,0,1,167,175.6,170.8,361.0,70.1,13,48,12,73,10,3.99,1.03,5.02,9.53,,,,,,,[],,322,142,225,145,82,48,229,109,0.37,0.0,0.1,0.47,0.88,0.65,44,28,388,177,402,173,211,73,0.92,0.18,6.74
True,True,100.0,100.0,116216,1,-1,-4,4,0,2,3,5.5,6.0,3,Leandro,4.5,20,False,,2026-03-24T00:00:10.597737Z,66,116216.jpg,3.8,False,Trossard,2.0,False,,a,1,3,119,719069,3891,521480,1280,0.7,18.0,Trossard,,21.0,2023-01-20,1994-12-04,False,p116216,1997,6,6,11,15,0,0,0,2,0,0,11,445,494.0,545.5,541.0,158.3,26,80,27,133,21,5.61,3.59,9.20,13.96,,,,,4.0,,[],,129,44,44,39,43,25,47,33,0.25,0.0,0.16,0.41,0.63,0.68,47,30,45,19,84,40,137,45,0.95,0.5,5.99
True,True,100.0,100.0,204480,0,0,7,-7,0,5,3,4.8,5.3,5,Declan,3.8,21,True,,2026-03-30T10:00:10.659246Z,72,204480.jpg,5.1,False,Rice,24.3,False,,a,1,3,184,7609257,11440,5688801,14300,0.5,25.6,Rice,,241.0,2023-07-15,1999-01-14,False,p204480,3093,4,9,18,25,0,0,0,3,0,0,23,790,827.2,1027.4,298.0,215.4,127,180,69,376,35,3.15,7.32,10.47,23.89,1.0,,1.0,,,,[],,20,7,3,3,110,66,12,9,0.09,0.0,0.21,0.3,0.7,0.73,31,19,79,36,10,4,11,3,1.02,0.52,10.94
True,True,0.0,0.0,195384,0,0,-7,7,0,1,3,0.0,0.0,0,Mikel,0.0,22,False,Foot injury - Unknown return date,2026-02-02T11:30:08.998402Z,53,195384.jpg,3.1,False,Merino Zazón,0.7,False,,i,1,3,66,836093,11,847303,141,0.0,12.5,Merino,,200.0,2024-08-27,1996-06-22,False,p195384,996,4,3,4,9,0,0,0,1,0,0,5,238,304.4,187.0,237.0,72.6,30,55,26,111,10,2.99,1.45,4.44,6.59,,,,,,,[],https://www.brentfordfc.com/en/news/article/first-team-manchester-city-v-brentford-premier-league-injury-update-jordan-henderson-fpl?utm_source=premier_league&utm_medium=referral&utm_campaign=fantasy&utm_content=injuries-flag,239,100,209,137,143,79,223,107,0.27,0.0,0.13,0.4,0.6,0.81,181,114,792,348,185,72,228,80,0.9,0.36,10.03
True,False,0.0,0.0,438098,0,0,-1,1,0,0,3,0.0,0.0,0,Fábio,0.0,23,False,has joined Hamburger on loan for the rest of the season.,2025-09-02T13:38:06.128321Z,54,438098.jpg,0.0,False,Ferreira Vieira,0.0,False,,u,1,3,0,933,0,4447,1,0.0,0.0,Fábio Vieira,,173.0,2022-06-21,2000-05-30,False,p438098,0,0,0,0,0,0,0,0,0,0,0,0,0,0.0,0.0,0.0,0.0,0,0,0,0,0,0.00,0.00,0.00,0.00,,,,,,,[],,821,366,822,367,820,366,821,366,0.0,0.0,0.0,0.0,0.0,0.0,164,101,803,355,822,367,697,280,0.0,0.0,0.0
True,True,100.0,100.0,128295,0,0,-4,4,0,0,3,1.0,1.5,0,Christian,0.0,24,False,,2025-08-18T08:00:05.297235Z,51,128295.jpg,1.0,False,Nørgaard,0.1,False,,a,1,3,6,8164,26,61879,19,0.0,1.2,Nørgaard,,58.0,2025-07-10,1994-03-10,False,p128295,56,0,0,0,1,0,0,0,0,0,0,0,19,15.8,0.4,7.0,2.4,7,4,0,11,0,0.05,0.00,0.05,2.23,,,,,,,[],,465,206,491,237,436,209,478,215,0.08,0.0,0.0,0.08,3.58,1.61,223,137,781,341,510,234,442,151,0.0,0.0,17.68
True,False,0.0,0.0,499175,0,0,-5,5,0,0,3,0.0,0.0,0,Ethan,0.0,25,False,has joined Marseille on loan for the rest of the season.,2026-01-23T17:18:55.073277Z,50,499175.jpg,1.3,False,Nwaneri,0.1,False,,u,1,3,8,13149,0,37226,11,0.0,1.6,Nwaneri,,241.0,2022-09-17,2007-03-21,False,p499175,165,0,0,1,0,0,0,0,0,0,0,0,20,8.6,22.5,24.0,5.4,1,10,2,13,0,0.23,0.08,0.31,0.73,,,,,,,[],,478,213,406,203,385,194,458,204,0.13,0.0,0.04,0.17,0.4,0.0,269,163,773,335,444,196,462,159,0.0,0.55,7.09
True,True,100.0,100.0,481655,0,0,-6,6,0,1,3,3.0,3.5,1,Martín,2.0,26,False,,2026-03-30T10:00:10.681664Z,49,481655.jpg,3.5,False,Zubimendi Ibáñez,2.8,False,,a,1,3,131,1379766,667,1338990,3047,0.4,26.7,Zubimendi,,200.0,2025-07-06,1999-02-02,False,p481655,2901,5,1,16,24,0,0,0,4,0,0,9,590,587.2,366.6,271.0,122.7,120,113,67,300,33,2.84,2.23,5.07,25.11,,,,,,,[],,81,24,102,73,126,72,92,54,0.09,0.0,0.07,0.16,0.78,0.74,328,203,182,76,116,48,115,37,1.02,0.5,9.31
True,False,0.0,0.0,588796,0,0,0,0,0,0,3,0.0,0.0,0,Ismeal,0.0,28,False,has joined Shrewsbury Town on loan for the rest of the season.,2025-09-02T13:24:41.013511Z,45,588796.jpg,0.0,False,Kabia,0.1,False,,u,1,3,0,6731,0,30378,4,0.0,0.0,Kabia,,152.0,2024-09-14,2005-12-10,False,p588796,0,0,0,0,0,0,0,0,0,0,0,0,0,0.0,0.0,0.0,0.0,0,0,0,0,0,0.00,0.00,0.00,0.00,,,,,,,[],,750,312,745,313,731,309,750,312,0.0,0.0,0.0,0.0,0.0,0.0,489,301,678,265,753,314,496,178,0.0,0.0,0.0
True,False,0.0,0.0,437742,0,0,0,0,0,0,3,0.0,0.0,0,Albert,0.0,29,False,has joined Hamburger permanently.,2025-09-02T13:40:53.094922Z,45,437742.jpg,0.0,False,Sambi Lokonga,0.0,False,,u,1,3,0,2952,0,14148,1,0.0,0.0,Sambi,,21.0,2021-07-19,1999-10-22,False,p437742,0,0,0,0,0,0,0,0,0,0,0,0,0,0.0,0.0,0.0,0.0,0,0,0,0,0,0.00,0.00,0.00,0.00,,,,,,,[],,705,272,703,276,686,269,707,274,0.0,0.0,0.0,0.0,0.0,0.0,433,256,628,222,712,278,591,221,0.0,0.0,0.0
True,True,100.0,100.0,219847,0,0,-2,2,0,0,4,4.2,4.7,8,Kai,3.2,30,False,,2026-04-25T22:30:09.266637Z,73,219847.jpg,2.9,False,Havertz,0.6,False,,a,1,3,32,182639,2595,252012,517,0.4,4.4,Havertz,,80.0,2023-06-28,1999-06-11,False,p219847,532,2,2,4,3,0,0,0,1,0,0,3,126,129.0,98.9,194.0,42.4,8,14,7,29,7,2.87,0.47,3.34,5.77,,,,,,,[],,361,38,297,32,184,41,325,39,0.49,0.0,0.08,0.57,0.98,0.51,24,10,112,15,213,23,249,35,1.18,0.68,4.91
True,True,100.0,100.0,205651,0,0,-1,1,0,0,4,1.2,1.7,0,Gabriel,0.2,31,False,,2025-07-21T10:00:04.697564Z,64,205651.jpg,1.5,False,Fernando de Jesus,0.3,False,,a,1,3,19,151348,144,134095,202,0.0,3.0,G.Jesus,Gabriel Jesus,30.0,2022-07-04,1997-04-03,False,p205651,344,2,0,0,6,0,0,0,2,0,0,0,73,108.0,37.4,228.0,37.1,5,18,4,27,2,1.83,0.23,2.06,3.74,,,,,,,[],,381,43,384,50,153,39,340,42,0.48,0.0,0.06,0.54,0.98,1.57,56,21,385,52,423,50,315,51,0.52,0.0,7.06
True,True,100.0,100.0,232413,0,0,-2,2,0,3,3,4.8,5.3,3,Eberechi,3.8,266,False,,2026-04-25T22:30:09.375724Z,73,232413.jpg,3.5,False,Eze,8.9,False,,a,1,3,112,3639422,3255,3906777,3598,0.5,15.3,Eze,,241.0,2025-08-23,1998-06-29,False,p232413,1870,7,3,11,13,0,0,0,1,0,0,8,432,386.0,304.9,438.0,112.6,21,78,18,117,22,4.75,2.65,7.40,13.48,,,,,,,[],,186,72,137,92,60,34,109,63,0.23,0.0,0.13,0.36,0.65,0.63,26,15,80,37,128,58,45,15,1.06,0.53,5.63
True,True,100.0,100.0,500040,0,0,-2,2,0,0,2,2.8,3.3,6,Cristhian,1.8,662,False,,2025-12-04T09:00:09.512338Z,53,500040.jpg,1.9,False,Mosquera,0.2,False,,a,1,3,36,62670,693,56379,125,0.3,6.8,Mosquera,,200.0,2025-07-24,2004-06-27,False,p500040,896,0,0,3,7,0,0,0,4,0,0,1,184,188.2,86.1,20.0,29.6,54,34,31,85,8,0.10,0.62,0.72,8.08,,,,,,,[],,312,122,308,101,398,143,369,126,0.01,0.0,0.06,0.07,0.81,0.7,199,26,208,78,359,133,358,131,0.8,0.3,8.54
True,True,100.0,100.0,224117,1,-1,1,-1,0,4,4,6.0,6.5,1,Viktor,5.0,666,False,,2025-11-01T18:00:08.847750Z,91,224117.jpg,3.6,False,Gyökeres,18.1,False,,a,1,3,127,4589149,18021,5353695,18564,0.5,14.0,Gyökeres,,206.0,2025-07-26,1998-06-04,False,p224117,2210,14,1,12,13,0,0,0,5,0,0,16,470,536.2,253.3,766.0,154.7,23,53,7,83,26,12.10,1.84,13.93,17.06,,,,,2.0,,[],,107,9,164,15,18,11,50,9,0.49,0.0,0.07,0.56,0.69,0.53,7,3,36,8,110,10,17,4,1.06,0.49,3.38
True,True,100.0,100.0,616077,0,0,-3,3,0,0,3,1.2,1.7,0,Max,0.2,700,False,,2025-12-10T00:00:08.266774Z,42,616077.jpg,2.6,False,Dowman,0.8,False,,a,1,3,13,268306,2397,186876,1538,0.0,3.1,Dowman,,241.0,2025-07-22,2009-12-31,False,p616077,91,1,1,0,1,0,0,0,0,0,0,0,47,42.6,38.7,61.0,14.3,1,8,2,11,0,1.19,0.14,1.33,0.67,,,,,,,[],,432,187,382,195,333,172,408,186,1.18,0.0,0.14,1.32,0.66,0.99,657,379,355,156,253,102,219,75,0.0,0.0,10.88
True,True,,,646243,0,0,-1,1,0,0,3,1.0,1.5,0,Andre,0.0,711,False,,,44,646243.jpg,0.0,False,Harriman-Annous,0.0,False,,a,1,3,0,2055,10,1962,5,0.0,0.0,Harriman-Annous,,241.0,2025-07-22,2007-12-28,False,p646243,0,0,0,0,0,0,0,0,0,0,0,0,0,0.0,0.0,0.0,0.0,0,0,0,0,0,0.00,0.00,0.00,0.00,,,,,,,[],,694,266,691,270,672,262,696,268,0.0,0.0,0.0,0.0,0.0,0.0,580,351,613,215,701,272,708,288,0.0,0.0,0.0
True,True,100.0,100.0,448104,0,0,-4,4,0,3,2,3.5,4.0,1,Piero,2.5,725,False,,2026-03-30T10:00:11.369303Z,51,448104.jpg,3.5,False,Hincapié,0.9,False,,a,1,3,85,616574,798,515642,1855,0.5,16.7,Hincapie,,62.0,2025-09-01,2002-01-09,False,p448104,1697,1,2,5,18,1,0,0,2,0,0,7,322,437.0,181.3,65.0,68.2,118,59,48,166,19,0.33,1.65,1.98,16.55,,,,,,,[],,154,63,215,54,327,107,235,81,0.02,0.0,0.09,0.11,0.88,0.95,234,36,155,53,118,44,209,81,1.01,0.27,8.8
True,True,,,616065,0,0,0,0,0,0,2,1.0,1.5,0,Marli,0.0,759,False,,,40,616065.jpg,0.0,False,Salmon,0.0,False,,a,1,3,0,1588,9,1500,18,0.0,0.0,Salmon,,241.0,2025-07-22,2009-08-29,False,p616065,0,0,0,0,0,0,0,0,0,0,0,0,0,0.0,0.0,0.0,0.0,0,0,0,0,0,0.00,0.00,0.00,0.00,,,,,,,[],,631,244,625,244,595,241,634,245,0.0,0.0,0.0,0.0,0.0,0.0,744,205,520,212,642,244,671,237,0.0,0.0,0.0
True,True,100.0,100.0,98980,0,0,1,-1,0,3,1,2.7,2.7,2,Emiliano,3.2,32,False,,2026-04-12T21:30:08.032006Z,51,98980.jpg,3.8,False,Martínez Romero,4.5,False,,a,2,7,120,1129880,1059,822853,6313,0.6,23.5,Martinez,,10.0,2020-09-16,1992-09-02,False,p98980,2835,0,1,7,39,0,1,0,2,0,95,11,530,769.8,23.2,0.0,79.2,27,272,0,0,32,0.00,0.08,0.08,42.92,,,,,,,[],,33,9,403,4,811,93,199,9,0.0,3.02,0.0,0.0,1.36,1.24,222,6,106,11,81,8,86,15,1.02,0.22,0.0
True,True,100.0,100.0,72147,0,0,-3,3,0,0,1,-0.5,-0.5,0,Marco,0.0,33,False,,2026-02-15T00:30:06.693638Z,42,72147.jpg,2.3,False,Bizot,0.4,False,,a,2,7,14,85666,45,117745,88,0.0,3.3,M.Bizot,,152.0,2025-07-15,1991-03-10,False,p72147,495,0,0,1,9,0,0,0,2,0,17,0,65,118.2,0.0,0.0,11.8,7,50,0,0,5,0.00,0.00,0.00,9.68,,,,,,,[],,373,27,639,82,611,68,422,27,0.0,3.09,0.0,0.0,1.76,1.64,633,29,538,82,300,29,295,38,0.91,0.18,0.0
True,False,0.0,0.0,462492,0,0,0,0,0,0,1,0.0,0.0,0,Joe,0.0,34,False,Has joined Port Vale on loan for the rest of the season.,2025-08-12T07:40:37.843391Z,40,462492.jpg,0.0,False,Gauci,0.1,False,,u,2,7,0,0,0,17832,11,0.0,0.0,Gauci,,13.0,2024-02-01,2000-07-04,False,p462492,0,0,0,0,0,0,0,0,0,0,0,0,0,0.0,0.0,0.0,0.0,0,0,0,0,0,0.00,0.00,0.00,0.00,,,,,,,[],,593,75,586,63,555,49,596,75,0.0,0.0,0.0,0.0,0.0,0.0,698,53,479,64,605,75,511,75,0.0,0.0,0.0
True,False,0.0,0.0,462381,0,0,0,0,0,0,1,0.0,0.0,0,Filip,0.0,35,False,Has joined Stevenage permanently.,2025-07-30T14:08:21.698398Z,40,462381.jpg,0.0,False,Marschall,0.0,False,,u,2,7,0,0,0,1300,0,0.0,0.0,Marschall,,241.0,2021-12-13,2003-04-24,False,p462381,0,0,0,0,0,0,0,0,0,0,0,0,0,0.0,0.0,0.0,0.0,0,0,0,0,0,0.00,0.00,0.00,0.00,,,,,,,[],,592,74,585,62,554,48,595,74,0.0,0.0,0.0,0.0,0.0,0.0,697,52,478,63,604,74,760,88,0.0,0.0,0.0
True,True,100.0,100.0,199796,0,0,2,-2,0,2,2,1.5,1.5,0,Matty,2.0,36,False,,2026-03-05T00:00:08.205820Z,47,199796.jpg,3.4,False,Cash,7.7,False,,a,2,7,116,2991454,1008,2416529,11526,0.4,24.7,Cash,,172.0,2020-09-03,1997-08-07,False,p199796,2971,3,3,8,38,0,0,0,9,0,0,7,446,635.0,500.0,219.0,135.4,119,86,66,185,34,1.14,2.93,4.07,45.30,3.0,,,,,,[],,66,30,54,7,161,34,75,15,0.03,0.0,0.09,0.12,1.37,1.15,382,64,180,66,134,45,54,16,1.03,0.24,5.6
True,True,100.0,100.0,101188,0,0,0,0,0,1,2,1.3,1.3,4,Lucas,1.8,37,False,,2025-10-23T13:30:07.954318Z,45,101188.jpg,3.1,False,Digne,1.5,False,,a,2,7,97,354333,534,394456,1210,0.4,21.6,Digne,,73.0,2022-01-13,1993-07-20,False,p101188,1842,0,7,7,23,0,0,0,3,0,0,5,381,400.2,455.5,130.0,98.5,77,63,36,113,21,0.67,3.28,3.95,27.79,2.0,,2.0,,,,[],,178,73,69,15,246,63,142,45,0.03,0.0,0.16,0.19,1.36,1.12,411,74,200,75,177,70,161,65,1.03,0.34,5.52
True,True,100.0,100.0,199798,0,0,-1,1,0,0,2,0.5,0.5,1,Ezri,1.0,38,False,,2025-11-18T09:30:07.536725Z,44,199798.jpg,2.9,False,Konsa Ngoyo,7.2,False,,a,2,7,100,834784,547,2219772,6436,0.2,22.7,Konsa,,241.0,2019-07-11,1997-10-23,False,p199798,3035,0,1,9,44,0,0,0,0,1,0,3,497,601.4,108.3,124.0,84.0,174,108,22,196,34,1.27,0.59,1.86,48.93,,,,,,,[],,75,33,288,89,255,68,181,61,0.04,0.0,0.02,0.06,1.45,1.3,536,106,266,100,201,80,59,19,1.01,0.27,5.81
True,True,,,441302,0,0,-3,3,0,0,2,0.3,0.3,1,Ian,0.8,39,False,,,42,441302.jpg,1.7,False,Maatsen,0.5,False,,a,2,7,49,89344,76,124592,437,0.2,11.7,Maatsen,,152.0,2024-06-28,2002-03-10,False,p441302,1500,0,1,2,26,0,0,0,2,0,0,0,219,309.2,348.1,220.0,87.9,75,79,39,114,16,1.24,2.25,3.49,25.30,,,,,,,[],,234,94,111,29,159,33,171,57,0.07,0.0,0.14,0.21,1.52,1.56,643,145,290,110,389,143,257,96,0.96,0.12,6.84
True,True,100.0,100.0,149484,0,0,-2,2,0,1,2,-0.3,-0.3,0,Tyrone,0.2,40,False,,2026-04-12T21:30:08.045496Z,43,149484.jpg,2.9,False,Mings,0.6,False,,a,2,7,46,161305,99,215114,337,0.0,10.7,Mings,,241.0,2019-07-08,1993-03-13,False,p149484,1232,0,1,3,22,0,0,0,1,0,0,4,156,256.2,79.7,105.0,44.1,92,46,4,96,14,1.30,0.42,1.72,22.03,,,,,,,[],,269,106,324,110,273,78,319,110,0.09,0.0,0.03,0.12,1.61,1.61,585,125,356,128,199,78,243,92,1.02,0.22,7.01
True,True,100.0,100.0,244954,0,0,-2,2,0,0,2,0.7,0.7,4,Pau,1.2,41,False,,2025-12-12T00:00:09.857457Z,43,244954.jpg,3.1,False,Torres,0.3,False,,a,2,7,63,75030,115,101381,115,0.3,14.7,Pau,,200.0,2023-07-12,1997-01-16,False,p244954,1656,0,2,5,19,1,0,0,1,0,0,2,280,320.0,46.8,72.0,44.2,87,79,22,109,18,1.18,0.39,1.57,22.68,,,,,,,[],,226,89,369,133,315,98,318,109,0.06,0.0,0.02,0.08,1.23,1.03,592,130,248,93,173,67,323,118,0.98,0.27,5.92
True,True,100.0,100.0,606798,0,0,-1,1,0,0,2,-0.5,-0.5,0,Andrés,0.0,42,False,,2026-01-29T12:00:08.835746Z,39,606798.jpg,0.8,False,García,0.2,False,,a,2,7,4,30267,58,42959,65,0.0,1.0,A.García,,200.0,2025-01-21,2003-02-07,False,p606798,38,0,0,0,2,0,0,0,0,0,0,0,7,3.2,2.7,0.0,0.6,0,2,1,1,0,0.00,0.01,0.01,1.55,,,,,,,[],,495,177,466,169,529,205,504,175,0.0,0.0,0.02,0.02,3.67,4.74,798,233,453,173,524,179,375,135,0.0,0.0,2.37
True,False,0.0,0.0,106468,0,0,0,0,0,0,2,0.0,0.0,0,Álex,0.0,43,False,Has joined Girona permanently.,2025-08-26T13:45:03.013808Z,40,106468.jpg,0.0,False,Moreno Lopera,1.5,False,,u,2,7,0,44476,0,892617,130,0.0,0.0,Alex Moreno,,200.0,2023-01-11,1993-06-08,False,p106468,0,0,0,0,0,0,0,0,0,0,0,0,0,0.0,0.0,0.0,0.0,0,0,0,0,0,0.00,0.00,0.00,0.00,,,,,,,[],,576,211,567,211,536,207,579,212,0.0,0.0,0.0,0.0,0.0,0.0,675,162,458,175,588,212,162,66,0.0,0.0,0.0
True,True,100.0,100.0,515597,0,0,0,0,0,0,2,0.5,0.5,0,Lamare,1.0,44,False,,2025-11-20T10:30:09.224047Z,40,515597.jpg,1.4,False,Bogarde,0.5,False,,a,2,7,38,113327,145,99468,262,0.2,9.5,Bogarde,,152.0,2021-01-07,2004-01-05,False,p515597,970,0,0,2,16,0,0,0,5,0,0,4,116,129.8,58.0,14.0,20.1,31,39,26,57,10,0.00,0.20,0.20,14.16,,,,,,,[],,359,135,353,123,409,151,394,139,0.0,0.0,0.02,0.02,1.31,1.48,718,184,263,98,426,154,261,99,0.93,0.19,5.29
True,False,0.0,0.0,514315,0,0,-2,2,0,0,2,0.0,0.0,0,Lino,0.0,45,False,has joined Rotherham on loan for the rest of the season.,2026-02-06T22:51:55.055374Z,38,514315.jpg,0.0,False,da Cruz Sousa,0.2,False,,u,2,7,0,22076,0,40047,52,0.0,0.0,Sousa,,,,,False,p514315,0,0,0,0,0,0,0,0,0,0,0,0,0,0.0,0.0,0.0,0.0,0,0,0,0,0,0.00,0.00,0.00,0.00,,,,,,,[],,533,193,517,192,484,186,536,194,0.0,0.0,0.0,0.0,0.0,0.0,817,249,408,151,545,194,355,129,0.0,0.0,0.0
True,False,0.0,0.0,587178,0,0,0,0,0,0,2,0.0,0.0,0,Yasin,0.0,46,False,has joined Anderlecht on loan for the rest of the season.,2025-09-22T21:15:59.805053Z,40,587178.jpg,0.0,False,Özcan,0.1,False,,u,2,7,0,4656,0,21212,9,0.0,0.0,Yasin,,219.0,2025-06-01,2006-04-20,False,p587178,0,0,0,0,0,0,0,0,0,0,0,0,0,0.0,0.0,0.0,0.0,0,0,0,0,0,0.00,0.00,0.00,0.00,,,,,,,[],,622,236,616,236,586,233,625,237,0.0,0.0,0.0,0.0,0.0,0.0,734,196,510,203,633,236,469,174,0.0,0.0,0.0
True,True,100.0,100.0,244850,-1,1,3,-3,0,4,3,3.7,3.7,12,Morgan,4.2,47,False,,2025-08-10T22:00:04.458365Z,73,244850.jpg,4.6,False,Rogers,21.1,False,,a,2,7,169,6839100,9992,5299866,33783,0.6,23.2,Rogers,,241.0,2024-02-01,2002-07-26,False,p244850,3280,10,8,9,48,0,0,0,7,0,0,17,605,746.2,706.2,871.0,232.0,49,139,42,230,37,6.84,4.32,11.16,51.55,,,1.0,,,,[],,41,11,22,21,7,2,8,6,0.19,0.0,0.12,0.31,1.41,1.32,29,18,57,26,29,13,12,4,1.02,0.25,6.31
True,True,100.0,100.0,166989,0,0,-1,1,0,0,3,2.0,2.0,2,Youri,2.5,48,False,,2026-01-26T04:00:07.415161Z,59,166989.jpg,2.8,False,Tielemans,0.7,False,,a,2,7,67,170138,319,355002,385,0.4,11.4,Tielemans,,21.0,2023-06-14,1997-05-07,False,p166989,1840,0,4,4,27,0,0,0,0,0,0,3,406,418.4,484.7,177.0,108.1,50,93,56,199,21,1.12,2.98,4.10,31.21,5.0,,,,,,[],,163,58,57,48,208,111,116,67,0.05,0.0,0.15,0.2,1.53,1.32,91,59,159,71,229,89,240,84,1.03,0.2,9.73
True,True,100.0,100.0,215711,0,0,0,0,0,0,3,0.3,0.3,0,Leon,0.8,49,False,,2025-08-20T13:31:56.843157Z,55,215711.jpg,1.3,False,Bailey,0.1,False,,a,2,7,16,9864,41,52762,97,0.1,2.9,Bailey,,107.0,2021-08-04,1997-08-09,False,p215711,360,0,1,0,8,0,0,0,1,0,0,0,56,65.0,158.5,59.0,28.3,3,27,8,38,2,0.31,1.45,1.76,5.69,4.0,,,,,,[],,419,181,236,150,336,174,373,175,0.08,0.0,0.36,0.44,1.42,2.0,138,86,309,131,447,199,468,162,0.5,0.0,9.5
True,True,100.0,100.0,195546,0,0,-2,2,0,3,3,2.3,2.3,2,Emiliano,2.8,50,False,,2026-03-16T00:00:09.650848Z,53,195546.jpg,2.7,False,Buendía Stati,0.4,False,,a,2,7,96,236975,226,215980,589,0.5,18.1,Buendía,,10.0,2021-06-10,1996-12-25,False,p195546,1663,6,2,3,23,0,0,0,6,0,0,8,350,399.0,368.4,376.0,113.0,36,105,41,182,20,3.30,2.17,5.47,26.69,,,6.0,,2.0,,[],,179,67,100,71,80,47,107,61,0.18,0.0,0.12,0.3,1.44,1.24,182,115,137,60,244,96,292,101,1.08,0.16,9.85
True,False,0.0,0.0,469247,0,0,0,0,0,0,3,0.0,0.0,0,Samuel,0.0,51,False,has joined Pisa on loan for the rest of the season.,2025-09-22T21:15:59.838578Z,55,469247.jpg,0.0,False,Iling-Junior,0.0,False,,u,2,7,0,1383,0,3811,0,0.0,0.0,Iling Jr,,241.0,2024-07-01,2003-10-04,False,p469247,0,0,0,0,0,0,0,0,0,0,0,0,0,0.0,0.0,0.0,0.0,0,0,0,0,0,0.00,0.00,0.00,0.00,,,,,,,[],,827,371,828,372,826,371,827,371,0.0,0.0,0.0,0.0,0.0,0.0,144,91,814,364,828,372,699,281,0.0,0.0,0.0
True,False,0.0,0.0,204646,0,0,-4,4,0,1,3,0.0,0.0,0,Donyell,0.0,53,False,has joined Roma on loan for the rest of the season.,2026-01-16T15:17:04.828016Z,51,204646.jpg,2.6,False,Malen,0.4,False,,u,2,7,55,172896,0,340756,49,0.0,10.8,Malen,,152.0,2025-01-14,1999-01-19,False,p204646,640,4,2,1,10,0,0,0,0,0,0,3,161,183.4,99.7,290.0,56.3,2,10,4,16,5,4.03,0.35,4.38,10.59,,,,,,,[],,315,137,296,172,114,67,277,140,0.57,0.0,0.05,0.62,1.49,1.41,228,139,782,342,260,107,289,99,0.7,0.14,2.25
True,True,100.0,100.0,122806,0,0,-2,2,0,2,3,2.7,2.7,6,John,3.2,54,False,,2026-05-03T23:00:09.124947Z,53,122806.jpg,3.5,False,McGinn,0.7,False,,a,2,7,102,263834,1544,269683,899,0.6,19.2,McGinn,,243.0,2018-08-08,1994-10-18,False,p122806,2132,5,4,8,28,0,0,0,5,0,0,6,436,454.2,605.3,302.0,136.0,32,88,28,148,28,2.94,4.11,7.05,32.98,,,,,,,[],,144,52,34,31,107,64,72,45,0.12,0.0,0.17,0.29,1.39,1.18,179,112,109,49,119,50,232,81,1.18,0.34,6.25
True,True,100.0,100.0,88894,0,0,-2,2,0,1,3,2.5,2.5,1,Ross,3.0,55,False,,2025-11-30T22:30:09.043798Z,48,88894.jpg,2.5,False,Barkley,0.1,False,,a,2,7,51,16878,114,17841,184,0.6,10.6,Barkley,,241.0,2024-07-01,1993-12-05,False,p88894,759,3,1,1,14,0,0,0,1,0,0,5,202,205.6,147.1,191.0,54.4,15,44,12,71,6,1.58,1.18,2.76,11.95,,,,,,,[],,301,128,246,156,187,101,283,145,0.19,0.0,0.14,0.33,1.42,1.66,346,217,118,51,272,110,506,186,0.71,0.12,8.42
True,False,0.0,0.0,491287,0,0,0,0,0,0,3,0.0,0.0,0,Enzo,0.0,56,False,Season-long loan to Benfica,2025-07-22T13:50:13.193555Z,50,491287.jpg,0.0,False,Barrenechea,0.0,False,,u,2,7,0,0,0,36,0,0.0,0.0,Barrenechea,,,,,False,p491287,0,0,0,0,0,0,0,0,0,0,0,0,0,0.0,0.0,0.0,0.0,0,0,0,0,0,0.00,0.00,0.00,0.00,,,,,,,[],,809,358,809,359,804,357,809,358,0.0,0.0,0.0,0.0,0.0,0.0,266,161,772,334,810,359,837,377,0.0,0.0,0.0
True,False,0.0,0.0,461421,0,0,0,0,0,0,3,0.0,0.0,0,Lewis,0.0,57,False,Has joined Preston North End on loan for the rest of the season.,2025-08-26T13:44:19.058961Z,50,461421.jpg,0.0,False,Dobbin,0.0,False,,u,2,7,0,889,0,5455,0,0.0,0.0,Dobbin,,241.0,2024-06-23,2003-01-03,False,p461421,0,0,0,0,0,0,0,0,0,0,0,0,0,0.0,0.0,0.0,0.0,0,0,0,0,0,0.00,0.00,0.00,0.00,,,,,,,[],,805,355,805,356,800,354,805,355,0.0,0.0,0.0,0.0,0.0,0.0,262,158,768,331,806,356,674,270,0.0,0.0,0.0
True,True,0.0,0.0,226944,0,0,-1,1,0,0,3,0.0,0.0,0,Boubacar,0.0,58,False,Knee injury - Expected back 01 Jun,2026-05-08T15:30:09.019486Z,49,226944.jpg,3.4,False,Kamara,0.2,False,,i,2,7,61,111541,12,121367,48,0.0,12.4,Kamara,,73.0,2022-06-11,1999-11-23,False,p226944,1410,1,3,5,15,0,0,0,5,0,0,7,282,325.0,241.3,75.0,64.2,46,65,38,149,17,0.53,0.84,1.36,20.80,,,,,,,[],https://www.avfc.co.uk/news/2026/february/06/prematch-team-news-ahead-of-bournemouth/?utm_source=premier_league&utm_medium=referral&utm_campaign=fantasy&utm_content=injuries-flag,223,93,168,111,310,162,245,120,0.03,0.0,0.05,0.08,1.33,0.96,308,191,742,313,136,60,404,139,1.09,0.32,9.51
True,True,0.0,0.0,449871,0,0,-2,2,0,0,3,0.0,0.0,0,Amadou,0.0,59,False,Calf injury - Unknown return date,2026-04-26T22:30:07.719459Z,48,449871.jpg,3.1,False,Onana,0.6,False,,i,2,7,75,168124,13,294357,452,0.0,15.6,Onana,,21.0,2024-07-22,2001-08-16,False,p449871,1738,2,0,6,26,0,0,0,3,0,0,4,348,409.6,151.1,178.0,73.9,98,72,47,217,21,1.68,0.69,2.37,28.40,,,,,,,[],https://www.avfc.co.uk/news/2026/may/14/prematch-team-news-for-liverpool-clash/?utm_source=premier_league&utm_medium=referral&utm_campaign=fantasy&utm_content=injuries-flag,169,62,241,153,207,110,218,103,0.09,0.0,0.04,0.13,1.47,1.35,362,225,728,303,180,69,244,86,1.09,0.31,11.24
True,False,0.0,0.0,577731,0,0,-1,1,0,0,3,0.0,0.0,0,Ben,0.0,60,False,has joined Falkirk on loan for the rest of the season.,2026-02-06T22:47:15.874946Z,44,577731.jpg,0.0,False,Broggio,0.2,False,,u,2,7,0,38290,0,52720,37,0.0,0.0,Broggio,,241.0,2024-09-23,2007-01-29,False,p577731,0,0,0,0,0,0,0,0,0,0,0,0,0,0.0,0.0,0.0,0.0,0,0,0,0,0,0.00,0.00,0.00,0.00,,,,,,,[],,690,264,687,268,668,260,692,266,0.0,0.0,0.0,0.0,0.0,0.0,573,347,606,211,697,270,359,121,0.0,0.0,0.0
True,False,0.0,0.0,151589,0,0,0,0,0,0,3,0.0,0.0,0,Leander,0.0,61,False,Has joined Real Oviedo permanently.,2025-08-20T13:31:56.822248Z,45,151589.jpg,0.0,False,Dendoncker,0.1,False,,u,2,7,0,2169,0,33830,6,0.0,0.0,Dendoncker,,21.0,2022-09-01,1995-04-15,False,p151589,0,0,0,0,0,0,0,0,0,0,0,0,0,0.0,0.0,0.0,0.0,0,0,0,0,0,0.00,0.00,0.00,0.00,,,,,,,[],,697,267,694,271,675,263,699,269,0.0,0.0,0.0,0.0,0.0,0.0,414,250,616,216,704,273,542,200,0.0,0.0,0.0
True,False,0.0,0.0,559962,0,0,0,0,0,0,3,0.0,0.0,0,Jamaldeen,0.0,62,False,has joined West Brom on loan for the rest of the season.,2026-02-06T22:47:15.891521Z,45,559962.jpg,1.0,False,Jimoh-Aloba,0.1,False,,u,2,7,1,8790,0,11021,7,0.0,0.2,Jimoh-Aloba,,241.0,2024-09-23,2006-10-02,False,p559962,8,0,0,0,0,0,0,0,0,0,0,0,3,0.2,0.3,0.0,0.1,0,1,0,1,0,0.00,0.00,0.00,0.61,,,,,,,[],,519,236,494,240,716,297,522,238,0.0,0.0,0.0,0.0,6.86,0.0,471,287,660,251,491,220,572,214,0.0,0.0,11.25
True,False,0.0,0.0,537403,0,0,-2,2,0,0,3,0.0,0.0,0,Kadan,0.0,63,False,has joined Reading on loan for the rest of the season.,2026-02-06T22:47:15.909676Z,43,537403.jpg,0.0,False,Young,0.5,False,,u,2,7,0,102090,0,135417,183,0.0,0.0,Young,,241.0,2022-12-10,2006-01-19,False,p537403,0,0,0,0,0,0,0,0,0,0,0,0,0,0.0,0.0,0.0,0.0,0,0,0,0,0,0.00,0.00,0.00,0.00,,,,,,,[],,657,241,655,247,632,236,659,243,0.0,0.0,0.0,0.0,0.0,0.0,613,363,565,185,668,251,275,93,0.0,0.0,0.0
True,True,100.0,100.0,178301,0,0,-3,3,0,4,4,6.3,6.3,15,Ollie,6.8,64,False,,2026-01-29T23:00:09.533353Z,87,178301.jpg,4.3,False,Watkins,13.4,False,,a,2,7,154,3677730,25726,5020070,22717,0.8,17.7,Watkins,,241.0,2020-09-09,1995-12-30,False,p178301,2743,14,4,9,37,0,0,0,4,0,0,23,560,646.8,328.4,1119.0,208.9,22,49,21,92,32,14.16,1.17,15.33,42.05,,,,,3.0,,[],,61,5,120,7,3,3,16,5,0.46,0.0,0.04,0.5,1.38,1.21,9,5,7,1,44,6,25,6,1.05,0.3,3.02
True,False,0.0,0.0,576756,0,0,0,0,0,0,4,0.0,0.0,0,Zépiqueno,0.0,65,False,has joined Huddersfield Town on loan for the rest of the season.,2025-09-02T13:26:36.441136Z,45,576756.jpg,0.0,False,Redmond,0.3,False,,u,2,7,0,17574,0,85453,14,0.0,0.0,Redmond,,,,,False,p576756,0,0,0,0,0,0,0,0,0,0,0,0,0,0.0,0.0,0.0,0.0,0,0,0,0,0,0.00,0.00,0.00,0.00,,,,,,,[],,746,79,742,78,728,78,747,79,0.0,0.0,0.0,0.0,0.0,0.0,485,68,674,72,750,80,332,54,0.0,0.0,0.0
True,True,100.0,0.0,444884,0,0,-4,4,0,0,3,-0.5,0.0,0,Harvey,0.0,389,False,,2026-05-09T21:00:09.892280Z,51,444884.jpg,1.0,False,Elliott,0.2,False,,a,2,7,5,94898,35,104320,30,0.0,1.0,Elliott,,241.0,2025-09-01,2003-04-04,False,p444884,110,0,0,0,2,0,0,0,0,0,0,0,17,11.8,31.7,31.0,7.4,2,4,0,6,1,0.29,0.08,0.37,1.74,,,,,,,[],,470,207,395,198,372,190,448,200,0.24,0.0,0.07,0.31,1.42,1.64,233,142,784,344,512,236,407,141,0.82,0.0,4.91
True,True,100.0,100.0,209243,0,0,-2,2,0,0,3,0.5,0.5,1,Jadon,1.0,456,False,,2026-03-27T21:00:10.454595Z,58,209243.jpg,1.6,False,Sancho,0.2,False,,a,2,7,37,53194,75,56348,100,0.2,6.4,Sancho,,241.0,2025-09-01,2000-03-25,False,p209243,863,0,2,2,10,0,0,0,0,0,0,0,141,130.2,290.6,193.0,61.6,11,26,7,44,9,0.61,1.87,2.48,14.11,6.0,,,,,,[],,358,162,145,99,185,99,259,128,0.06,0.0,0.2,0.26,1.47,1.04,107,69,281,119,412,177,365,124,0.94,0.21,4.59
True,True,,,481283,0,0,-1,1,0,0,1,-0.5,-0.5,0,James,0.0,688,False,,,39,481283.jpg,0.0,False,Wright,0.6,False,,a,2,7,0,62485,38,48609,130,0.0,0.0,Wright,,241.0,2023-03-31,2004-12-02,False,p481283,0,0,0,0,0,0,0,0,0,0,0,0,0,0.0,0.0,0.0,0.0,0,0,0,0,0,0.00,0.00,0.00,0.00,,,,,,,[],,558,56,546,39,514,25,561,56,0.0,0.0,0.0,0.0,0.0,0.0,781,85,437,43,570,56,252,34,0.0,0.0,0.0
True,True,100.0,100.0,230046,0,0,-1,1,0,0,3,0.0,0.0,1,Douglas Luiz,0.5,699,False,,2025-11-01T18:30:08.443766Z,49,230046.jpg,1.6,False,Soares de Paulo,0.1,False,,a,2,7,33,29186,44,25660,97,0.1,6.7,Douglas Luiz,Douglas Luiz,30.0,2026-01-28,1998-05-09,False,p230046,841,1,1,1,14,0,0,0,3,0,0,0,202,184.2,292.8,94.0,57.2,26,49,21,96,11,0.53,1.40,1.93,12.02,1.0,,,,,,[],,313,135,143,97,292,155,275,138,0.06,0.0,0.15,0.21,1.29,1.5,310,192,328,142,408,174,526,192,1.18,0.11,10.27
True,False,0.0,0.0,569577,0,0,0,0,0,0,2,0.0,0.0,0,Triston,0.0,701,False,has joined Annecy on loan for the rest of the season.,2025-09-22T21:15:59.825051Z,40,569577.jpg,0.0,False,Rowe,0.1,False,,u,2,7,0,8943,0,10845,3,0.0,0.0,Rowe,,241.0,2024-09-23,2006-10-02,False,p569577,0,0,0,0,0,0,0,0,0,0,0,0,0,0.0,0.0,0.0,0.0,0,0,0,0,0,0.00,0.00,0.00,0.00,,,,,,,[],,619,233,613,233,583,230,622,234,0.0,0.0,0.0,0.0,0.0,0.0,731,193,507,200,630,233,543,192,0.0,0.0,0.0
True,True,,,645618,0,0,-2,2,0,0,3,-0.5,-0.5,0,Bradley,0.0,702,False,,,43,645618.jpg,1.0,False,Burrowes,0.1,False,,a,2,7,1,18935,708,11568,238,0.0,0.2,Burrowes,,241.0,2025-01-09,2008-03-04,False,p645618,16,0,0,0,1,0,0,0,0,0,0,0,3,0.0,0.3,0.0,0.0,0,1,0,1,0,0.00,0.00,0.00,0.90,,,,,,,[],,668,251,493,239,643,246,670,253,0.0,0.0,0.0,0.0,5.06,5.62,629,377,579,197,481,210,448,153,0.0,0.0,5.62
True,True,,,564505,0,0,-1,1,0,0,1,-0.5,-0.5,0,Sam,0.0,703,False,,,39,564505.jpg,0.0,False,Proctor,0.6,False,,a,2,7,0,95241,50,51622,288,0.0,0.0,Proctor,,241.0,2023-12-16,2006-12-21,False,p564505,0,0,0,0,0,0,0,0,0,0,0,0,0,0.0,0.0,0.0,0.0,0,0,0,0,0,0.00,0.00,0.00,0.00,,,,,,,[],,567,62,556,46,524,32,570,62,0.0,0.0,0.0,0.0,0.0,0.0,792,92,447,49,579,62,251,33,0.0,0.0,0.0
True,True,,,534836,0,0,-1,1,0,0,2,-0.5,-0.5,0,Travis,0.0,710,False,,,39,534836.jpg,0.0,False,Patterson,0.2,False,,a,2,7,0,33955,24,24321,50,0.0,0.0,Patterson,,241.0,2025-08-30,2005-10-06,False,p534836,0,0,0,0,0,0,0,0,0,0,0,0,0,0.0,0.0,0.0,0.0,0,0,0,0,0,0.00,0.00,0.00,0.00,,,,,,,[],,564,206,553,206,521,201,567,207,0.0,0.0,0.0,0.0,0.0,0.0,789,228,444,168,576,207,383,139,0.0,0.0,0.0
True,True,100.0,100.0,184667,0,0,0,0,0,0,2,0.3,0.3,1,Victor,0.8,719,False,,2025-09-18T04:00:08.433120Z,45,184667.jpg,1.7,False,Lindelöf,0.1,False,,a,2,7,27,22630,61,16466,53,0.2,6.0,Lindelöf,,206.0,2025-09-01,1994-07-17,False,p184667,870,0,1,1,14,0,0,0,0,0,0,0,113,157.8,35.7,22.0,21.6,43,16,6,49,10,0.28,0.10,0.38,14.71,,,,,,,[],,337,125,387,139,391,138,388,135,0.03,0.0,0.01,0.04,1.52,1.45,418,78,295,112,393,145,485,175,1.03,0.1,5.07
True,True,,,577285,0,0,0,0,0,0,3,-0.5,-0.5,0,George,0.0,754,False,,,45,577285.jpg,1.0,False,Hemmings,0.0,False,,a,2,7,2,1393,17,894,5,0.0,0.4,George Hemmings,,241.0,2025-08-05,2007-03-04,False,p577285,25,0,0,0,0,0,0,0,0,0,0,0,5,0.0,1.7,2.0,0.3,0,1,0,1,0,0.04,0.01,0.05,0.61,,,,,,,[],,747,309,475,228,456,225,513,234,0.14,0.0,0.04,0.18,2.2,0.0,486,298,675,262,495,223,747,316,0.0,0.0,3.6
True,True,,,516875,0,0,0,0,0,0,1,-0.5,-0.5,0,Ronnie,0.0,757,False,,,40,516875.jpg,0.0,False,Hollingshead,0.0,False,,a,2,7,0,1514,13,1112,9,0.0,0.0,Hollingshead,,244.0,2025-12-02,2004-09-09,False,p516875,0,0,0,0,0,0,0,0,0,0,0,0,0,0.0,0.0,0.0,0.0,0,0,0,0,0,0.00,0.00,0.00,0.00,,,,,,,[],,609,84,603,73,572,59,612,84,0.0,0.0,0.0,0.0,0.0,0.0,720,63,496,74,620,84,703,83,0.0,0.0,0.0
True,True,,,664015,0,0,0,0,0,0,2,-0.5,-0.5,0,Leon,0.0,768,False,,,40,664015.jpg,0.0,False,Routh,0.0,False,,a,2,7,0,828,8,799,8,0.0,0.0,Leon Routh,,241.0,2025-12-20,2007-11-30,False,p664015,0,0,0,0,0,0,0,0,0,0,0,0,0,0.0,0.0,0.0,0.0,0,0,0,0,0,0.00,0.00,0.00,0.00,,,,,,,[],,639,251,633,251,604,249,642,252,0.0,0.0,0.0,0.0,0.0,0.0,755,215,530,221,650,251,685,243,0.0,0.0,0.0
True,True,,,618027,0,0,0,0,0,0,2,-0.5,-0.5,0,TJ,0.0,781,False,,,40,618027.jpg,0.0,False,Carroll,0.0,False,,a,2,7,0,1017,12,705,8,0.0,0.0,Carroll,,241.0,2026-01-02,2007-03-22,False,p618027,0,0,0,0,0,0,0,0,0,0,0,0,0,0.0,0.0,0.0,0.0,0,0,0,0,0,0.00,0.00,0.00,0.00,,,,,,,[],,632,245,626,245,596,242,635,246,0.0,0.0,0.0,0.0,0.0,0.0,746,207,522,214,643,245,694,247,0.0,0.0,0.0
True,True,0.0,0.0,653481,0,0,0,0,0,0,3,0.0,0.0,0,Alysson Edward Franco,0.0,792,False,Muscle injury - Unknown return date,2026-05-14T16:30:10.342832Z,50,653481.jpg,1.0,False,da Rocha dos Santos,0.0,False,,i,2,7,3,418,4,306,15,0.0,0.6,Alysson,Alysson Edward,30.0,2026-01-01,2006-05-05,False,p653481,47,0,0,0,2,0,0,0,0,0,0,0,11,3.2,3.5,10.0,1.5,1,3,0,4,0,0.05,0.05,0.10,1.87,,,,,,,[],https://www.avfc.co.uk/news/2026/may/14/prematch-team-news-for-liverpool-clash/?utm_source=premier_league&utm_medium=referral&utm_campaign=fantasy&utm_content=injuries-flag,498,226,464,222,425,207,490,223,0.1,0.0,0.1,0.2,3.58,3.83,281,173,780,340,509,233,784,340,0.0,0.0,7.66
True,True,,,173879,0,0,-3,3,0,0,4,0.0,0.0,0,Tammy,0.5,808,False,,,57,173879.jpg,1.9,False,Abraham,0.2,False,,a,2,7,23,92435,100,74948,551,0.1,4.0,Abraham,,241.0,2026-01-27,1997-10-02,False,p173879,278,2,0,0,8,0,0,0,0,0,0,2,93,87.2,49.2,136.0,27.1,3,6,4,13,2,2.05,0.36,2.41,5.12,,,,,,,[],,398,46,364,46,241,47,375,47,0.66,0.0,0.12,0.78,1.66,2.59,112,32,340,47,364,41,405,60,0.65,0.0,4.21
True,True,,,518030,0,0,-3,3,0,0,1,1.0,-0.5,2,Max,1.0,183,False,,,42,518030.jpg,2.0,False,Weiß,0.1,False,,a,3,90,4,9681,756,18531,45,0.2,1.0,Weiss,,80.0,2025-06-25,2004-06-15,False,p518030,180,0,0,0,3,0,0,0,0,0,7,0,22,48.8,0.0,0.0,4.9,4,13,0,0,2,0.00,0.00,0.00,2.47,,,,,,,[],,428,36,643,85,618,74,462,36,0.0,3.5,0.0,0.0,1.24,1.5,650,35,265,21,343,34,447,65,1.0,0.0,0.0
True,False,0.0,0.0,489571,0,0,0,0,0,0,1,0.0,0.0,0,Etienne,0.0,184,False,has joined FC Fredericia permanently.,2025-09-02T12:51:25.510909Z,40,489571.jpg,0.0,False,Green,0.2,False,,u,3,90,0,4943,0,34712,25,0.0,0.0,Green,,241.0,2024-08-07,2000-07-19,False,p489571,0,0,0,0,0,0,0,0,0,0,0,0,0,0.0,0.0,0.0,0.0,0,0,0,0,0,0.00,0.00,0.00,0.00,,,,,,,[],,598,79,591,67,560,53,601,79,0.0,0.0,0.0,0.0,0.0,0.0,704,57,484,68,610,79,417,58,0.0,0.0,0.0
True,True,,,51943,0,0,-1,1,0,0,1,0.0,-1.5,0,Václav,0.0,185,False,,,39,51943.jpg,0.0,False,Hladký,0.1,False,,a,3,90,0,15692,23,22557,32,0.0,0.0,Hladký,,57.0,2024-07-19,1990-11-14,False,p51943,0,0,0,0,0,0,0,0,0,0,0,0,0,0.0,0.0,0.0,0.0,0,0,0,0,0,0.00,0.00,0.00,0.00,,,,,,,[],,542,43,527,23,495,9,545,43,0.0,0.0,0.0,0.0,0.0,0.0,757,69,419,29,554,43,422,59,0.0,0.0,0.0
True,True,0.0,0.0,192290,0,0,-2,2,0,0,2,0.0,0.0,0,Connor,0.0,186,False,Achilles injury - Unknown return date,2025-08-22T12:30:06.986449Z,43,192290.jpg,0.0,False,Roberts,0.0,False,,i,3,90,0,1860,9,9453,4,0.0,0.0,Roberts,,244.0,2021-08-31,1995-09-23,False,p192290,0,0,0,0,0,0,0,0,0,0,0,0,0,0.0,0.0,0.0,0.0,0,0,0,0,0,0.00,0.00,0.00,0.00,,,,,,,[],https://x.com/BurnleyOfficial/status/2024485114776801779?utm_source=premier_league&utm_medium=referral&utm_campaign=fantasy&utm_content=injuries-flag,652,256,649,256,624,255,654,256,0.0,0.0,0.0,0.0,0.0,0.0,588,127,553,233,663,256,657,233,0.0,0.0,0.0
True,True,100.0,100.0,58621,0,0,-1,1,0,1,2,1.5,0.0,2,Kyle,1.5,187,False,,2025-12-06T20:00:09.097987Z,44,58621.jpg,1.9,False,Walker,1.1,False,,a,3,90,68,162777,1796,276574,215,0.3,15.5,Walker,,241.0,2025-07-05,1990-05-28,False,p58621,3005,0,2,4,65,0,0,0,9,0,0,3,231,493.0,222.3,26.0,74.4,154,148,55,209,34,0.15,1.24,1.39,65.18,,,,,,,[],,130,58,177,46,383,134,215,76,0.0,0.0,0.04,0.04,1.95,1.95,528,99,222,81,354,131,192,74,1.02,0.12,6.26
True,False,0.0,0.0,247245,0,0,-2,2,0,0,2,0.0,0.0,0,Hannes,0.0,188,False,has joined Lugano permanently.,2026-01-07T10:23:30.095250Z,38,247245.jpg,0.0,False,Delcroix,0.2,False,,u,3,90,0,26052,0,43878,49,0.0,0.0,Delcroix,,92.0,2023-08-22,1999-02-28,False,p247245,0,0,0,0,0,0,0,0,0,0,0,0,0,0.0,0.0,0.0,0.0,0,0,0,0,0,0.00,0.00,0.00,0.00,,,,,,,[],,529,189,512,188,479,182,532,190,0.0,0.0,0.0,0.0,0.0,0.0,807,240,402,146,541,190,390,143,0.0,0.0,0.0
True,False,0.0,0.0,461567,0,0,0,0,0,0,2,0.0,0.0,0,Owen,0.0,189,False,Has joined Stockport County on loan for the rest of the season.,2025-08-11T01:08:30.737822Z,40,461567.jpg,0.0,False,Dodgson,0.0,False,,u,3,90,0,0,0,2397,1,0.0,0.0,Dodgson,,241.0,2021-08-20,2003-03-19,False,p461567,0,0,0,0,0,0,0,0,0,0,0,0,0,0.0,0.0,0.0,0.0,0,0,0,0,0,0.00,0.00,0.00,0.00,,,,,,,[],,591,219,584,219,553,215,594,220,0.0,0.0,0.0,0.0,0.0,0.0,696,174,477,185,603,220,737,254,0.0,0.0,0.0
True,True,,,478969,0,0,-2,2,0,0,2,1.8,0.3,0,Hjalmar,1.8,190,False,,,38,478969.jpg,2.7,False,Ekdal,0.7,False,,a,3,90,52,254314,194,219918,233,0.5,13.7,Ekdal,,206.0,2023-01-21,1998-10-21,False,p478969,1539,0,0,2,34,0,0,0,0,0,0,2,159,372.0,55.8,88.0,51.7,150,49,24,174,17,0.25,0.32,0.57,31.03,,,,,,,[],,191,77,354,124,297,89,290,92,0.01,0.0,0.02,0.03,1.81,1.99,814,247,196,71,232,92,233,89,0.99,0.12,10.18
True,True,100.0,100.0,477717,-1,1,-2,2,0,0,2,3.0,1.5,2,Maxime,3.0,191,False,,2026-01-15T19:30:09.554033Z,38,477717.jpg,2.5,False,Estève,6.8,False,,a,3,90,85,818604,4778,2115816,1202,0.8,22.4,Estève,,73.0,2024-06-14,2002-05-26,False,p477717,2933,0,0,3,70,2,0,0,1,0,0,0,264,745.0,92.5,97.0,93.6,290,114,44,334,34,0.73,0.59,1.32,66.78,,,,,,,[],,42,17,305,99,283,82,160,53,0.02,0.0,0.02,0.04,2.05,2.15,813,246,114,38,264,101,61,20,1.04,0.09,10.25
True,True,,,494960,0,0,0,0,0,0,2,1.2,-0.3,0,Quilindschy,1.2,192,False,,,40,494960.jpg,3.0,False,Hartman,0.6,False,,a,3,90,63,191724,373,193750,250,0.3,15.8,Hartman,,152.0,2025-06-26,2001-11-14,False,p494960,1825,0,6,3,40,0,0,0,1,0,0,0,228,422.2,288.8,83.0,79.5,101,69,52,153,21,0.32,1.98,2.30,42.91,,,,,,,[],,162,68,146,37,302,92,198,69,0.02,0.0,0.1,0.12,2.12,1.97,709,180,243,89,193,77,253,94,1.04,0.15,7.55
True,True,100.0,100.0,461188,0,0,-1,1,0,0,2,0.8,-0.7,1,Bashir,0.8,193,False,,2025-12-05T17:00:09.488823Z,39,461188.jpg,2.4,False,Humphreys,0.1,False,,a,3,90,45,22507,81,20358,73,0.2,11.5,Humphreys,,241.0,2025-07-01,2003-03-15,False,p461188,1484,0,2,2,32,0,0,0,6,0,0,1,200,360.4,132.5,99.0,59.0,111,64,27,138,16,0.42,0.67,1.09,33.23,,,,,,,[],,199,83,263,72,279,80,262,86,0.03,0.0,0.04,0.07,2.02,1.94,777,223,285,106,284,109,454,171,0.97,0.12,8.37
True,True,0.0,0.0,241231,0,0,-1,1,0,0,2,0.0,0.0,0,Jordan,0.0,194,False,Hamstring injury - Unknown return date,2025-08-22T12:30:07.019474Z,39,241231.jpg,0.0,False,Beyer,0.1,False,,i,3,90,0,2292,15,15940,14,0.0,0.0,Jordan,,80.0,2023-07-01,2000-05-19,False,p241231,0,0,0,0,0,0,0,0,0,0,0,0,0,0.0,0.0,0.0,0.0,0,0,0,0,0,0.00,0.00,0.00,0.00,,,,,,,[],,552,201,540,201,508,196,555,202,0.0,0.0,0.0,0.0,0.0,0.0,773,220,431,162,564,202,569,203,0.0,0.0,0.0
True,True,100.0,100.0,549329,0,0,-2,2,0,0,2,0.8,-0.7,1,Lucas,0.8,195,False,,2025-12-06T20:30:09.199109Z,38,549329.jpg,1.2,False,Pires Silva,0.3,False,,a,3,90,23,49591,108,44356,126,0.2,6.1,Lucas Pires,Lucas Pires,30.0,2024-07-16,2001-03-24,False,p549329,1315,0,0,1,29,0,0,0,1,1,0,0,110,222.2,264.0,66.0,55.0,62,81,28,90,14,0.33,1.41,1.74,25.84,,,,,,,[],,287,113,161,42,325,106,281,88,0.02,0.0,0.1,0.12,1.77,1.98,825,257,284,105,449,161,350,127,0.96,0.07,6.16
True,False,0.0,0.0,450072,0,0,0,0,0,0,2,0.0,0.0,0,Shurandy,0.0,196,False,has joined Sparta Rotterdam on loan for the rest of the season.,2025-08-19T13:36:42.853472Z,40,450072.jpg,0.0,False,Sambo,0.0,False,,u,3,90,0,202,0,9733,2,0.0,0.0,Sambo,,152.0,2024-06-28,2001-08-19,False,p450072,0,0,0,0,0,0,0,0,0,0,0,0,0,0.0,0.0,0.0,0.0,0,0,0,0,0,0.00,0.00,0.00,0.00,,,,,,,[],,590,218,583,218,552,214,593,219,0.0,0.0,0.0,0.0,0.0,0.0,694,172,475,183,602,219,621,221,0.0,0.0,0.0
True,False,0.0,0.0,519895,0,0,-2,2,0,0,2,0.0,0.0,0,Oliver,0.0,197,False,has joined Sparta Prague on loan for the rest of the season.,2026-02-02T13:40:27.470555Z,38,519895.jpg,1.9,False,Sonne,0.2,False,,u,3,90,13,34622,0,37366,67,0.0,3.4,Sonne,,169.0,2025-01-01,2000-11-10,False,p519895,164,1,0,0,4,0,0,0,0,0,0,0,20,44.8,18.1,30.0,9.2,5,4,2,7,1,0.55,0.08,0.63,3.79,,,,,,,[],,430,159,413,151,373,126,434,158,0.3,0.0,0.04,0.34,2.08,2.2,820,252,411,154,352,129,409,151,0.55,0.0,3.84
True,True,100.0,100.0,180804,0,0,-1,1,0,0,2,1.2,-0.3,2,Axel,1.2,198,False,,2026-02-10T15:00:10.247449Z,39,180804.jpg,2.5,False,Tuanzebe,0.9,False,,a,3,90,32,138763,228,303520,131,0.3,8.2,Tuanzebe,,50.0,2025-07-01,1997-11-14,False,p180804,1111,1,0,1,25,1,0,0,1,0,0,0,91,254.6,10.3,52.0,31.9,99,33,13,112,13,0.61,0.11,0.72,27.35,,,,,,,[],,271,107,433,157,342,113,359,120,0.05,0.0,0.01,0.06,2.22,2.03,768,218,242,88,265,102,213,83,1.05,0.08,9.07
True,True,100.0,100.0,208912,0,0,-2,2,0,0,2,0.0,-1.5,0,Joe,0.0,199,False,,2026-01-22T20:00:06.979570Z,38,208912.jpg,1.8,False,Worrall,0.2,False,,a,3,90,20,31729,32,30801,95,0.0,5.3,Worrall,,241.0,2024-08-23,1997-01-10,False,p208912,496,0,0,0,11,0,0,0,0,0,0,0,40,147.4,1.5,19.0,17.0,72,10,4,76,5,0.08,0.02,0.10,11.68,,,,,,,[],,345,131,476,172,399,144,400,142,0.01,0.0,0.0,0.01,2.12,2.0,804,237,400,144,368,135,387,142,0.91,0.0,13.79
True,True,100.0,100.0,444180,0,0,-5,5,0,2,3,4.0,2.5,2,Jaidon,4.0,200,False,,2025-10-07T11:30:07.662899Z,50,444180.jpg,3.5,False,Anthony,1.9,False,,a,3,90,125,1301126,8274,1158396,658,0.8,25.0,Anthony,,241.0,2025-07-01,1999-12-01,False,p444180,2633,8,4,4,58,0,0,0,4,0,0,6,502,576.4,524.0,600.0,170.0,48,137,42,227,31,5.07,2.79,7.86,56.95,2.0,,,,,,[],,85,27,51,45,31,15,35,27,0.17,0.0,0.1,0.27,1.95,1.98,261,157,62,28,117,49,141,46,1.06,0.14,7.76
True,False,0.0,0.0,183751,0,0,-1,1,0,0,3,0.0,0.0,0,Manuel,0.0,201,False,has joined Maccabi Haifa permanently.,2025-09-22T21:45:34.872207Z,54,183751.jpg,0.0,False,Benson Hedilazio,0.0,False,,u,3,90,0,1070,0,3162,0,0.0,0.0,Benson,,6.0,2022-08-04,1997-03-28,False,p183751,0,0,0,0,0,0,0,0,0,0,0,0,0,0.0,0.0,0.0,0.0,0,0,0,0,0,0.00,0.00,0.00,0.00,,,,,,,[],,818,364,819,365,817,364,818,364,0.0,0.0,0.0,0.0,0.0,0.0,156,96,799,353,819,365,721,298,0.0,0.0,0.0
True,True,100.0,100.0,179458,0,0,-3,3,0,0,3,0.5,-1.0,1,Jacob,0.5,202,False,,2025-09-14T22:00:08.065375Z,52,179458.jpg,1.5,False,Bruun Larsen,0.0,False,,a,3,90,40,6663,32,9288,18,0.1,7.7,Bruun Larsen,,58.0,2025-07-11,1998-09-19,False,p179458,1009,0,1,3,29,0,0,0,0,0,0,0,119,119.0,208.6,134.0,46.2,20,31,12,63,10,1.35,1.14,2.49,23.18,,,2.0,,3.0,,[],,371,167,192,127,243,134,315,153,0.12,0.0,0.1,0.22,2.07,2.59,204,126,334,146,419,181,626,239,0.89,0.27,5.62
True,True,,,578614,0,0,-3,3,0,0,3,0.0,-1.5,0,Enock,0.0,203,False,,,47,578614.jpg,0.0,False,Agyei,0.0,False,,a,3,90,0,4839,26,7835,22,0.0,0.0,Boateng,,21.0,2023-01-30,2005-01-13,False,p578614,0,0,0,0,0,0,0,0,0,0,0,0,0,0.0,0.0,0.0,0.0,0,0,0,0,0,0.00,0.00,0.00,0.00,,,,,,,[],,783,339,780,340,771,337,783,339,0.0,0.0,0.0,0.0,0.0,0.0,394,245,720,298,784,340,592,222,0.0,0.0,0.0
True,False,0.0,0.0,250735,0,0,-1,1,0,0,3,0.0,0.0,0,Darko,0.0,204,False,has joined Kocaelispor  permanently.,2025-09-02T12:51:25.524903Z,49,250735.jpg,0.0,False,Churlinov,0.0,False,,u,3,90,0,160,0,2094,1,0.0,0.0,Churlinov,,,2022-08-19,2000-07-11,False,p250735,0,0,0,0,0,0,0,0,0,0,0,0,0,0.0,0.0,0.0,0.0,0,0,0,0,0,0.00,0.00,0.00,0.00,,,,,,,[],,791,344,788,345,784,343,791,344,0.0,0.0,0.0,0.0,0.0,0.0,314,195,745,316,792,345,736,308,0.0,0.0,0.0
True,True,0.0,0.0,172567,0,0,-1,1,0,1,3,0.0,0.0,0,Josh,0.0,205,False,Knee injury - Expected back 30 Sep,2025-12-27T22:00:11.404644Z,49,172567.jpg,3.9,False,Cullen,0.8,False,,i,3,90,70,568807,4,545770,122,0.0,14.3,Cullen,,104.0,2022-07-12,1996-04-07,False,p172567,1513,2,2,3,29,1,0,0,2,0,0,8,321,342.0,218.1,98.0,66.0,68,73,32,173,18,0.94,1.36,2.30,32.50,,,,,,,[],https://burnleyfootballclub.com/content/parkers-points-post-everton-h?utm_source=premier_league&utm_medium=referral&utm_campaign=fantasy&utm_content=injuries-flag,210,83,179,117,281,153,242,117,0.06,0.0,0.08,0.14,1.93,1.73,293,181,737,311,70,32,223,78,1.07,0.18,10.29
True,True,100.0,100.0,174592,0,0,-3,3,0,0,3,0.2,-1.3,0,Marcus,0.2,206,False,,2026-03-12T16:30:09.774276Z,47,174592.jpg,2.3,False,Edwards,0.1,False,,a,3,90,50,26985,36,29103,71,0.0,10.6,Edwards,,241.0,2025-07-01,1998-12-03,False,p174592,1043,1,3,1,18,0,0,0,0,0,0,2,180,173.6,255.7,218.0,64.6,6,49,11,66,11,1.48,1.70,3.18,24.12,,,3.0,,,,[],,324,143,163,107,163,89,244,119,0.13,0.0,0.15,0.28,2.08,1.55,380,237,369,165,304,128,503,184,0.95,0.09,5.7
True,True,100.0,75.0,465527,0,0,-3,3,0,0,3,1.5,0.0,1,Hannibal,1.5,207,False,,2026-05-14T16:30:09.813490Z,47,465527.jpg,2.2,False,Mejbri,0.1,False,,a,3,90,58,30429,117,36539,86,0.3,12.3,Hannibal,,218.0,2024-08-28,2003-01-21,False,p465527,1154,1,5,2,26,0,0,0,9,0,0,4,246,237.6,297.7,107.0,64.1,16,62,28,106,14,0.77,1.78,2.54,26.41,,,,,,,[],,279,116,141,95,271,147,247,122,0.06,0.0,0.14,0.2,2.06,2.03,388,241,228,96,317,135,444,152,1.09,0.16,8.27
True,False,0.0,0.0,487702,0,0,0,0,0,0,3,0.0,0.0,0,Luca,0.0,208,False,has joined Paris FC on loan for the rest of the season.,2025-08-22T14:15:37.649817Z,50,487702.jpg,0.0,False,Koleosho,0.0,False,,u,3,90,0,68,0,3042,0,0.0,0.0,Koleosho,,106.0,2023-07-25,2004-09-15,False,p487702,0,0,0,0,0,0,0,0,0,0,0,0,0,0.0,0.0,0.0,0.0,0,0,0,0,0,0.00,0.00,0.00,0.00,,,,,,,[],,808,357,808,358,803,356,808,357,0.0,0.0,0.0,0.0,0.0,0.0,265,160,771,333,809,358,746,315,0.0,0.0,0.0
True,True,100.0,100.0,167887,0,0,-2,2,0,0,3,1.2,-0.3,1,Josh,1.2,209,False,,2026-03-21T19:00:09.962836Z,48,167887.jpg,1.7,False,Laurent,0.0,False,,a,3,90,56,6460,17,7445,14,0.3,11.7,Laurent,,241.0,2024-08-30,1995-05-06,False,p167887,1752,1,0,2,41,0,0,0,6,1,0,1,234,294.0,185.1,111.0,58.2,73,64,48,185,18,0.87,0.48,1.35,39.22,,,,,,,[],,241,102,211,139,267,146,265,131,0.04,0.0,0.02,0.06,2.01,2.11,347,218,253,106,397,170,628,241,0.92,0.1,9.5
True,True,,,469272,0,0,-2,2,0,0,3,3.5,2.0,2,Loum,3.5,210,False,,,48,469272.jpg,1.9,False,Tchaouna,0.0,False,,a,3,90,54,5490,151,6301,18,0.7,11.2,Tchaouna,,73.0,2025-07-02,2003-09-08,False,p469272,1185,2,1,2,23,0,0,0,2,0,0,0,195,170.2,216.8,165.0,55.5,13,36,18,67,13,1.25,0.87,2.12,23.16,,,4.0,,,,[],,327,146,182,120,218,117,279,142,0.09,0.0,0.07,0.16,1.76,1.75,364,227,89,42,356,152,624,238,0.99,0.15,5.09
True,False,0.0,0.0,447715,0,0,-1,1,0,0,3,0.0,0.0,0,Aaron,0.0,211,False,has joined Leicester City on loan for the rest of the season.,2025-09-02T12:51:25.540742Z,44,447715.jpg,0.0,False,Ramsey,1.4,False,,u,3,90,0,62789,0,934515,102,0.0,0.0,A.Ramsey,,241.0,2023-08-22,2003-01-21,False,p447715,0,0,0,0,0,0,0,0,0,0,0,0,0,0.0,0.0,0.0,0.0,0,0,0,0,0,0.00,0.00,0.00,0.00,,,,,,,[],,674,252,672,257,651,247,676,254,0.0,0.0,0.0,0.0,0.0,0.0,550,331,589,198,684,261,168,58,0.0,0.0,0.0
True,False,0.0,0.0,576323,0,0,0,0,0,0,3,0.0,0.0,0,Oluwaseun,0.0,212,False,Has joined Cercle Brugge on loan for the rest of the season.,2025-08-15T12:03:26.649417Z,45,576323.jpg,0.0,False,Adewumi,0.0,False,,u,3,90,0,0,0,2773,0,0.0,0.0,Adewumi,,14.0,2024-08-29,2005-02-23,False,p576323,0,0,0,0,0,0,0,0,0,0,0,0,0,0.0,0.0,0.0,0.0,0,0,0,0,0,0.00,0.00,0.00,0.00,,,,,,,[],,744,307,740,309,725,304,745,308,0.0,0.0,0.0,0.0,0.0,0.0,481,294,670,258,748,310,775,333,0.0,0.0,0.0
True,False,0.0,0.0,551206,0,0,0,0,0,0,3,0.0,0.0,0,Jaydon,0.0,213,False,has joined Derby County on loan for the rest of the season.,2026-01-30T16:34:44.759908Z,45,551206.jpg,1.0,False,Banel,0.0,False,,u,3,90,1,7482,0,9297,4,0.0,0.2,Banel,,152.0,2025-02-03,2004-10-19,False,p551206,9,0,0,0,0,0,0,0,0,0,0,0,2,0.0,0.5,0.0,0.0,0,0,0,0,0,0.00,0.00,0.00,0.05,,,,,,,[],,731,297,488,234,711,293,732,298,0.0,0.0,0.0,0.0,0.5,0.0,465,283,655,247,489,218,631,242,0.0,0.0,0.0
True,True,100.0,100.0,437748,0,0,-2,2,0,0,3,0.2,-1.3,0,Mike,0.2,214,False,,2026-03-12T16:30:09.782279Z,43,437748.jpg,1.0,False,Trésor Ndayishimiye,0.1,False,,a,3,90,6,19048,592,18116,144,0.0,1.4,Trésor,,21.0,2024-07-01,1999-05-28,False,p437748,37,0,0,0,2,0,0,0,0,0,0,0,18,7.2,15.2,2.0,2.4,0,4,1,5,0,0.00,0.00,0.00,1.65,,,,,,,[],,480,215,418,206,451,222,477,214,0.0,0.0,0.0,0.0,4.01,4.86,594,354,357,157,474,205,495,177,0.0,0.0,12.16
True,True,100.0,100.0,431639,0,0,-2,2,0,1,4,2.5,1.0,1,Zian,2.5,215,False,,2026-03-12T16:30:09.790733Z,53,431639.jpg,3.2,False,Flemming,0.4,False,,a,3,90,90,202442,7512,181753,477,0.5,17.0,Flemming,,152.0,2025-06-01,1998-08-01,False,p431639,1680,10,0,3,34,0,0,0,5,0,0,8,339,428.6,154.6,512.0,108.6,46,32,17,95,20,7.82,0.39,8.21,35.01,,,5.0,,1.0,,[],,158,17,238,28,47,19,115,19,0.42,0.0,0.02,0.44,1.88,1.82,188,43,158,21,166,15,286,46,1.07,0.16,5.09
True,True,100.0,100.0,492831,0,0,-2,2,0,0,4,0.8,-0.7,1,Zeki,0.8,216,False,,2025-08-10T22:00:04.567659Z,48,492831.jpg,1.0,False,Amdouni,0.0,False,,a,3,90,3,2732,40,6819,9,0.2,0.6,Amdouni,,207.0,2023-07-19,2000-12-04,False,p492831,45,0,0,0,0,0,0,0,0,0,0,0,10,2.6,2.2,16.0,2.0,0,1,0,1,0,0.24,0.01,0.25,0.32,,,,,,,[],,500,58,471,60,408,57,481,58,0.48,0.0,0.02,0.5,0.64,0.0,368,63,298,38,502,60,672,86,0.0,0.0,2.0
True,True,100.0,100.0,435973,0,0,-1,1,0,0,4,0.5,-1.0,0,Lyle,0.5,217,False,,2025-12-13T14:30:11.187944Z,49,435973.jpg,2.2,False,Foster,0.7,False,,a,3,90,58,457777,225,454906,199,0.1,11.8,Foster,,198.0,2023-01-25,2000-09-03,False,p435973,1361,3,2,4,30,0,0,0,4,0,0,4,202,219.0,147.0,262.0,62.1,27,42,16,85,15,3.22,0.37,3.59,27.91,,,,,,,[],,289,30,247,29,129,33,254,31,0.21,0.0,0.02,0.23,1.85,1.98,318,60,330,44,319,34,227,33,0.99,0.26,5.62
True,True,,,44699,0,0,-3,3,0,0,4,0.0,-1.5,0,Ashley,0.0,218,False,,,42,44699.jpg,1.0,False,Barnes,1.2,False,,a,3,90,5,238754,489,375899,577,0.0,1.2,Barnes,,241.0,2025-01-02,1989-10-30,False,p44699,35,0,0,0,3,0,0,0,1,0,0,0,10,0.2,0.6,9.0,1.0,0,2,0,2,0,0.11,0.00,0.11,2.07,,,,,2.0,,[],,518,63,484,61,427,58,497,59,0.28,0.0,0.0,0.28,5.32,7.71,630,88,536,54,472,56,179,28,0.0,0.0,5.14
True,False,0.0,0.0,220598,0,0,-1,1,0,0,4,0.0,0.0,0,Michael,0.0,219,False,has joined Blackpool on loan for the rest of the season.,2025-09-02T12:51:25.555230Z,44,220598.jpg,0.0,False,Obafemi,0.1,False,,u,3,90,0,4151,0,40831,6,0.0,0.0,Obafemi,,104.0,2023-07-01,2000-07-06,False,p220598,0,0,0,0,0,0,0,0,0,0,0,0,0,0.0,0.0,0.0,0.0,0,0,0,0,0,0.00,0.00,0.00,0.00,,,,,,,[],,671,69,669,68,648,68,673,69,0.0,0.0,0.0,0.0,0.0,0.0,539,76,585,62,681,70,474,67,0.0,0.0,0.0
True,True,100.0,100.0,67089,0,0,0,0,0,2,1,1.5,0.0,0,Martin,1.5,470,False,,2025-08-11T10:30:07.723845Z,40,67089.jpg,2.7,False,Dúbravka,26.0,False,,a,3,90,96,1811252,4774,2341117,7924,0.4,24.0,Dúbravka,,194.0,2025-08-07,1989-01-15,False,p67089,3150,0,0,4,71,0,0,0,1,0,127,7,436,976.4,0.0,0.0,97.9,59,291,1,0,35,0.00,0.04,0.04,71.26,,,,,,,[],,6,1,565,51,534,37,143,1,0.0,3.63,0.0,0.0,2.04,2.03,673,41,221,16,233,25,10,2,1.0,0.11,0.0
True,True,100.0,100.0,101178,0,0,-4,4,0,0,3,2.0,0.5,1,James,2.0,614,False,,2026-02-06T15:00:09.506764Z,56,101178.jpg,2.3,False,Ward-Prowse,0.2,False,,a,3,90,39,25063,224,52721,90,0.4,7.0,Ward-Prowse,,241.0,2026-01-28,1994-11-01,False,p101178,1077,0,1,2,27,0,0,0,1,0,0,0,238,206.6,365.2,22.0,59.4,44,48,15,107,12,0.24,1.71,1.95,22.85,1.0,,1.0,,,,[],,299,126,103,74,393,197,261,129,0.02,0.0,0.14,0.16,1.91,2.26,122,76,190,81,309,133,381,132,1.0,0.17,8.94
True,True,100.0,100.0,503714,0,0,0,0,0,0,3,1.8,0.3,2,Lesley,1.8,676,False,,2025-09-14T22:00:08.706775Z,50,503714.jpg,2.8,False,Ugochukwu,0.1,False,,a,3,90,95,44720,182,42342,41,0.4,19.0,Ugochukwu,,73.0,2025-08-06,2004-03-26,False,p503714,2256,3,3,3,50,0,0,0,1,1,0,5,358,408.2,163.7,205.0,77.5,63,96,51,210,26,2.33,0.34,2.67,50.94,,,,,,,[],,171,63,228,147,174,93,205,96,0.09,0.0,0.01,0.1,2.03,1.99,271,165,205,86,226,86,487,173,1.04,0.12,8.38
True,True,100.0,100.0,440323,0,0,-3,3,0,0,4,0.5,-1.0,0,Armando,0.5,680,False,,2026-03-12T16:30:09.984210Z,52,440323.jpg,1.8,False,Broja,0.1,False,,a,3,90,43,48509,62,61768,46,0.1,8.3,Broja,,2.0,2025-08-08,2001-09-10,False,p440323,843,1,1,1,27,0,0,0,0,0,0,2,119,102.0,78.9,207.0,38.5,12,26,6,44,8,2.14,0.22,2.36,23.35,,,,,,,[],,385,45,328,41,171,40,336,40,0.23,0.0,0.02,0.25,2.49,2.88,212,47,335,45,383,42,426,62,0.85,0.11,4.7
True,True,,,216055,0,0,0,0,0,0,3,2.5,1.0,4,Florentino Ibrain,2.5,722,False,,,50,216055.jpg,2.7,False,Morris Luís,0.0,False,,a,3,90,80,15309,85,14085,18,0.5,16.0,Florentino,Florentino,173.0,2025-09-01,1999-08-19,False,p216055,2010,0,2,2,44,0,0,0,6,0,0,0,339,392.6,220.0,49.0,66.4,105,106,85,296,24,0.61,0.50,1.11,43.89,,,,,,,[],,183,70,178,116,345,178,241,116,0.03,0.0,0.02,0.05,1.97,1.97,251,150,153,68,240,93,620,237,1.07,0.09,13.25
True,True,,,647960,0,0,0,0,0,0,3,0.0,-1.5,0,Oliver,0.0,776,False,,,45,647960.jpg,0.0,False,Pimlott,0.0,False,,a,3,90,0,972,9,764,6,0.0,0.0,Pimlott,,241.0,2025-08-25,2007-04-07,False,p647960,0,0,0,0,0,0,0,0,0,0,0,0,0,0.0,0.0,0.0,0.0,0,0,0,0,0,0.00,0.00,0.00,0.00,,,,,,,[],,773,330,768,331,754,327,773,330,0.0,0.0,0.0,0.0,0.0,0.0,517,323,701,284,774,331,791,344,0.0,0.0,0.0
True,True,,,704232,0,0,0,0,0,0,3,0.0,-1.5,0,George,0.0,784,False,,,45,704232.jpg,0.0,False,Brierley,0.0,False,,a,3,90,0,572,5,453,3,0.0,0.0,Brierley,,241.0,2025-09-22,2007-11-20,False,p704232,0,0,0,0,0,0,0,0,0,0,0,0,0,0.0,0.0,0.0,0.0,0,0,0,0,0,0.00,0.00,0.00,0.00,,,,,,,[],,780,336,775,337,762,334,780,336,0.0,0.0,0.0,0.0,0.0,0.0,526,330,709,291,781,337,801,350,0.0,0.0,0.0
True,True,,,644593,0,0,0,0,0,0,3,0.0,-1.5,0,Kian,0.0,820,False,,,45,644593.jpg,0.0,False,McMahon-Brown,0.0,False,,a,3,90,0,237,10,120,1,0.0,0.0,McMahon-Brown,,104.0,2026-03-02,2008-08-03,False,p644593,0,0,0,0,0,0,0,0,0,0,0,0,0,0.0,0.0,0.0,0.0,0,0,0,0,0,0.00,0.00,0.00,0.00,,,,,,,[],,772,329,767,330,753,326,772,329,0.0,0.0,0.0,0.0,0.0,0.0,516,322,700,283,773,330,814,359,0.0,0.0,0.0
True,False,0.0,0.0,69752,0,0,0,0,0,0,1,0.0,0.0,0,Norberto,0.0,66,False,Has joined Botafogo permanently.,2025-08-11T01:25:12.553868Z,45,69752.jpg,0.0,False,Murara Neto,0.1,False,,u,4,91,0,0,0,16674,5,0.0,0.0,Neto,,30.0,2022-08-07,1989-07-19,False,p69752,0,0,0,0,0,0,0,0,0,0,0,0,0,0.0,0.0,0.0,0.0,0,0,0,0,0,0.00,0.00,0.00,0.00,,,,,,,[],,696,95,693,89,674,79,698,95,0.0,0.0,0.0,0.0,0.0,0.0,409,23,615,89,703,95,574,78,0.0,0.0,0.0
True,True,,,457569,0,0,1,-1,0,0,1,5.0,4.5,7,Đorđe,5.0,67,False,,,46,457569.jpg,3.4,False,Petrović,5.0,False,,a,4,91,125,1179429,3085,959553,1830,1.1,27.2,Petrović,,190.0,2025-07-16,1999-10-08,False,p457569,3302,0,0,12,52,1,0,0,3,0,106,5,513,774.2,0.0,0.0,77.6,60,275,0,0,37,0.00,0.00,0.00,54.30,,,,,,,[],,32,8,776,91,764,82,204,10,0.0,2.89,0.0,0.0,1.48,1.42,401,20,34,3,132,18,79,13,1.01,0.33,0.0
True,False,0.0,0.0,444172,0,0,0,0,0,0,1,0.0,0.0,0,Will,0.0,68,False,has joined Leyton Orient on loan for the rest of the season.,2026-01-02T17:00:09.176943Z,40,444172.jpg,0.0,False,Dennis,0.7,False,,u,4,91,0,47217,0,92515,159,0.0,0.0,Dennis,,241.0,2019-08-01,2000-07-10,False,p444172,0,0,0,0,0,0,0,0,0,0,0,0,0,0.0,0.0,0.0,0.0,0,0,0,0,0,0.00,0.00,0.00,0.00,,,,,,,[],,589,73,582,61,551,47,592,73,0.0,0.0,0.0,0.0,0.0,0.0,693,51,474,62,601,73,234,30,0.0,0.0,0.0
True,True,,,568791,0,0,-1,1,0,0,1,0.0,-0.5,0,Callan,0.0,69,False,,,39,568791.jpg,0.0,False,McKenna,0.2,False,,a,4,91,0,24000,55,22763,108,0.0,0.0,McKenna,,243.0,2024-02-01,2006-12-22,False,p568791,0,0,0,0,0,0,0,0,0,0,0,0,0,0.0,0.0,0.0,0.0,0,0,0,0,0,0.00,0.00,0.00,0.00,,,,,,,[],,569,63,558,47,526,33,572,63,0.0,0.0,0.0,0.0,0.0,0.0,794,93,449,50,581,63,360,51,0.0,0.0,0.0
True,False,0.0,0.0,495145,0,0,0,0,0,0,1,0.0,0.0,0,Alex,0.0,70,False,Has joined Lechia Gdansk on loan for the rest of the season.,2025-08-27T12:50:21.648936Z,40,495145.jpg,0.0,False,Paulsen,0.1,False,,u,4,91,0,1107,0,10699,8,0.0,0.0,Paulsen,,154.0,2024-07-01,2002-07-04,False,p495145,0,0,0,0,0,0,0,0,0,0,0,0,0,0.0,0.0,0.0,0.0,0,0,0,0,0,0.00,0.00,0.00,0.00,,,,,,,[],,603,81,596,69,565,55,606,81,0.0,0.0,0.0,0.0,0.0,0.0,710,59,489,70,615,81,580,79,0.0,0.0,0.0
True,False,0.0,0.0,477580,0,0,0,0,0,0,2,0.0,0.0,0,Illia,0.0,71,False,Has joined Paris Saint-Germain permanently.,2025-08-12T13:14:36.028170Z,50,477580.jpg,0.0,False,Zabarnyi,0.0,False,,u,4,91,0,0,0,8231,0,0.0,0.0,Zabarnyi,,225.0,2023-01-31,2002-09-01,False,p477580,0,0,0,0,0,0,0,0,0,0,0,0,0,0.0,0.0,0.0,0.0,0,0,0,0,0,0.00,0.00,0.00,0.00,,,,,,,[],,807,267,807,267,802,267,807,267,0.0,0.0,0.0,0.0,0.0,0.0,264,40,770,261,808,267,678,239,0.0,0.0,0.0
True,True,100.0,100.0,221466,0,0,7,-7,0,3,2,8.0,7.5,6,Marcos,8.0,72,True,,2025-12-06T22:00:07.547408Z,52,221466.jpg,4.9,False,Senesi Barón,21.0,False,,a,4,91,175,6256993,25018,3882552,5524,1.5,33.7,Senesi,,10.0,2022-08-08,1997-05-10,False,p221466,3170,0,6,12,51,0,0,0,8,0,0,14,571,1066.6,364.5,199.0,163.3,349,150,59,408,36,1.53,4.70,6.23,52.35,,,,,,,[],,4,2,104,25,179,44,39,3,0.04,0.0,0.13,0.17,1.49,1.45,208,29,2,1,15,4,13,4,1.02,0.34,11.58
True,True,100.0,100.0,54469,0,0,-1,1,0,0,2,4.2,3.7,6,Adam,4.2,73,False,,2025-08-31T01:00:07.918421Z,44,54469.jpg,2.7,False,Smith,0.2,False,,a,4,91,56,29857,203,44302,44,1.0,12.7,Smith,,241.0,2014-01-28,1991-04-29,False,p54469,957,0,2,6,15,0,0,0,3,0,0,4,173,148.8,70.9,18.0,23.8,48,26,13,61,13,0.00,0.22,0.22,16.27,,,,,,,[],,343,129,335,114,403,147,383,132,0.0,0.0,0.02,0.02,1.53,1.41,527,98,51,16,236,94,382,138,1.22,0.56,5.74
True,True,,,494521,0,0,2,-2,0,2,2,7.0,6.5,9,Adrien,7.0,74,False,,,47,494521.jpg,4.4,False,Truffert,4.8,False,,a,4,91,164,1136810,14301,627937,2212,1.5,34.9,Truffert,,73.0,2025-06-16,2001-11-20,False,p494521,3260,1,5,12,49,0,0,0,4,0,0,18,597,779.6,506.7,176.0,146.3,196,182,95,291,37,1.35,2.96,4.31,52.00,,,,,,,[],,31,12,53,6,209,55,57,9,0.04,0.0,0.08,0.12,1.44,1.35,391,67,5,3,35,13,82,26,1.02,0.33,8.03
True,True,100.0,100.0,541462,0,0,-2,2,0,0,2,0.0,-0.5,0,Matai,0.0,75,False,,2026-02-13T11:30:08.409580Z,38,541462.jpg,0.0,False,Akinmboni,0.2,False,,a,4,91,0,16358,101,33916,52,0.0,0.0,Akinmboni,,229.0,2025-01-03,2006-10-17,False,p541462,0,0,0,0,0,0,0,0,0,0,0,0,0,0.0,0.0,0.0,0.0,0,0,0,0,0,0.00,0.00,0.00,0.00,,,,,,,[],,536,196,520,195,487,189,539,197,0.0,0.0,0.0,0.0,0.0,0.0,821,253,412,155,548,197,380,137,0.0,0.0,0.0
True,True,,,518906,0,0,-2,2,0,0,2,0.0,-0.5,0,Owen,0.0,76,False,,,38,518906.jpg,0.0,False,Bevan,0.2,False,,a,4,91,0,16733,64,21798,49,0.0,0.0,Bevan,,244.0,2022-08-22,2003-10-26,False,p518906,0,0,0,0,0,0,0,0,0,0,0,0,0,0.0,0.0,0.0,0.0,0,0,0,0,0,0.00,0.00,0.00,0.00,,,,,,,[],,535,195,519,194,486,188,538,196,0.0,0.0,0.0,0.0,0.0,0.0,819,251,410,153,547,196,396,148,0.0,0.0,0.0
True,True,,,463981,0,0,2,-2,0,0,2,5.5,5.0,5,James,5.5,77,False,,,42,463981.jpg,4.0,False,Hill,7.3,False,,a,4,91,111,1415763,3102,573501,2119,1.3,26.4,Hill,,241.0,2022-01-05,2002-01-10,False,p463981,1984,0,3,9,22,2,0,0,4,0,0,4,394,545.4,149.8,111.0,80.9,208,72,39,247,21,0.79,1.15,1.93,31.00,,,,,,,[],,101,47,242,61,266,73,194,67,0.04,0.0,0.05,0.09,1.41,1.0,644,146,21,8,60,21,57,18,0.95,0.41,11.2
True,False,0.0,0.0,436893,0,0,-2,2,0,0,2,0.0,0.0,0,Julián,0.0,78,False,has joined Celtic on loan for the rest of the season.,2026-01-02T18:38:26.036808Z,38,436893.jpg,0.0,False,Araujo Zúñiga,0.5,False,,u,4,91,0,47440,0,136845,110,0.0,0.0,J.Araujo,,139.0,2024-08-13,2001-08-13,False,p436893,0,0,0,0,0,0,0,0,0,0,0,0,0,0.0,0.0,0.0,0.0,0,0,0,0,0,0.00,0.00,0.00,0.00,,,,,,,[],,530,190,513,189,480,183,533,191,0.0,0.0,0.0,0.0,0.0,0.0,809,242,403,147,542,191,272,103,0.0,0.0,0.0
True,False,0.0,0.0,223911,0,0,0,0,0,0,2,0.0,0.0,0,Chris,0.0,79,False,has joined West Bromwich Albion permanently.,2025-09-02T12:54:34.562307Z,40,223911.jpg,0.0,False,Mepham,0.1,False,,u,4,91,0,1400,0,16875,2,0.0,0.0,Mepham,,244.0,2019-01-22,1997-11-05,False,p223911,0,0,0,0,0,0,0,0,0,0,0,0,0,0.0,0.0,0.0,0.0,0,0,0,0,0,0.00,0.00,0.00,0.00,,,,,,,[],,582,215,575,215,544,211,585,216,0.0,0.0,0.0,0.0,0.0,0.0,686,169,467,180,594,216,551,195,0.0,0.0,0.0
True,True,100.0,100.0,575901,0,0,-1,1,0,0,2,0.0,-0.5,0,Julio,0.0,80,False,,2026-01-22T01:30:06.830891Z,39,575901.jpg,1.0,False,Soler Barreto,0.2,False,,a,4,91,3,18332,46,34687,31,0.0,0.8,Soler,,10.0,2025-01-07,2005-02-16,False,p575901,34,0,0,0,2,0,0,0,0,0,0,0,2,1.8,2.5,2.0,0.6,0,4,1,1,0,0.00,0.00,0.00,1.62,,,,,,,[],,505,179,468,170,448,167,503,174,0.0,0.0,0.0,0.0,4.29,5.29,796,231,451,171,466,169,384,140,0.0,0.0,2.65
True,True,100.0,100.0,222683,0,0,-1,1,0,0,3,0.0,-0.5,0,Justin,0.0,81,False,,2026-01-06T12:00:09.646560Z,69,222683.jpg,2.2,False,Kluivert,0.6,False,,a,4,91,40,193136,736,253645,90,0.0,5.8,Kluivert,,152.0,2023-07-01,1999-05-05,False,p222683,914,2,0,4,18,0,0,0,4,0,0,3,147,146.6,304.1,128.0,57.8,8,44,10,62,10,2.24,1.54,3.78,16.78,,,3.0,,1.0,,[],,346,156,138,93,251,137,270,134,0.22,0.0,0.15,0.37,1.65,1.77,39,24,833,375,324,140,245,87,0.98,0.39,6.11
True,True,100.0,100.0,201658,-1,1,-2,2,0,2,3,2.5,2.0,3,Marcus,2.5,84,False,,2026-01-20T00:30:08.247682Z,53,201658.jpg,3.9,False,Tavernier,4.3,False,,a,4,91,128,1622705,1820,1163304,2884,0.5,24.2,Tavernier,,241.0,2022-08-01,1999-03-22,False,p201658,2614,6,4,12,42,0,0,0,6,0,0,11,504,584.2,696.8,567.0,184.9,58,146,38,242,30,8.82,4.30,13.12,38.64,2.0,,2.0,,4.0,,[],,82,25,23,22,38,22,29,23,0.3,0.0,0.15,0.45,1.33,1.45,183,116,157,70,72,34,89,30,1.03,0.41,8.33
True,True,100.0,100.0,200785,0,0,-1,1,0,0,3,2.5,2.0,2,Tyler,2.5,85,False,,2026-03-15T12:30:09.989744Z,49,200785.jpg,3.0,False,Adams,0.3,False,,a,4,91,72,83223,106,96509,47,0.5,14.7,Adams,,229.0,2023-08-20,1999-02-14,False,p200785,1651,2,2,8,26,0,0,0,8,0,0,3,325,361.6,151.7,114.0,63.0,80,85,46,211,20,0.61,0.60,1.21,24.76,,,,,,,[],,196,77,239,151,264,144,251,125,0.03,0.0,0.03,0.06,1.35,1.42,296,184,152,67,194,75,340,117,1.09,0.44,11.5
True,True,100.0,100.0,111317,0,0,0,0,0,1,3,2.0,1.5,0,David,2.0,86,False,,2026-01-15T19:30:09.403523Z,50,111317.jpg,1.9,False,Brooks,0.2,False,,a,4,91,58,75761,96,81327,61,0.4,11.6,Brooks,,244.0,2018-07-01,1997-07-08,False,p111317,1182,1,3,5,19,0,0,0,7,0,0,4,214,231.0,374.2,416.0,100.7,19,56,18,93,13,5.16,3.39,8.55,19.74,5.0,,4.0,,,,[],,283,119,96,68,65,37,137,74,0.39,0.0,0.26,0.65,1.5,1.45,246,147,184,77,357,153,399,136,0.99,0.38,7.08
True,True,0.0,0.0,158499,0,0,-1,1,0,0,3,0.0,0.0,0,Ryan,0.2,87,False,Suspended until 29 Aug,2026-05-09T20:30:09.034647Z,49,158499.jpg,1.8,False,Christie,0.1,False,,s,4,91,47,32482,4,31759,393,0.0,9.6,Christie,,243.0,2021-08-31,1995-02-22,False,p158499,978,2,1,3,14,0,0,0,3,1,0,2,214,226.6,197.0,220.0,64.7,34,62,27,123,9,1.81,0.79,2.60,19.14,6.0,,,,,,[],,284,120,203,131,160,88,243,118,0.17,0.0,0.07,0.24,1.76,1.29,288,178,371,167,380,161,456,156,0.83,0.28,11.32
True,True,100.0,50.0,155408,0,0,-1,1,0,0,3,0.0,-0.2,0,Lewis,0.0,88,False,,2026-02-23T13:30:09.159271Z,49,155408.jpg,2.4,False,Cook,0.0,False,,a,4,91,38,11869,11,11504,12,0.0,7.8,Cook,,241.0,2016-07-08,1997-02-03,False,p155408,870,0,1,1,18,0,0,0,1,1,0,0,184,206.0,183.3,12.0,40.4,56,62,25,143,8,0.07,0.52,0.59,13.49,4.0,,,,,,[],,300,127,214,141,419,204,333,160,0.01,0.0,0.05,0.06,1.4,1.86,287,177,734,308,289,120,639,246,0.83,0.1,14.79
True,False,0.0,0.0,168991,0,0,-1,1,0,0,3,0.0,0.0,0,Philip,0.0,89,False,has joined Midtjylland permanently.,2025-08-27T12:49:57.472718Z,49,168991.jpg,0.0,False,Billing,0.0,False,,u,4,91,0,598,0,6649,0,0.0,0.0,Philip,,58.0,2019-07-29,1996-06-11,False,p168991,0,0,0,0,0,0,0,0,0,0,0,0,0,0.0,0.0,0.0,0.0,0,0,0,0,0,0.00,0.00,0.00,0.00,,,,,,,[],,787,341,784,342,780,340,787,341,0.0,0.0,0.0,0.0,0.0,0.0,290,180,736,310,788,342,684,273,0.0,0.0,0.0
True,True,100.0,100.0,503139,-1,1,-1,1,0,2,3,3.5,3.0,3,Alex,3.5,90,False,,2025-12-29T19:30:08.900947Z,49,503139.jpg,3.6,False,Scott,2.1,False,,a,4,91,135,623672,2065,372978,3083,0.7,27.6,Scott,,241.0,2023-08-10,2003-08-21,False,p503139,2820,3,2,12,40,0,0,0,5,0,0,9,600,578.6,468.5,314.0,135.8,127,192,60,379,34,3.80,2.94,6.74,46.33,3.0,,6.0,,,,[],,84,26,63,51,100,59,73,46,0.12,0.0,0.09,0.21,1.48,1.28,331,204,90,43,100,44,134,42,1.09,0.38,12.1
True,False,0.0,0.0,224995,0,0,0,0,0,0,3,0.0,0.0,0,Luis,0.0,91,False,has joined Cruzeiro on loan for the rest of the season.,2025-08-26T13:43:19.913048Z,50,224995.jpg,0.0,False,Sinisterra Lucumí,0.0,False,,u,4,91,0,396,0,3906,0,0.0,0.0,Sinisterra,,48.0,2024-06-14,1999-06-17,False,p224995,0,0,0,0,0,0,0,0,0,0,0,0,0,0.0,0.0,0.0,0.0,0,0,0,0,0,0.00,0.00,0.00,0.00,,,,,,,[],,803,353,803,354,798,352,803,353,0.0,0.0,0.0,0.0,0.0,0.0,253,151,766,329,804,354,748,317,0.0,0.0,0.0
True,False,0.0,0.0,441240,0,0,0,0,0,0,3,0.0,0.0,0,Romain,0.0,92,False,has joined Auxerre permanently.,2026-02-06T22:47:52.516051Z,45,441240.jpg,0.0,False,Faivre,0.1,False,,u,4,91,0,4403,0,19873,6,0.0,0.0,Faivre,,73.0,2023-07-13,1998-07-14,False,p441240,0,0,0,0,0,0,0,0,0,0,0,0,0,0.0,0.0,0.0,0.0,0,0,0,0,0,0.00,0.00,0.00,0.00,,,,,,,[],,707,274,705,278,688,271,709,276,0.0,0.0,0.0,0.0,0.0,0.0,435,258,630,224,714,280,565,210,0.0,0.0,0.0
True,False,0.0,0.0,424044,0,0,0,0,0,0,3,0.0,0.0,0,Hamed,0.0,93,False,has joined Marseille on loan for the rest of the season.,2025-09-02T12:54:34.582455Z,45,424044.jpg,4.0,False,Traorè,0.3,False,,u,4,91,4,114900,0,166067,15,0.0,0.9,H.Traorè,,54.0,2023-07-01,2000-02-16,False,p424044,16,0,1,0,2,0,0,0,0,0,0,0,12,21.2,10.0,0.0,3.1,1,2,1,4,0,0.00,0.00,0.00,0.40,,,,,,,[],,462,203,438,214,684,268,475,212,0.0,0.0,0.0,0.0,2.25,11.25,430,255,626,221,62,29,344,118,0.0,0.0,22.5
True,False,0.0,0.0,550596,0,0,0,0,0,0,3,0.0,0.0,0,Dominic,0.0,94,False,has joined Novi Pazar on loan for the rest of the season.,2025-09-22T21:51:49.974133Z,45,550596.jpg,0.0,False,Sadi,0.0,False,,u,4,91,0,3895,0,8275,3,0.0,0.0,Sadi,,241.0,2022-08-22,2003-09-02,False,p550596,0,0,0,0,0,0,0,0,0,0,0,0,0,0.0,0.0,0.0,0.0,0,0,0,0,0,0.00,0.00,0.00,0.00,,,,,,,[],,730,296,727,299,710,292,731,297,0.0,0.0,0.0,0.0,0.0,0.0,464,282,654,246,736,301,653,255,0.0,0.0,0.0
True,False,0.0,0.0,530121,0,0,-1,1,0,0,3,0.0,0.0,0,Zain,0.0,95,False,has joined Olympiakos permanently.,2025-09-22T21:51:49.994072Z,44,530121.jpg,0.0,False,Silcott-Duberry,0.1,False,,u,4,91,0,15405,0,21704,6,0.0,0.0,Silcott-Duberry,,241.0,2025-01-17,2005-07-09,False,p530121,0,0,0,0,0,0,0,0,0,0,0,0,0,0.0,0.0,0.0,0.0,0,0,0,0,0,0.00,0.00,0.00,0.00,,,,,,,[],,681,259,679,264,659,255,683,261,0.0,0.0,0.0,0.0,0.0,0.0,561,339,597,206,690,267,583,218,0.0,0.0,0.0
True,False,0.0,0.0,606775,0,0,0,0,0,0,3,0.0,0.0,0,Ben,0.0,96,False,has joined Barnet on loan for the rest of the season.,2025-09-02T12:54:34.599400Z,45,606775.jpg,1.0,False,Winterburn,0.0,False,,u,4,91,1,2964,0,10061,1,0.0,0.2,Winterburn,,241.0,2024-11-29,2004-09-04,False,p606775,6,0,0,0,2,0,0,0,0,0,0,0,3,0.0,0.0,0.0,0.0,0,0,0,0,0,0.00,0.00,0.00,0.31,,,,,,,[],,761,321,756,322,742,318,761,321,0.0,0.0,0.0,0.0,4.65,30.0,501,311,689,275,497,224,651,254,0.0,0.0,0.0
True,True,100.0,100.0,444102,-1,1,-4,4,0,0,4,2.2,1.7,2,Francisco Evanilson,2.2,97,False,,2026-02-28T22:00:07.795563Z,66,444102.jpg,3.2,False,de Lima Barbosa,2.3,False,,a,4,91,113,1314307,3394,1301716,2484,0.3,17.1,Evanilson,Evanilson,30.0,2024-08-16,1999-10-06,False,p444102,2643,6,7,11,39,0,0,0,2,0,0,6,401,334.8,383.0,792.0,150.7,39,75,12,126,31,10.54,1.45,11.99,37.62,,,,,,,[],,217,20,91,4,15,8,53,12,0.36,0.0,0.05,0.41,1.28,1.33,48,17,172,24,171,18,130,20,1.06,0.37,4.29
True,True,100.0,100.0,168636,0,0,-1,1,0,0,4,0.5,0.0,0,Enes,0.5,98,False,,2026-01-11T18:30:10.266239Z,54,168636.jpg,1.2,False,Ünal,0.0,False,,a,4,91,25,15631,61,12910,31,0.1,4.6,Enes Ünal,,219.0,2024-07-01,1997-05-10,False,p168636,196,1,0,0,2,0,0,0,1,0,0,1,70,55.8,14.1,93.0,15.4,12,5,1,18,0,1.93,0.07,2.00,5.14,,,1.0,,,,[],,426,50,422,54,293,51,406,51,0.89,0.0,0.03,0.92,2.36,0.92,154,39,338,46,453,53,589,80,0.0,0.0,8.27
True,False,0.0,0.0,590760,0,0,-1,1,0,0,4,0.0,0.0,0,Daniel,0.0,99,False,has joined HNK Rijeka permanently.,2025-09-22T21:19:25.247985Z,44,590760.jpg,0.0,False,Adu-Adjei,0.1,False,,u,4,91,0,22144,0,44653,6,0.0,0.0,Adu-Adjei,,241.0,2022-12-19,2005-06-21,False,p590760,0,0,0,0,0,0,0,0,0,0,0,0,0,0.0,0.0,0.0,0.0,0,0,0,0,0,0.00,0.00,0.00,0.00,,,,,,,[],,693,76,690,75,671,75,695,76,0.0,0.0,0.0,0.0,0.0,0.0,577,83,610,69,700,77,440,63,0.0,0.0,0.0
True,True,100.0,100.0,560262,0,0,1,-1,0,0,4,5.5,5.0,6,Junior,5.5,100,False,,2026-03-27T12:00:09.305198Z,46,560262.jpg,3.4,False,Kroupi,6.3,False,,a,4,91,109,2225629,11461,1594714,4800,1.2,23.7,Kroupi.Jr,,73.0,2025-02-02,2006-06-23,False,p560262,1578,13,0,10,20,0,0,0,5,0,0,11,467,493.0,284.6,506.0,128.1,41,58,9,108,20,8.08,1.43,9.51,24.67,,,,,2.0,,[],,131,12,150,12,51,21,84,16,0.46,0.0,0.08,0.54,1.41,1.14,406,65,23,4,133,13,65,12,1.14,0.57,6.16
True,True,100.0,100.0,496208,0,0,-2,2,0,0,3,0.2,-0.3,0,Ben,0.2,391,False,,2025-11-20T10:30:09.618152Z,48,496208.jpg,1.4,False,Gannon-Doak,0.0,False,,a,4,91,10,4913,13,8243,10,0.0,2.1,Gannon-Doak,,243.0,2025-08-18,2005-11-11,False,p496208,72,0,1,0,1,0,0,0,0,0,0,0,29,28.4,16.4,17.0,6.2,1,4,5,10,0,0.09,0.10,0.19,4.05,,,,,,,[],,454,202,416,205,406,200,455,202,0.11,0.0,0.12,0.23,5.06,1.25,369,230,370,166,431,188,642,248,0.0,0.0,12.5
True,True,100.0,100.0,242882,0,0,-4,4,0,1,2,0.0,-0.5,0,Bafodé,0.0,685,False,,2025-09-13T21:30:08.472990Z,41,242882.jpg,2.6,False,Diakité,0.3,False,,a,4,91,46,99862,57,99970,61,0.0,11.2,Diakité,,73.0,2025-08-13,2001-01-06,False,p242882,1275,0,0,4,27,0,0,0,1,0,0,2,164,267.0,54.3,22.0,34.4,97,48,20,117,15,0.02,0.19,0.21,22.47,,,,,,,[],,262,104,356,126,389,136,349,115,0.0,0.0,0.01,0.01,1.59,1.91,663,157,533,224,252,97,345,125,1.06,0.28,8.26
True,True,,,606774,0,0,-2,2,0,0,3,0.0,-0.5,0,Remy,0.0,687,False,,,43,606774.jpg,0.0,False,Rees-Dottin,0.2,False,,a,4,91,0,27929,121,23700,82,0.0,0.0,Rees-Dottin,,241.0,2024-12-28,2006-03-06,False,p606774,0,0,0,0,0,0,0,0,0,0,0,0,0,0.0,0.0,0.0,0.0,0,0,0,0,0,0.00,0.00,0.00,0.00,,,,,,,[],,664,247,662,253,639,242,666,249,0.0,0.0,0.0,0.0,0.0,0.0,624,372,575,193,675,257,400,137,0.0,0.0,0.0
True,True,,,489888,0,0,-1,1,0,0,3,0.8,0.3,0,Amine,0.8,697,False,,,54,489888.jpg,2.2,False,Adli,0.2,False,,a,4,91,66,120266,44,100183,261,0.1,12.2,Adli,,145.0,2025-08-21,2000-05-10,False,p489888,1057,3,2,3,17,0,0,0,2,0,0,4,237,267.4,235.1,260.0,75.5,25,61,34,120,10,2.60,1.62,4.22,17.71,,,,,,,[],,261,111,171,112,130,73,212,100,0.22,0.0,0.14,0.36,1.51,1.45,169,105,308,130,322,138,367,125,0.85,0.26,10.22
True,True,0.0,0.0,551483,0,0,0,0,0,0,2,0.0,0.0,0,Álex,1.5,713,False,Made unavailable for selection on 8/5. - Unknown return date,2026-05-08T14:00:11.002926Z,45,551483.jpg,2.4,False,Jiménez Sánchez,0.2,False,,n,4,91,74,67107,21,52097,692,0.3,16.4,A.Jimenez,,200.0,2025-09-01,2005-05-08,False,p551483,2315,1,2,6,39,0,0,0,10,0,0,2,297,406.0,269.3,184.0,85.9,80,135,68,148,26,1.09,1.73,2.82,41.11,,,,,,,[],,174,71,157,41,198,52,173,58,0.04,0.0,0.07,0.11,1.6,1.52,466,94,227,86,286,111,414,153,1.01,0.23,5.75
True,True,100.0,100.0,620487,0,0,-1,1,0,0,2,0.0,-0.5,0,Veljko,0.0,721,False,,2026-01-06T17:00:10.479922Z,44,620487.jpg,2.7,False,Milosavljevic,0.0,False,,a,4,91,19,6728,12,6247,7,0.0,4.3,Milosavljević,,190.0,2025-09-01,2007-06-28,False,p620487,367,0,0,1,6,0,0,0,0,0,0,0,63,98.4,13.9,10.0,12.2,34,13,5,39,4,0.15,0.19,0.34,4.42,,,,,,,[],,389,144,423,155,423,159,421,151,0.04,0.0,0.05,0.09,1.08,1.47,579,120,612,242,238,95,646,231,0.98,0.25,9.56
True,True,,,678552,0,0,0,0,0,0,3,0.0,-0.5,0,Malcom,0.0,756,False,,,45,678552.jpg,0.0,False,DaCosta,0.0,False,,a,4,91,0,2086,13,1447,9,0.0,0.0,DaCosta,,62.0,2025-12-01,2008-04-17,False,p678552,0,0,0,0,0,0,0,0,0,0,0,0,0,0.0,0.0,0.0,0.0,0,0,0,0,0,0.00,0.00,0.00,0.00,,,,,,,[],,778,334,773,335,760,332,778,334,0.0,0.0,0.0,0.0,0.0,0.0,524,328,707,289,779,335,740,311,0.0,0.0,0.0
True,True,,,40383,0,0,0,0,0,0,1,0.0,-0.5,0,Fraser,0.0,782,False,,,40,40383.jpg,0.0,False,Forster,0.0,False,,a,4,91,0,3757,36,1642,22,0.0,0.0,Forster,,241.0,2026-01-02,1988-03-17,False,p40383,0,0,0,0,0,0,0,0,0,0,0,0,0,0.0,0.0,0.0,0.0,0,0,0,0,0,0.00,0.00,0.00,0.00,,,,,,,[],,574,65,563,49,532,35,577,65,0.0,0.0,0.0,0.0,0.0,0.0,671,39,456,52,586,65,652,81,0.0,0.0,0.0
True,True,,,658013,0,0,0,0,0,0,3,0.0,-0.5,0,Charlie,0.0,799,False,,,45,658013.jpg,0.0,False,Stevens,0.0,False,,a,4,91,0,955,11,499,5,0.0,0.0,Stevens,,244.0,2025-01-18,2007-05-31,False,p658013,0,0,0,0,0,0,0,0,0,0,0,0,0,0.0,0.0,0.0,0.0,0,0,0,0,0,0.00,0.00,0.00,0.00,,,,,,,[],,774,331,769,332,755,328,774,331,0.0,0.0,0.0,0.0,0.0,0.0,519,324,702,285,775,332,774,332,0.0,0.0,0.0
True,True,,,614574,0,0,-1,1,0,0,3,0.5,0.0,0,Alex,0.5,801,False,,,49,614574.jpg,0.9,False,Tóth,0.0,False,,a,4,91,7,1027,2,671,2,0.1,1.4,Tóth.A,,98.0,2026-01-20,2005-10-23,False,p614574,79,0,0,0,2,0,0,0,1,0,0,0,23,9.6,45.1,14.0,6.8,5,6,1,12,1,0.06,0.27,0.33,3.86,,,,,,,[],,475,210,372,191,414,202,450,201,0.07,0.0,0.31,0.38,4.4,2.28,339,211,332,144,523,242,764,325,1.14,0.0,13.67
True,True,,,436416,0,0,0,0,0,0,1,0.0,-0.5,0,Christos,0.0,806,False,,,40,436416.jpg,0.0,False,Mandas,0.0,False,,a,4,91,0,855,6,543,1,0.0,0.0,Mandas,,83.0,2026-01-27,2001-09-17,False,p436416,0,0,0,0,0,0,0,0,0,0,0,0,0,0.0,0.0,0.0,0.0,0,0,0,0,0,0.00,0.00,0.00,0.00,,,,,,,[],,587,72,580,60,549,46,590,72,0.0,0.0,0.0,0.0,0.0,0.0,691,50,472,61,599,72,754,87,0.0,0.0,0.0
True,True,,,499604,0,0,-1,1,0,0,3,6.5,6.0,3,Rayan Vitor,6.5,807,False,,,54,499604.jpg,4.6,False,Simplício Rocha,1.7,False,,a,4,91,65,515089,9274,292964,1232,1.2,12.0,Rayan,Rayan,30.0,2026-01-27,2006-08-03,False,p499604,1017,5,2,6,9,0,0,0,1,0,0,3,228,263.6,192.9,242.0,69.9,22,40,11,73,12,2.29,1.79,4.08,17.74,,,,,,,[],,265,112,204,132,139,78,230,110,0.2,0.0,0.16,0.36,1.57,0.8,170,106,9,4,26,12,150,48,1.06,0.53,6.46
True,True,100.0,100.0,200641,0,0,-2,2,0,0,3,0.5,1.0,0,Reiss,1.0,27,False,,2026-03-02T13:30:07.438484Z,48,200641.jpg,1.3,False,Nelson,0.1,False,,a,5,94,12,11153,27,18868,27,0.2,2.5,Nelson,,241.0,2025-09-01,1999-12-10,False,p200641,117,0,1,0,2,0,0,0,0,0,0,0,36,42.4,32.1,29.0,9.9,3,16,4,23,0,0.71,0.11,0.82,2.03,,,,,,,[],,434,188,392,197,376,191,429,193,0.55,0.0,0.08,0.63,1.56,1.54,350,221,270,113,443,195,497,179,0.0,0.0,17.69
True,True,100.0,100.0,533463,-1,1,-4,4,0,4,3,5.3,5.8,15,Dango,5.8,83,False,,2025-12-13T14:30:10.953675Z,56,533463.jpg,4.3,False,Ouattara,1.6,False,,a,5,94,134,1040324,2979,873755,2597,1.0,23.9,O.Dango,,35.0,2025-08-16,2002-02-11,False,p533463,2181,7,8,6,34,0,0,0,5,0,0,16,427,507.4,420.0,691.0,161.2,72,83,23,178,24,7.42,4.11,11.53,31.71,3.0,,,,,,[],,118,36,75,56,26,11,43,31,0.31,0.0,0.17,0.48,1.31,1.4,132,82,18,9,39,16,159,53,0.99,0.25,7.35
True,True,100.0,100.0,200720,0,0,3,-3,0,5,1,3.3,3.8,2,Caoimhín,3.8,101,False,,2025-08-09T14:00:04.798673Z,48,200720.jpg,3.8,False,Kelleher,12.2,False,,a,5,94,137,1706508,2929,1396635,10636,0.8,28.5,Kelleher,,104.0,2025-06-03,1998-11-23,False,p200720,3240,0,0,10,48,0,3,0,1,0,102,9,544,859.0,23.0,0.0,88.3,45,291,1,0,36,0.00,0.22,0.22,50.44,,,,,,,[],,17,5,405,5,772,87,170,5,0.0,2.83,0.01,0.01,1.4,1.33,351,12,70,7,80,7,33,4,1.0,0.28,0.0
True,True,,,235448,0,0,-1,1,0,0,1,-0.5,0.0,0,Ellery,0.0,102,False,,,39,235448.jpg,0.0,False,Balcombe,0.2,False,,a,5,94,0,17216,39,26186,76,0.0,0.0,Balcombe,,241.0,2016-11-02,1999-10-15,False,p235448,0,0,0,0,0,0,0,0,0,0,0,0,0,0.0,0.0,0.0,0.0,0,0,0,0,0,0.00,0.00,0.00,0.00,,,,,,,[],,551,52,539,35,507,21,554,52,0.0,0.0,0.0,0.0,0.0,0.0,772,81,430,39,563,52,354,49,0.0,0.0,0.0
True,False,0.0,0.0,503300,0,0,-1,1,0,0,1,0.0,0.0,0,Matthew,0.0,103,False,has joined Shrewsbury Town on loan for the rest of the season.,2026-01-16T15:17:51.432656Z,39,503300.jpg,0.0,False,Cox,0.1,False,,u,5,94,0,11791,0,16247,46,0.0,0.0,Cox,,241.0,2021-10-26,2003-05-02,False,p503300,0,0,0,0,0,0,0,0,0,0,0,0,0,0.0,0.0,0.0,0.0,0,0,0,0,0,0.00,0.00,0.00,0.00,,,,,,,[],,562,59,551,43,519,29,565,59,0.0,0.0,0.0,0.0,0.0,0.0,787,89,442,46,574,59,449,66,0.0,0.0,0.0
True,True,,,535017,0,0,-1,1,0,0,1,-0.5,0.0,0,Julian,0.0,104,False,,,39,535017.jpg,0.0,False,Eyestone,0.1,False,,a,5,94,0,13486,28,11873,38,0.0,0.0,Eyestone,,229.0,2024-08-08,2006-04-21,False,p535017,0,0,0,0,0,0,0,0,0,0,0,0,0,0.0,0.0,0.0,0.0,0,0,0,0,0,0.00,0.00,0.00,0.00,,,,,,,[],,565,60,554,44,522,30,568,60,0.0,0.0,0.0,0.0,0.0,0.0,790,90,445,47,577,60,479,69,0.0,0.0,0.0
True,True,,,507433,0,0,-2,2,0,0,1,-0.5,0.0,0,Hákon Rafn,0.0,105,False,,,38,507433.jpg,1.0,False,Valdimarsson,0.9,False,,a,5,94,1,92703,3424,87100,706,0.0,0.3,Valdimarsson,,99.0,2024-01-26,2001-10-13,False,p507433,90,0,0,0,3,0,0,0,0,0,1,0,1,13.0,0.0,0.0,1.3,0,7,0,0,1,0.00,0.00,0.00,0.97,,,,,,,[],,467,38,516,21,483,7,494,38,0.0,1.0,0.0,0.0,0.97,3.0,816,96,407,27,463,38,204,24,1.0,0.0,0.0
True,True,,,432830,0,0,-1,1,0,2,2,2.5,3.0,3,Nathan,3.0,106,False,,,49,432830.jpg,3.7,False,Collins,2.5,False,,a,5,94,126,744370,675,630247,3386,0.6,25.7,Collins,,104.0,2023-07-04,2001-04-30,False,p432830,2881,1,2,9,43,1,0,0,6,0,0,7,437,813.4,133.1,321.0,126.9,276,133,29,305,31,2.24,1.38,3.62,44.48,,,,,,,[],,24,9,262,71,95,11,86,18,0.07,0.0,0.04,0.11,1.39,1.34,316,51,121,42,90,33,121,48,0.97,0.28,9.53
True,True,,,249231,0,0,-2,2,0,2,2,3.0,3.5,1,Keane,3.5,107,False,,,48,249231.jpg,3.1,False,Lewis-Potter,1.6,False,,a,5,94,110,527254,654,382923,2556,0.7,22.9,Lewis-Potter,,241.0,2022-07-12,2001-02-22,False,p249231,1872,3,3,9,31,0,0,0,1,0,0,5,333,357.0,317.7,348.0,102.3,46,90,21,67,21,2.98,2.33,5.31,31.69,,,1.0,,,,[],,203,86,127,33,87,10,133,41,0.14,0.0,0.11,0.25,1.52,1.49,360,61,88,25,179,72,158,64,1.01,0.43,3.22
True,True,100.0,100.0,191866,0,0,-1,1,0,0,2,1.0,1.5,3,Kristoffer,1.5,108,False,,2026-01-26T04:00:07.526158Z,44,191866.jpg,2.8,False,Ajer,0.2,False,,a,5,94,76,44430,32,45421,133,0.3,17.3,Ajer,,161.0,2021-07-21,1998-04-17,False,p191866,1805,0,2,5,32,0,0,0,4,0,0,1,211,401.4,59.1,165.0,62.7,155,59,37,192,20,0.69,0.73,1.42,31.51,,,,,,,[],,176,72,352,122,217,57,252,84,0.03,0.0,0.04,0.07,1.57,1.6,535,105,223,82,218,85,377,136,1.0,0.25,9.57
True,True,0.0,0.0,194010,0,0,-2,2,0,0,2,0.0,0.0,0,Rico,0.0,109,False,Hamstring injury - Unknown return date,2026-03-04T10:30:07.977466Z,43,194010.jpg,2.1,False,Henry,0.1,False,,i,5,94,52,25963,6,33112,55,0.0,12.1,Henry,,107.0,2016-08-31,1997-07-08,False,p194010,1322,0,2,4,22,0,0,0,2,0,0,0,144,151.6,82.0,35.0,26.9,53,72,15,68,14,0.18,0.54,0.72,23.91,,,,,,,[],https://www.brentfordfc.com/en/news/article/first-team-manchester-city-v-brentford-premier-league-injury-update-jordan-henderson-fpl?utm_source=premier_league&utm_medium=referral&utm_campaign=fantasy&utm_content=injuries-flag,342,128,322,108,363,120,377,130,0.01,0.0,0.04,0.05,1.63,1.5,589,128,554,234,330,124,452,169,0.95,0.27,4.63
True,True,100.0,100.0,607464,0,0,1,-1,0,0,2,1.3,1.8,0,Michael,1.8,110,False,,2026-02-21T19:30:08.790968Z,46,607464.jpg,3.1,False,Kayode,1.1,False,,a,5,94,111,296723,588,188240,2207,0.4,24.1,Kayode,,106.0,2025-07-01,2004-07-10,False,p607464,3168,1,2,10,48,1,0,0,8,0,0,9,486,594.6,469.1,130.0,119.7,149,159,65,214,36,1.28,2.88,4.16,49.61,,,,,,,[],,76,34,62,11,247,64,96,24,0.04,0.0,0.08,0.12,1.41,1.36,407,72,202,77,178,71,190,73,1.02,0.28,6.08
True,True,100.0,100.0,231065,0,0,-3,3,0,1,2,-0.5,0.0,0,Ethan,0.0,111,False,,2025-08-18T08:00:05.393517Z,42,231065.jpg,3.5,False,Pinnock,0.1,False,,a,5,94,14,16776,29,30078,74,0.0,3.3,Pinnock,,107.0,2019-07-02,1993-05-29,False,p231065,318,0,0,1,5,1,0,0,1,0,0,2,53,88.6,1.2,33.0,12.3,37,11,5,42,4,0.01,0.06,0.07,3.70,,,,,,,[],,397,149,480,173,368,123,420,150,0.0,0.0,0.02,0.02,1.05,1.42,641,144,541,226,111,40,451,168,1.13,0.28,11.89
True,False,0.0,0.0,226956,0,0,0,0,0,0,2,0.0,0.0,0,Mads,0.0,112,False,Has joined Southampton permanently.,2025-08-22T14:17:15.662878Z,45,226956.jpg,0.0,False,Roerslev Rasmussen,0.0,False,,u,5,94,0,211,0,3939,0,0.0,0.0,Roerslev,,58.0,2019-10-27,1999-06-24,False,p226956,0,0,0,0,0,0,0,0,0,0,0,0,0,0.0,0.0,0.0,0.0,0,0,0,0,0,0.00,0.00,0.00,0.00,,,,,,,[],,703,262,700,262,682,262,705,262,0.0,0.0,0.0,0.0,0.0,0.0,425,84,624,247,710,262,724,252,0.0,0.0,0.0
True,True,100.0,100.0,444765,0,0,-1,1,0,0,2,2.0,2.5,4,Sepp,2.5,113,False,,2025-12-27T22:00:11.195580Z,44,444765.jpg,3.5,False,van den Berg,1.1,False,,a,5,94,109,359533,331,286300,1498,0.6,24.8,Van den Berg,,152.0,2024-08-22,2001-12-20,False,p444765,2671,0,3,8,40,0,0,0,2,0,0,3,429,639.6,97.4,301.0,103.9,242,107,20,262,29,3.36,1.42,4.78,38.55,,,,,,,[],,65,29,299,94,109,15,130,40,0.11,0.0,0.05,0.16,1.3,1.35,549,116,149,50,112,41,194,75,0.98,0.27,8.83
True,False,0.0,0.0,622536,0,0,-2,2,0,0,2,0.0,0.0,0,Benjamin,0.0,114,False,has joined Celtic on loan for the rest of the season.,2026-02-06T22:48:24.603753Z,38,622536.jpg,0.0,False,Arthur,0.2,False,,u,5,94,0,12981,0,31866,39,0.0,0.0,Arthur,,241.0,2024-03-08,2005-10-09,False,p622536,0,0,0,0,0,0,0,0,0,0,0,0,0,0.0,0.0,0.0,0.0,0,0,0,0,0,0.00,0.00,0.00,0.00,,,,,,,[],,541,200,526,200,494,195,544,201,0.0,0.0,0.0,0.0,0.0,0.0,829,260,418,160,553,201,395,147,0.0,0.0,0.0
True,False,0.0,0.0,612534,0,0,0,0,0,0,2,0.0,0.0,0,Benjamin,0.0,115,False,has joined Dender on loan for the rest of the season.,2025-09-22T21:16:59.169077Z,40,612534.jpg,0.0,False,Fredrick,0.1,False,,u,5,94,0,2020,0,14534,5,0.0,0.0,Fredrick,,,,,False,p612534,0,0,0,0,0,0,0,0,0,0,0,0,0,0.0,0.0,0.0,0.0,0,0,0,0,0,0.00,0.00,0.00,0.00,,,,,,,[],,630,243,624,243,594,240,633,244,0.0,0.0,0.0,0.0,0.0,0.0,743,204,519,211,641,243,539,191,0.0,0.0,0.0
True,True,100.0,100.0,472713,0,0,0,0,0,0,2,0.3,0.8,0,Aaron,0.8,116,False,,2026-02-21T19:30:08.807049Z,40,472713.jpg,1.8,False,Hickey,0.3,False,,a,5,94,36,67956,108,85232,107,0.2,9.0,Hickey,,243.0,2022-07-09,2002-06-10,False,p472713,649,0,0,2,9,0,0,0,1,0,0,0,103,98.2,16.3,43.0,15.6,35,34,14,49,8,0.44,0.17,0.61,7.78,,,,,,,[],,390,145,417,152,351,116,404,145,0.06,0.0,0.02,0.08,1.08,1.25,700,175,286,107,371,138,306,113,1.11,0.28,6.8
True,False,0.0,0.0,570241,0,0,-1,1,0,0,2,0.0,0.0,0,Kim,0.0,117,False,has joined Kaiserslautern on loan for the rest of the season.,2025-09-22T21:16:59.154227Z,39,570241.jpg,0.0,False,Ji-soo,0.1,False,,u,5,94,0,4108,0,15865,4,0.0,0.0,Ji-soo,,114.0,2023-07-20,2004-12-24,False,p570241,0,0,0,0,0,0,0,0,0,0,0,0,0,0.0,0.0,0.0,0.0,0,0,0,0,0,0.00,0.00,0.00,0.00,,,,,,,[],,570,208,559,208,527,203,573,209,0.0,0.0,0.0,0.0,0.0,0.0,795,230,450,170,582,209,534,189,0.0,0.0,0.0
True,False,0.0,0.0,499717,0,0,0,0,0,0,2,0.0,0.0,0,Jayden,0.0,118,False,Has joined Rangers on loan for the rest of the season.,2025-08-19T13:37:28.261506Z,40,499717.jpg,0.0,False,Meghoma,0.0,False,,u,5,94,0,279,0,11076,5,0.0,0.0,Meghoma,,241.0,2024-08-30,2006-06-28,False,p499717,0,0,0,0,0,0,0,0,0,0,0,0,0,0.0,0.0,0.0,0.0,0,0,0,0,0,0.00,0.00,0.00,0.00,,,,,,,[],,605,225,598,225,567,221,608,226,0.0,0.0,0.0,0.0,0.0,0.0,713,182,491,191,616,225,615,218,0.0,0.0,0.0
True,True,100.0,100.0,513418,0,0,-2,2,0,1,3,1.5,2.0,1,Kevin,2.0,120,False,,2026-02-02T00:30:10.303430Z,68,513418.jpg,3.5,False,Schade,1.4,False,,a,5,94,118,966932,479,847606,3426,0.3,17.4,Schade,,80.0,2023-07-01,2001-11-27,False,p513418,2654,7,5,11,33,0,0,1,6,1,0,5,365,499.2,377.4,758.0,162.5,53,90,41,184,31,11.17,2.05,13.22,37.01,,,,,3.0,,[],,120,38,94,66,19,8,41,30,0.38,0.0,0.07,0.45,1.26,1.12,45,29,194,84,127,57,166,57,1.05,0.37,6.24
True,True,100.0,100.0,440089,0,0,-4,4,0,2,3,4.3,4.8,2,Mikkel,4.8,121,False,,2026-03-20T14:00:08.942254Z,56,440089.jpg,3.5,False,Damsgaard,0.8,False,,a,5,94,112,213533,549,235890,1793,0.9,20.0,Damsgaard,,58.0,2022-08-10,2000-07-03,False,p440089,2039,4,4,5,32,0,0,0,0,0,0,9,459,516.0,661.1,320.0,149.9,44,138,57,239,24,2.61,5.12,7.73,30.46,,,3.0,,,,[],,115,35,31,28,96,56,56,36,0.12,0.0,0.23,0.35,1.34,1.41,129,80,41,16,125,56,218,74,1.06,0.22,10.55
True,True,0.0,0.0,543295,0,0,-3,3,0,0,3,0.0,0.0,0,Antoni,0.0,122,False,Knee injury - Expected back 01 Jun,2025-10-16T08:00:09.362049Z,52,543295.jpg,1.0,False,Milambo,0.0,False,,i,5,94,1,2169,9,7062,5,0.0,0.2,Milambo,,152.0,2025-07-03,2005-04-03,False,p543295,45,0,0,0,3,0,0,0,0,0,0,0,5,4.0,1.8,0.0,0.6,0,2,2,4,1,0.00,0.01,0.01,1.49,,,,,,,[],https://www.brentfordfc.com/en/news/article/first-team-brentford-v-sunderland-premier-league-injury-update?utm_source=premier_league&utm_medium=referral&utm_campaign=fantasy&utm_content=injuries-flag,492,223,474,227,813,362,505,230,0.0,0.0,0.02,0.02,2.98,6.0,217,134,787,346,513,237,658,259,2.0,0.0,8.0
True,True,0.0,0.0,244858,0,0,-4,4,0,0,3,0.0,0.0,0,Fábio,0.0,123,False,Knee injury - Expected back 01 Jun,2025-11-28T19:00:08.330112Z,46,244858.jpg,2.2,False,Freitas Gouveia Carvalho,0.1,False,,i,5,94,13,27382,6,51777,10,0.0,2.8,Carvalho,Fábio Carvalho,173.0,2024-08-12,2002-08-30,False,p244858,100,1,0,0,4,0,0,0,0,0,0,1,42,39.0,6.5,36.0,8.1,0,5,3,8,1,0.70,0.03,0.73,2.08,,,,,4.0,,[],https://www.brentfordfc.com/en/news/article/first-team-brentford-v-fulham-premier-league-injury-update-aaron-hickey-jordan-henderson?utm_source=premier_league&utm_medium=referral&utm_campaign=fantasy&utm_content=injuries-flag,439,192,450,216,362,187,440,197,0.63,0.0,0.03,0.66,1.87,3.6,400,248,710,292,316,134,473,165,0.9,0.0,7.2
True,True,100.0,100.0,56979,0,0,0,0,0,0,3,-0.3,0.2,1,Jordan,0.2,124,False,,2026-04-11T20:30:08.727460Z,50,56979.jpg,2.5,False,Henderson,0.3,False,,a,5,94,76,101387,88,108970,76,0.0,15.2,Henderson,,241.0,2025-07-15,1990-06-17,False,p56979,1852,1,3,6,27,0,0,0,5,0,0,5,336,332.0,349.3,49.0,73.0,58,96,26,180,21,0.33,2.29,2.62,26.37,,,,,,,[],,220,90,109,76,344,177,222,106,0.02,0.0,0.11,0.13,1.28,1.31,242,146,374,169,275,112,327,111,1.02,0.29,8.75
True,True,100.0,100.0,204580,0,0,-1,1,0,1,3,0.3,0.8,2,Vitaly,0.8,125,False,,2026-02-28T22:00:07.860819Z,49,204580.jpg,3.0,False,Janelt,0.1,False,,a,5,94,73,67772,26,59466,47,0.2,14.9,Janelt,,80.0,2020-10-03,1998-05-10,False,p204580,1344,1,4,5,20,0,0,0,7,0,0,6,315,336.0,334.8,91.0,75.3,70,79,24,173,14,0.82,2.09,2.91,23.58,2.0,,,,,,[],,216,88,117,82,294,156,213,101,0.05,0.0,0.14,0.19,1.58,1.34,298,185,303,126,195,76,492,176,0.94,0.33,11.58
True,True,,,207283,0,0,-1,1,0,0,3,4.3,4.8,2,Mathias,4.8,126,False,,,49,207283.jpg,2.7,False,Jensen,0.2,False,,a,5,94,96,32728,268,25499,304,1.0,19.6,Jensen,,58.0,2019-07-10,1996-01-01,False,p207283,2157,3,2,9,32,0,0,0,3,0,0,1,453,428.0,595.3,198.0,122.1,61,113,39,213,25,2.17,5.86,8.03,33.77,1.0,,2.0,,5.0,,[],,159,56,36,33,180,96,94,55,0.09,0.0,0.24,0.33,1.41,1.34,301,187,39,14,239,92,411,142,1.04,0.38,8.89
True,False,0.0,0.0,626464,0,0,-1,1,0,0,3,0.0,0.0,0,Gustavo,0.0,127,False,has joined Swansea City on loan for the rest of the season.,2026-01-23T16:43:23.380280Z,49,626464.jpg,0.0,False,Nunes Fernandes Gomes,0.0,False,,u,5,94,0,1544,0,2370,2,0.0,0.0,Nunes,,30.0,2024-08-28,2005-11-20,False,p626464,0,0,0,0,0,0,0,0,0,0,0,0,0,0.0,0.0,0.0,0.0,0,0,0,0,0,0.00,0.00,0.00,0.00,,,,,,,[],,799,350,796,351,792,349,799,350,0.0,0.0,0.0,0.0,0.0,0.0,340,212,759,325,800,351,733,306,0.0,0.0,0.0
True,False,0.0,0.0,428580,0,0,-2,2,0,0,3,0.0,0.0,0,Frank,0.0,128,False,has joined Coventry City on loan for the rest of the season.,2026-02-02T23:18:34.199775Z,48,428580.jpg,2.0,False,Onyeka,0.0,False,,u,5,94,12,5396,0,8992,2,0.0,2.5,Onyeka,,157.0,2021-07-20,1998-01-01,False,p428580,88,0,2,0,2,0,0,0,0,0,0,0,41,28.4,13.6,4.0,4.6,3,5,2,10,0,0.00,0.36,0.36,2.02,,,,,,,[],,453,201,424,208,443,216,465,207,0.0,0.0,0.37,0.37,2.07,2.05,361,224,727,302,348,150,612,232,0.0,0.0,10.23
True,True,100.0,100.0,508395,0,0,0,0,0,0,3,3.7,4.2,8,Yehor,4.2,129,False,,2025-10-25T23:00:07.803030Z,50,508395.jpg,2.8,False,Yarmoliuk,0.1,False,,a,5,94,104,27150,147,24378,65,0.8,20.8,Yarmoliuk,,225.0,2022-10-28,2004-03-01,False,p508395,2652,1,3,8,42,0,0,0,7,0,0,1,448,445.0,273.0,117.0,83.4,83,186,69,338,30,1.22,1.39,2.61,40.31,,,,,,,[],,149,53,155,103,260,142,185,92,0.04,0.0,0.05,0.09,1.37,1.43,272,166,53,22,227,87,481,170,1.02,0.27,11.47
True,True,,,606689,0,0,-1,1,0,0,3,-0.5,0.0,0,Romelle,0.0,130,False,,,44,606689.jpg,1.0,False,Donovan,0.1,False,,a,5,94,4,17658,63,20672,47,0.0,0.9,Donovan,,241.0,2025-07-01,2006-11-30,False,p606689,38,0,0,0,0,0,0,0,0,0,0,0,19,8.4,11.5,21.0,4.2,0,5,0,5,0,0.09,0.01,0.10,0.39,,,,,,,[],,479,214,430,212,394,198,468,208,0.21,0.0,0.02,0.23,0.92,0.0,578,350,611,214,487,216,477,167,0.0,0.0,11.84
True,False,0.0,0.0,628204,0,0,-2,2,0,0,3,0.0,0.0,0,Yunus Emre,0.0,131,False,has joined Oxford United on loan for the rest of the season.,2026-01-16T15:17:51.447836Z,43,628204.jpg,0.0,False,Konak,0.1,False,,u,5,94,0,38108,0,46318,29,0.0,0.0,Konak,,219.0,2024-01-11,2006-01-10,False,p628204,0,0,0,0,0,0,0,0,0,0,0,0,0,0.0,0.0,0.0,0.0,0,0,0,0,0,0.00,0.00,0.00,0.00,,,,,,,[],,667,250,665,256,642,245,669,252,0.0,0.0,0.0,0.0,0.0,0.0,628,376,578,196,678,260,438,150,0.0,0.0,0.0
True,False,0.0,0.0,220695,0,0,0,0,0,0,3,0.0,0.0,0,Paris,0.0,132,False,has joined Norwich City permanently.,2026-01-27T16:47:33.569182Z,45,220695.jpg,0.0,False,Maghoma,0.0,False,,u,5,94,0,4038,0,5649,2,0.0,0.0,Maghoma,,241.0,2020-08-01,2001-05-08,False,p220695,0,0,0,0,0,0,0,0,0,0,0,0,0,0.0,0.0,0.0,0.0,0,0,0,0,0,0.00,0.00,0.00,0.00,,,,,,,[],,702,270,699,274,680,266,704,272,0.0,0.0,0.0,0.0,0.0,0.0,423,253,622,219,709,276,692,278,0.0,0.0,0.0
True,False,0.0,0.0,450539,0,0,-1,1,0,0,3,0.0,0.0,0,Myles,0.0,133,False,has joined Oxford United permanently.,2026-01-15T12:49:06.966037Z,44,450539.jpg,1.0,False,Peart-Harris,0.0,False,,u,5,94,1,3881,0,6540,3,0.0,0.2,Peart-Harris,,241.0,2021-07-23,2002-09-18,False,p450539,1,0,0,0,0,0,0,0,0,0,0,0,2,0.0,0.0,0.0,0.0,0,0,0,0,0,0.00,0.00,0.00,0.00,,,,,,,[],,675,253,673,258,652,248,677,255,0.0,0.0,0.0,0.0,0.0,0.0,551,332,590,199,482,211,645,251,0.0,0.0,0.0
True,False,0.0,0.0,591357,0,0,0,0,0,0,3,0.0,0.0,0,Ryan,0.0,134,False,Has joined Wigan on loan for the rest of the season,2025-08-11T01:07:54.335986Z,45,591357.jpg,0.0,False,Trevitt,0.0,False,,u,5,94,0,0,0,955,1,0.0,0.0,Trevitt,,241.0,2024-01-08,2003-03-12,False,p591357,0,0,0,0,0,0,0,0,0,0,0,0,0,0.0,0.0,0.0,0.0,0,0,0,0,0,0.00,0.00,0.00,0.00,,,,,,,[],,754,316,749,317,735,313,754,316,0.0,0.0,0.0,0.0,0.0,0.0,493,305,682,269,757,318,802,351,0.0,0.0,0.0
True,True,100.0,100.0,502500,0,0,13,-13,0,6,4,2.3,2.8,2,Igor Thiago,2.8,136,True,,2025-12-18T01:30:08.634916Z,73,502500.jpg,4.8,False,Nascimento Rodrigues,32.0,False,,a,5,94,179,10032281,10166,6185314,58631,0.4,24.5,Thiago,Igor Thiago,30.0,2024-07-01,2001-06-26,False,p502500,3192,22,1,10,49,0,0,1,7,0,0,22,702,1010.8,378.7,1159.0,254.6,82,92,35,209,36,20.55,1.83,22.38,50.13,,,,,2.0,,[],,5,2,93,5,2,2,3,2,0.58,0.0,0.05,0.63,1.41,1.38,30,11,146,20,19,3,8,3,1.02,0.28,5.89
True,False,0.0,0.0,533710,0,0,-1,1,0,0,4,0.0,0.0,0,Iwan,0.0,137,False,has joined Shrewsbury on loan for the rest of the season.,2026-01-02T18:38:50.184481Z,44,533710.jpg,0.0,False,Morgan,0.3,False,,u,5,94,0,52422,0,82786,29,0.0,0.0,Morgan,,,,,False,p533710,0,0,0,0,0,0,0,0,0,0,0,0,0,0.0,0.0,0.0,0.0,0,0,0,0,0,0.00,0.00,0.00,0.00,,,,,,,[],,683,71,680,70,661,70,685,71,0.0,0.0,0.0,0.0,0.0,0.0,564,78,599,64,691,72,330,53,0.0,0.0,0.0
True,True,100.0,100.0,183656,0,0,-1,1,0,0,3,0.0,0.5,1,Josh,0.5,748,False,,2025-11-20T12:00:10.592439Z,49,183656.jpg,1.0,False,Dasilva,0.0,False,,a,5,94,2,269,5,271,2,0.1,0.4,Dasilva,,241.0,2025-10-23,1998-10-23,False,p183656,2,0,0,0,0,0,0,0,0,0,0,0,5,0.4,11.3,4.0,1.6,0,1,0,1,0,0.08,0.00,0.08,0.05,,,,,,,[],,517,235,431,213,444,217,487,220,3.6,0.0,0.0,3.6,2.25,0.0,294,182,326,140,503,229,816,361,0.0,0.0,45.0
True,True,100.0,100.0,593174,0,0,0,0,0,0,4,-0.3,0.2,0,Kaye,0.2,797,False,,2026-04-17T15:00:07.930549Z,45,593174.jpg,1.0,False,Furo,0.0,False,,a,5,94,1,2592,27,1791,19,0.0,0.2,Furo,,21.0,2026-01-11,2007-02-06,False,p593174,1,0,0,0,0,0,0,0,0,0,0,0,2,0.0,0.0,0.0,0.0,0,0,0,0,0,0.00,0.00,0.00,0.02,,,,,,,[],,756,80,751,79,737,79,756,80,0.0,0.0,0.0,0.0,1.8,0.0,495,69,365,49,496,59,695,88,0.0,0.0,0.0
True,True,,,559610,0,0,0,0,0,0,3,-0.5,0.0,0,Luka,0.0,810,False,,,45,559610.jpg,0.0,False,Bentt,0.0,False,,a,5,94,0,556,5,297,9,0.0,0.0,Bentt,,21.0,2026-01-31,2007-10-01,False,p559610,0,0,0,0,0,0,0,0,0,0,0,0,0,0.0,0.0,0.0,0.0,0,0,0,0,0,0.00,0.00,0.00,0.00,,,,,,,[],,734,299,730,301,714,295,735,300,0.0,0.0,0.0,0.0,0.0,0.0,469,285,658,249,738,302,799,348,0.0,0.0,0.0
True,True,,,494556,0,0,0,0,0,0,2,-0.5,0.0,0,Ollie,0.0,819,False,,,40,494556.jpg,0.0,False,Shield,0.0,False,,a,5,94,0,512,8,268,10,0.0,0.0,Shield,,241.0,2026-02-15,2006-09-25,False,p494556,0,0,0,0,0,0,0,0,0,0,0,0,0,0.0,0.0,0.0,0.0,0,0,0,0,0,0.00,0.00,0.00,0.00,,,,,,,[],,602,223,595,223,564,219,605,224,0.0,0.0,0.0,0.0,0.0,0.0,708,179,488,189,614,224,753,257,0.0,0.0,0.0
True,True,,,649240,0,0,0,0,0,0,2,-0.5,0.0,0,Joshua,0.0,823,False,,,40,649240.jpg,0.0,False,Stephenson,0.0,False,,a,5,94,0,153,4,85,5,0.0,0.0,Stephenson,,241.0,2025-08-01,2007-09-04,False,p649240,0,0,0,0,0,0,0,0,0,0,0,0,0,0.0,0.0,0.0,0.0,0,0,0,0,0,0.00,0.00,0.00,0.00,,,,,,,[],,638,250,632,250,603,248,641,251,0.0,0.0,0.0,0.0,0.0,0.0,754,214,529,220,649,250,789,263,0.0,0.0,0.0
True,True,,,587433,0,0,0,0,0,0,2,-0.5,0.0,0,Conor,0.0,824,False,,,40,587433.jpg,0.0,False,McManus,0.0,False,,a,5,94,0,225,3,101,5,0.0,0.0,McManus,,104.0,2024-07-19,2004-06-16,False,p587433,0,0,0,0,0,0,0,0,0,0,0,0,0,0.0,0.0,0.0,0.0,0,0,0,0,0,0.00,0.00,0.00,0.00,,,,,,,[],,623,237,617,237,587,234,626,238,0.0,0.0,0.0,0.0,0.0,0.0,735,197,511,204,634,237,785,262,0.0,0.0,0.0
True,True,,,547671,0,0,0,0,0,0,3,-0.5,0.0,0,Riley,0.0,826,False,,,45,547671.jpg,0.0,False,Owen,0.0,False,,a,5,94,0,224,9,71,4,0.0,0.0,Owen,,241.0,2024-07-19,2005-08-24,False,p547671,0,0,0,0,0,0,0,0,0,0,0,0,0,0.0,0.0,0.0,0.0,0,0,0,0,0,0.00,0.00,0.00,0.00,,,,,,,[],,728,294,725,297,708,290,729,295,0.0,0.0,0.0,0.0,0.0,0.0,462,280,652,244,734,299,820,363,0.0,0.0,0.0
True,True,,,49262,0,0,-3,3,0,0,1,0.0,0.5,0,Jason,0.0,138,False,,,42,49262.jpg,0.0,False,Steele,0.2,False,,a,6,36,0,12670,55,41919,61,0.0,0.0,Steele,,241.0,2018-07-01,1990-08-18,False,p49262,0,0,0,0,0,0,0,0,0,0,0,0,0,0.0,0.0,0.0,0.0,0,0,0,0,0,0.00,0.00,0.00,0.00,,,,,,,[],,643,91,638,81,609,67,646,91,0.0,0.0,0.0,0.0,0.0,0.0,631,28,537,81,654,91,357,50,0.0,0.0,0.0
True,True,,,489639,0,0,1,-1,0,3,1,4.0,4.5,2,Bart,4.0,139,False,,,46,489639.jpg,3.5,False,Verbruggen,9.5,False,,a,6,36,128,1461830,1699,1094456,6008,0.9,27.8,Verbruggen,,152.0,2023-07-03,2002-08-18,False,p489639,3330,0,0,10,43,1,1,0,3,0,101,6,604,896.2,10.0,0.0,90.8,31,322,1,0,37,0.00,0.06,0.06,47.40,,,,,,,[],,11,2,440,13,765,83,167,3,0.0,2.73,0.0,0.0,1.28,1.16,403,21,58,6,113,15,38,6,1.0,0.27,0.0
True,True,,,209288,0,0,-1,1,0,0,1,0.0,0.5,0,Tom,0.0,140,False,,,39,209288.jpg,0.0,False,McGill,0.3,False,,a,6,36,0,19076,36,30674,64,0.0,0.0,McGill,,39.0,2021-02-02,2000-03-25,False,p209288,0,0,0,0,0,0,0,0,0,0,0,0,0,0.0,0.0,0.0,0.0,0,0,0,0,0,0.00,0.00,0.00,0.00,,,,,,,[],,549,50,537,33,505,19,552,50,0.0,0.0,0.0,0.0,0.0,0.0,769,79,428,37,561,50,326,45,0.0,0.0,0.0
True,False,0.0,0.0,472739,0,0,0,0,0,0,1,0.0,0.0,0,Carl,0.0,141,False,Has joined Coventry City on loan for the rest of the season.,2025-07-25T14:54:18.206318Z,40,472739.jpg,0.0,False,Rushworth,0.0,False,,u,6,36,0,0,0,248,0,0.0,0.0,Rushworth,,241.0,2023-07-01,2001-07-02,False,p472739,0,0,0,0,0,0,0,0,0,0,0,0,0,0.0,0.0,0.0,0.0,0,0,0,0,0,0.00,0.00,0.00,0.00,,,,,,,[],,595,77,588,65,557,51,598,77,0.0,0.0,0.0,0.0,0.0,0.0,701,55,481,66,607,77,817,95,0.0,0.0,0.0
True,False,0.0,0.0,240514,0,0,0,0,0,0,1,0.0,0.0,0,Kjell,0.0,142,False,Has joined Union SG permanently,2025-07-25T14:53:26.961790Z,40,240514.jpg,0.0,False,Scherpen,0.0,False,,u,6,36,0,0,0,209,0,0.0,0.0,Scherpen,,152.0,2021-07-16,2000-01-23,False,p240514,0,0,0,0,0,0,0,0,0,0,0,0,0,0.0,0.0,0.0,0.0,0,0,0,0,0,0.00,0.00,0.00,0.00,,,,,,,[],,585,70,578,58,547,44,588,70,0.0,0.0,0.0,0.0,0.0,0.0,689,48,470,59,597,70,819,96,0.0,0.0,0.0
True,True,,,204120,0,0,-3,3,0,0,2,1.8,2.3,0,Olivier,1.8,143,False,,,42,204120.jpg,3.2,False,Boscagli,0.2,False,,a,6,36,39,23422,19,21295,294,0.4,9.3,Boscagli,,73.0,2025-07-02,1997-11-18,False,p204120,799,0,1,3,10,0,0,0,2,0,0,4,171,215.6,82.2,12.0,31.1,62,54,16,78,9,0.05,0.47,0.52,10.87,3.0,,,,,,[],,292,117,320,106,417,157,363,123,0.01,0.0,0.05,0.06,1.22,1.13,638,142,198,73,156,57,419,156,1.01,0.34,8.79
True,False,0.0,0.0,550090,0,0,-3,3,0,0,2,0.0,0.0,0,Diego,0.0,144,False,has joined Paris FC on loan for the rest of the season.,2026-01-30T15:58:36.007916Z,42,550090.jpg,2.0,False,Coppola,0.0,False,,u,6,36,10,2735,0,8470,8,0.0,2.4,Coppola,,106.0,2025-06-17,2003-12-28,False,p550090,193,0,0,1,3,0,0,0,2,0,0,0,32,42.4,3.7,2.0,4.8,16,6,2,18,2,0.00,0.01,0.01,4.52,,,,,,,[],,433,160,463,167,449,168,463,166,0.0,0.0,0.0,0.0,2.11,1.4,653,151,547,229,344,126,604,215,0.93,0.47,8.39
True,True,100.0,100.0,465730,0,0,-2,2,0,2,2,5.5,6.0,2,Maxim,5.5,145,False,,2025-09-13T21:30:07.998380Z,43,465730.jpg,2.9,False,De Cuyper,1.7,False,,a,6,36,84,282352,1353,749326,859,1.3,19.5,De Cuyper,,21.0,2025-07-05,2000-12-22,False,p465730,1359,2,3,5,21,0,0,0,2,0,0,9,319,317.6,472.2,147.0,93.7,42,68,21,63,16,1.64,3.90,5.54,22.90,,,1.0,,,,[],,229,92,60,10,235,61,159,52,0.11,0.0,0.26,0.37,1.52,1.39,596,133,22,9,200,79,153,62,1.06,0.33,4.17
True,True,100.0,100.0,83299,0,0,0,0,0,2,2,4.2,4.7,2,Lewis,4.2,146,False,,2026-03-21T19:00:09.902391Z,45,83299.jpg,3.1,False,Dunk,0.9,False,,a,6,36,99,181513,628,228220,491,0.9,22.0,Dunk,,241.0,2009-07-01,1991-11-21,False,p83299,2747,1,1,7,37,0,0,0,10,0,0,5,439,633.6,122.2,208.0,96.6,193,130,33,226,30,1.83,0.53,2.36,40.24,,,3.0,,,,[],,68,32,276,79,169,40,146,47,0.06,0.0,0.02,0.08,1.32,1.21,410,73,52,17,176,69,201,78,0.98,0.23,7.4
True,False,0.0,0.0,204214,0,0,0,0,0,0,2,0.0,0.0,0,Pervis,0.0,147,False,Has joined AC Milan permanently,2025-07-24T10:14:09.955203Z,45,204214.jpg,0.0,False,Estupiñán Tenorio,0.0,False,,u,6,36,0,0,0,1991,0,0.0,0.0,Estupiñan,,62.0,2022-07-16,1998-01-21,False,p204214,0,0,0,0,0,0,0,0,0,0,0,0,0,0.0,0.0,0.0,0.0,0,0,0,0,0,0.00,0.00,0.00,0.00,,,,,,,[],,700,260,697,260,678,259,702,260,0.0,0.0,0.0,0.0,0.0,0.0,419,79,620,244,707,260,756,258,0.0,0.0,0.0
True,True,,,231416,1,-1,0,0,0,1,2,6.0,6.5,2,Ferdi,6.0,148,False,,,45,231416.jpg,3.2,False,Kadıoğlu,1.4,False,,a,6,36,117,273308,2479,121952,2371,1.3,26.0,F.Kadıoğlu,,219.0,2024-08-27,1999-10-07,False,p231416,3040,1,2,10,38,0,0,0,6,0,0,7,513,498.4,439.5,280.0,122.1,110,127,56,166,33,2.01,3.29,5.30,42.95,,,,,,,[],,122,56,71,16,120,20,93,22,0.06,0.0,0.1,0.16,1.27,1.12,426,85,13,5,159,60,167,67,0.98,0.3,4.91
True,True,100.0,100.0,223434,0,0,0,0,0,0,2,0.0,0.5,0,Igor Julio,0.0,149,False,,2025-12-29T18:00:08.845429Z,45,223434.jpg,1.5,False,dos Santos de Paulo,0.1,False,,a,6,36,6,11493,21,11912,46,0.0,1.3,Igor,Igor Julio,30.0,2023-07-26,1998-02-07,False,p223434,103,0,0,0,3,0,0,0,0,0,0,0,10,25.8,10.6,0.0,3.6,13,3,0,13,1,0.00,0.00,0.00,4.66,,,,,,,[],,456,166,432,156,681,261,472,170,0.0,0.0,0.0,0.0,4.07,2.62,424,83,623,246,416,153,516,185,0.87,0.0,11.36
True,False,0.0,0.0,232792,0,0,-1,1,0,0,2,0.0,0.0,0,Tariq,0.0,150,False,has joined Fiorentina permanently.,2025-09-02T12:06:29.254107Z,44,232792.jpg,0.0,False,Lamptey,0.1,False,,u,6,36,0,2778,0,38718,2,0.0,0.0,Lamptey,,81.0,2020-01-31,2000-09-30,False,p232792,0,0,0,0,0,0,0,0,0,0,0,0,0,0.0,0.0,0.0,0.0,0,0,0,0,0,0.00,0.00,0.00,0.00,,,,,,,[],,672,259,670,259,649,258,674,259,0.0,0.0,0.0,0.0,0.0,0.0,542,110,586,240,682,259,522,187,0.0,0.0,0.0
True,True,100.0,100.0,469142,0,0,2,-2,0,1,2,4.0,4.5,2,Jan Paul,4.0,151,False,,2026-02-08T22:00:09.013159Z,47,469142.jpg,4.2,False,van Hecke,11.0,False,,a,6,36,147,2271327,3957,998932,10894,0.9,31.3,Van Hecke,,152.0,2020-09-10,2000-06-08,False,p469142,3120,3,3,10,41,1,0,0,9,0,0,8,573,963.0,238.8,295.0,150.1,258,111,52,310,35,3.31,1.53,4.83,44.61,,,,,,,[],,8,4,169,43,112,17,54,8,0.1,0.0,0.04,0.14,1.29,1.18,389,66,59,18,45,16,34,11,1.01,0.29,8.94
True,True,100.0,100.0,111478,0,0,-2,2,0,0,2,2.2,2.7,6,Joël,2.2,152,False,,2025-10-02T13:00:07.706508Z,43,111478.jpg,1.9,False,Veltman,0.1,False,,a,6,36,46,24648,90,39344,44,0.5,10.7,Veltman,,152.0,2020-07-29,1992-01-15,False,p111478,1047,1,0,2,13,0,0,0,5,0,0,1,176,247.0,80.5,68.0,39.6,68,40,31,99,9,1.15,0.20,1.35,17.27,,,,,,,[],,274,108,323,109,322,103,334,114,0.1,0.0,0.02,0.12,1.48,1.12,582,122,164,55,353,130,439,165,0.77,0.17,8.51
True,True,0.0,0.0,110735,0,0,-1,1,0,0,2,0.0,0.0,0,Adam,0.0,153,False,Knee injury - Unknown return date,2025-08-08T14:30:04.202011Z,44,110735.jpg,0.0,False,Webster,0.0,False,,i,6,36,0,1132,7,1868,4,0.0,0.0,Webster,,241.0,2019-08-03,1995-01-04,False,p110735,0,0,0,0,0,0,0,0,0,0,0,0,0,0.0,0.0,0.0,0.0,0,0,0,0,0,0.00,0.00,0.00,0.00,,,,,,,[],https://www.brightonandhovealbion.com/media-article/mft-match-preview-chelsea-bha-pl-september-2025?utm_source=premier_league&utm_medium=referral&utm_campaign=fantasy&utm_content=injuries-flag,670,258,667,258,646,257,672,258,0.0,0.0,0.0,0.0,0.0,0.0,533,103,582,238,680,258,765,260,0.0,0.0,0.0
True,False,0.0,0.0,439135,0,0,0,0,0,0,2,0.0,0.0,0,Eiran,0.0,154,False,has joined Blackburn Rovers on loan for the rest of the season.,2025-07-28T11:50:54.390347Z,40,439135.jpg,0.0,False,Cashin,0.0,False,,u,6,36,0,0,0,790,0,0.0,0.0,Cashin,,104.0,2025-01-31,2001-11-09,False,p439135,0,0,0,0,0,0,0,0,0,0,0,0,0,0.0,0.0,0.0,0.0,0,0,0,0,0,0.00,0.00,0.00,0.00,,,,,,,[],,588,217,581,217,550,213,591,218,0.0,0.0,0.0,0.0,0.0,0.0,692,171,473,182,600,218,792,264,0.0,0.0,0.0
True,False,0.0,0.0,589100,0,0,0,0,0,0,2,0.0,0.0,0,Jacob,0.0,155,False,has joined Harrogate Town on loan until January.,2025-09-22T21:52:58.462370Z,40,589100.jpg,0.0,False,Slater,0.1,False,,u,6,36,0,3175,0,16808,5,0.0,0.0,Slater,,,,,False,p589100,0,0,0,0,0,0,0,0,0,0,0,0,0,0.0,0.0,0.0,0.0,0,0,0,0,0,0.00,0.00,0.00,0.00,,,,,,,[],,625,238,619,238,589,235,628,239,0.0,0.0,0.0,0.0,0.0,0.0,737,198,513,205,636,238,512,181,0.0,0.0,0.0
True,True,,,547720,0,0,-2,2,0,0,2,0.0,0.5,0,Charlie,0.0,156,False,,,38,547720.jpg,0.0,False,Tasker,0.2,False,,a,6,36,0,13554,72,19041,56,0.0,0.0,Tasker,,241.0,2025-03-28,2006-02-24,False,p547720,0,0,0,0,0,0,0,0,0,0,0,0,0,0.0,0.0,0.0,0.0,0,0,0,0,0,0.00,0.00,0.00,0.00,,,,,,,[],,537,197,522,197,489,191,540,198,0.0,0.0,0.0,0.0,0.0,0.0,823,255,414,157,549,198,415,154,0.0,0.0,0.0
True,True,0.0,0.0,451340,0,0,-4,4,0,0,3,0.0,0.0,0,Mitoma,1.0,157,False,Hamstring injury - Expected back 01 Jun,2026-05-09T21:30:09.356823Z,61,451340.jpg,2.5,False,Kaoru,2.0,False,,i,6,36,62,397983,20,951465,4117,0.2,10.2,Mitoma,,108.0,2021-08-09,1997-05-20,False,p451340,1714,3,1,5,20,0,0,0,5,0,0,2,247,288.4,422.3,416.0,112.3,27,62,18,107,19,4.04,2.74,6.78,23.76,,,,,,,[],https://www.brightonandhovealbion.com/media-article/every-word-from-fabian-hurzelers-pre-leeds-united-press-conference?utm_source=premier_league&utm_medium=referral&utm_campaign=fantasy&utm_content=injuries-flag,247,105,74,55,66,38,110,64,0.21,0.0,0.14,0.35,1.25,1.05,82,54,282,120,282,116,136,44,1.0,0.26,5.62
True,True,100.0,100.0,463067,0,0,-4,4,0,0,3,2.2,2.7,1,Georginio,2.2,158,False,,2025-11-30T22:30:09.146377Z,56,463067.jpg,2.8,False,Rutter,0.3,False,,a,6,36,86,144791,85,264674,412,0.4,15.4,Georginio,,73.0,2024-08-19,2002-04-20,False,p463067,1760,3,5,7,20,1,0,0,2,0,0,2,289,337.0,347.9,443.0,112.7,37,60,32,129,20,2.84,2.90,5.74,21.53,,,,,,,[],,215,87,112,78,59,33,108,62,0.15,0.0,0.15,0.3,1.1,1.02,130,81,171,75,228,88,303,104,1.02,0.36,6.6
True,True,100.0,100.0,109345,0,0,-2,2,0,0,3,0.5,1.0,1,Solly,0.5,159,False,,2026-04-20T12:00:07.808781Z,58,109345.jpg,1.0,False,March,0.0,False,,a,6,36,3,3462,53,4303,32,0.1,0.5,March,,241.0,2012-07-01,1994-07-20,False,p109345,7,0,0,0,1,0,0,0,0,0,0,0,9,0.0,0.3,0.0,0.0,0,0,0,0,0,0.00,0.00,0.00,0.43,,,,,,,[],,829,372,495,241,828,372,829,372,0.0,0.0,0.0,0.0,5.53,12.86,105,68,342,150,516,240,705,285,0.0,0.0,0.0
True,True,100.0,100.0,592031,0,0,-5,5,0,0,3,4.0,4.5,3,Yankuba,4.0,160,False,,2025-12-31T00:00:09.377936Z,55,592031.jpg,3.5,False,Minteh,2.5,False,,a,6,36,116,2137977,1259,1998401,2664,0.7,21.1,Minteh,,78.0,2024-07-01,2004-07-22,False,p592031,2344,3,8,11,32,0,0,0,3,0,0,9,460,482.6,675.9,617.0,177.8,33,96,53,182,26,3.81,4.95,8.76,33.62,5.0,,,,,,[],,135,46,27,26,30,14,31,24,0.15,0.0,0.19,0.34,1.29,1.23,148,93,65,31,124,55,123,40,1.0,0.42,6.99
True,False,0.0,0.0,474120,0,0,-1,1,0,0,3,0.0,0.0,0,Julio,0.0,161,False,has joined Strasbourg permanently.,2025-08-10T18:00:05.470138Z,54,474120.jpg,0.0,False,Enciso Espínola,0.0,False,,u,6,36,0,105,0,2971,0,0.0,0.0,Enciso,,168.0,2022-06-17,2004-01-23,False,p474120,0,0,0,0,0,0,0,0,0,0,0,0,0,0.0,0.0,0.0,0.0,0,0,0,0,0,0.00,0.00,0.00,0.00,,,,,,,[],,823,367,824,368,822,367,823,367,0.0,0.0,0.0,0.0,0.0,0.0,168,104,805,356,824,368,757,321,0.0,0.0,0.0
True,False,0.0,0.0,513433,0,0,-1,1,0,0,3,0.0,0.0,0,Brajan,0.0,162,False,has joined Leipzig on loan for the rest of the season.,2026-02-02T13:42:58.370286Z,54,513433.jpg,1.9,False,Gruda,0.0,False,,u,6,36,35,16799,0,19920,7,0.0,6.5,Gruda,,80.0,2024-08-14,2004-05-31,False,p513433,708,1,1,2,11,0,0,0,2,0,0,2,114,134.4,217.1,152.0,50.0,4,40,14,58,8,1.86,0.88,2.74,13.82,,,,,,,[],,353,159,181,119,232,127,296,150,0.24,0.0,0.11,0.35,1.76,1.4,173,109,807,358,362,156,603,229,1.02,0.25,7.37
True,True,100.0,100.0,532529,0,0,-3,3,0,0,3,6.5,7.0,3,Jack,6.5,163,False,,2025-09-13T21:30:08.019508Z,52,532529.jpg,3.4,False,Hinshelwood,1.5,False,,a,6,36,89,235875,2469,53824,2412,1.2,17.1,Hinshelwood,,241.0,2022-12-30,2005-04-11,False,p532529,1663,4,5,7,20,1,0,0,0,0,0,2,307,308.4,216.4,408.0,92.8,35,59,17,111,19,4.94,2.32,7.26,26.23,,,,,,,[],,235,98,184,121,71,40,165,84,0.27,0.0,0.13,0.4,1.42,1.08,216,133,8,3,138,62,164,55,1.03,0.38,6.01
True,True,100.0,100.0,219249,0,0,0,0,0,1,3,0.2,0.7,0,Matt,0.2,164,False,,2025-09-02T12:06:29.272628Z,55,219249.jpg,2.7,False,O'Riley,0.3,False,,a,6,36,16,133512,52,200844,50,0.0,2.9,O'Riley,,58.0,2024-08-26,2000-11-21,False,p219249,202,1,0,1,3,0,0,0,0,0,0,2,48,65.4,67.7,63.0,19.6,3,2,5,10,2,1.21,0.18,1.39,2.53,,,,,3.0,,[],,418,180,339,181,330,170,395,182,0.54,0.0,0.08,0.62,1.13,1.34,139,87,381,173,247,98,304,105,0.89,0.45,4.46
True,False,0.0,0.0,516211,0,0,-1,1,0,0,3,0.0,0.0,0,Abdallah,0.0,165,False,has joined Lens permanently.,2025-09-02T12:06:29.290672Z,54,516211.jpg,0.0,False,Sima,0.0,False,,u,6,36,0,247,0,2255,0,0.0,0.0,Sima,,189.0,2021-08-30,2001-06-17,False,p516211,0,0,0,0,0,0,0,0,0,0,0,0,0,0.0,0.0,0.0,0.0,0,0,0,0,0,0.00,0.00,0.00,0.00,,,,,,,[],,824,368,825,369,823,368,824,368,0.0,0.0,0.0,0.0,0.0,0.0,174,110,808,359,825,369,741,312,0.0,0.0,0.0
True,True,100.0,100.0,509416,0,0,-2,2,0,2,3,0.8,1.3,1,Yasin,0.8,166,False,,2026-03-03T13:30:09.861024Z,48,509416.jpg,3.4,False,Ayari,0.4,False,,a,6,36,98,217952,138,201898,413,0.2,20.4,Ayari,,206.0,2023-01-30,2003-10-06,False,p509416,1921,3,4,6,24,0,0,0,1,0,0,7,406,359.8,251.3,231.0,84.5,54,124,47,225,20,2.70,1.15,3.85,26.85,,,2.0,,,,[],,201,78,166,109,148,83,179,90,0.13,0.0,0.05,0.18,1.26,1.12,371,231,299,124,135,59,294,102,0.94,0.28,10.54
True,True,100.0,100.0,535301,0,0,-5,5,0,0,3,3.2,3.7,3,Carlos,3.2,167,False,,2026-01-15T20:30:09.550299Z,45,535301.jpg,1.8,False,Baleba,1.5,False,,a,6,36,55,230545,1318,573176,605,0.7,12.2,Baleba,,38.0,2023-08-29,2004-01-03,False,p535301,1615,0,0,7,19,0,0,0,5,0,0,0,222,156.4,134.8,42.0,33.4,66,99,35,200,23,0.75,0.67,1.42,20.25,,,,,,,[],,340,155,258,162,353,182,355,170,0.04,0.0,0.04,0.08,1.13,1.06,458,276,102,46,377,159,160,54,1.28,0.39,11.15
True,True,100.0,100.0,514254,0,0,-1,1,0,2,3,0.2,0.7,1,Diego,0.2,169,False,,2026-04-20T12:00:07.818437Z,49,514254.jpg,3.1,False,Gómez Amarilla,0.4,False,,a,6,36,96,224242,94,188011,401,0.0,19.6,Gomez,,168.0,2025-01-01,2003-03-27,False,p514254,2059,5,1,8,26,0,0,0,9,0,0,9,357,438.2,318.3,414.0,117.2,47,106,76,229,25,5.96,1.71,7.67,27.85,,,5.0,,,,[],,153,55,126,87,68,39,98,56,0.26,0.0,0.07,0.33,1.22,1.14,333,205,373,168,182,71,288,98,1.09,0.35,10.01
True,True,100.0,100.0,15157,0,0,-1,1,0,0,3,0.0,0.5,0,James,0.0,170,False,,2026-04-11T20:30:08.760792Z,49,15157.jpg,1.8,False,Milner,0.1,False,,a,6,36,34,19755,52,25106,21,0.0,6.9,Milner,,241.0,2023-07-01,1986-01-04,False,p15157,714,1,1,2,14,0,0,0,2,0,0,0,153,137.6,149.5,59.0,34.4,24,38,14,76,6,1.03,0.65,1.68,11.32,,,,,1.0,,[],,352,158,243,154,335,173,350,168,0.13,0.0,0.08,0.21,1.43,1.76,282,174,731,306,379,160,475,166,0.76,0.25,9.58
True,False,0.0,0.0,441192,0,0,-1,1,0,0,3,0.0,0.0,0,Jeremy,0.0,171,False,has joined Middlesbrough on loan for the rest of the season.,2026-01-27T16:47:58.618791Z,49,441192.jpg,0.0,False,Sarmiento Morante,0.0,False,,u,6,36,0,197,0,2983,1,0.0,0.0,Sarmiento,,62.0,2021-09-21,2002-06-16,False,p441192,0,0,0,0,0,0,0,0,0,0,0,0,0,0.0,0.0,0.0,0.0,0,0,0,0,0,0.00,0.00,0.00,0.00,,,,,,,[],,795,348,792,349,788,347,795,348,0.0,0.0,0.0,0.0,0.0,0.0,322,199,751,320,796,349,718,296,0.0,0.0,0.0
True,False,0.0,0.0,549074,0,0,-2,2,0,0,3,0.0,0.0,0,Tom,0.0,172,False,has joined Millwall on loan for the rest of the season.,2026-02-02T13:42:58.389602Z,48,549074.jpg,0.8,False,Watson,0.0,False,,u,6,36,5,2397,0,4333,2,0.0,1.0,Watson,,241.0,2025-06-01,2006-04-08,False,p549074,57,0,0,0,2,0,0,0,1,0,0,0,15,6.0,2.4,7.0,1.6,0,4,1,5,0,0.04,0.03,0.07,1.72,,,,,,,[],,485,218,470,224,435,208,486,219,0.06,0.0,0.05,0.11,2.72,3.16,373,233,730,305,527,244,656,258,0.0,0.0,7.89
True,True,75.0,75.0,467779,0,0,-1,1,0,1,3,0.4,0.8,0,Mats,0.5,173,False,Ankle injury - 75% chance of playing,2026-05-02T23:30:09.953939Z,49,467779.jpg,3.7,False,Wieffer,0.3,False,,d,6,36,92,179986,4,152230,1182,0.1,18.8,Wieffer,,152.0,2024-07-06,1999-11-16,False,p467779,1811,2,4,6,23,0,0,0,8,0,0,6,387,467.4,288.3,209.0,96.5,100,100,64,264,22,1.92,1.85,3.77,22.29,,,,,,,[],https://www.brightonandhovealbion.com/media-article/every-word-from-fabian-hurzelers-pre-leeds-united-press-conference?utm_source=premier_league&utm_medium=referral&utm_campaign=fantasy&utm_content=injuries-flag,142,50,147,100,168,90,149,77,0.1,0.0,0.09,0.19,1.11,1.14,327,202,331,143,92,41,317,108,1.09,0.3,13.12
True,False,0.0,0.0,611695,0,0,0,0,0,0,3,0.0,0.0,0,Malick,0.0,174,False,Has joined Swansea City on loan for the rest of the season.,2025-08-15T12:03:00.771795Z,50,611695.jpg,0.0,False,Yalcouyé,0.0,False,,u,6,36,0,0,0,1268,1,0.0,0.0,Yalcouye,,54.0,2024-07-12,2005-11-18,False,p611695,0,0,0,0,0,0,0,0,0,0,0,0,0,0.0,0.0,0.0,0.0,0,0,0,0,0,0.00,0.00,0.00,0.00,,,,,,,[],,814,362,814,363,809,361,814,362,0.0,0.0,0.0,0.0,0.0,0.0,279,172,778,339,815,363,788,342,0.0,0.0,0.0
True,False,0.0,0.0,567121,0,0,-1,1,0,0,3,0.0,0.0,0,Joe,0.0,175,False,has joined Stevenage permanently.,2026-02-06T22:48:38.233784Z,44,567121.jpg,1.0,False,Knight,0.1,False,,u,6,36,1,11030,0,15518,8,0.0,0.2,Knight,,241.0,2025-01-31,2005-09-21,False,p567121,1,0,0,0,0,0,0,0,0,0,0,0,3,0.0,0.0,0.0,0.0,0,0,0,0,0,0.00,0.00,0.00,0.00,,,,,,,[],,688,263,685,267,666,259,690,265,0.0,0.0,0.0,0.0,0.0,0.0,570,345,604,210,485,214,546,202,0.0,0.0,0.0
True,False,0.0,0.0,550141,0,0,0,0,0,0,3,0.0,0.0,0,Adrian,0.0,176,False,has joined Dinamo Bucharest permanently.,2025-09-22T21:46:15.598017Z,45,550141.jpg,0.0,False,Mazilu,0.0,False,,u,6,36,0,1435,0,4629,1,0.0,0.0,Mazilu,,,,,False,p550141,0,0,0,0,0,0,0,0,0,0,0,0,0,0.0,0.0,0.0,0.0,0,0,0,0,0,0.00,0.00,0.00,0.00,,,,,,,[],,729,295,726,298,709,291,730,296,0.0,0.0,0.0,0.0,0.0,0.0,463,281,653,245,735,300,701,283,0.0,0.0,0.0
True,False,0.0,0.0,513834,0,0,0,0,0,0,3,0.0,0.0,0,Andrew,0.0,177,False,Has joined Los Angeles FC on loan for the rest of the season.,2025-08-22T14:16:38.542849Z,45,513834.jpg,0.0,False,Moran,0.0,False,,u,6,36,0,490,0,5130,0,0.0,0.0,Moran,,104.0,2021-08-23,2003-10-15,False,p513834,0,0,0,0,0,0,0,0,0,0,0,0,0,0.0,0.0,0.0,0.0,0,0,0,0,0,0.00,0.00,0.00,0.00,,,,,,,[],,720,286,717,289,700,282,721,287,0.0,0.0,0.0,0.0,0.0,0.0,453,271,644,236,726,291,714,293,0.0,0.0,0.0
True,True,100.0,100.0,50175,0,0,-1,1,0,3,4,3.8,4.3,2,Danny,3.8,178,False,,2025-12-19T14:00:08.695558Z,64,50175.jpg,3.5,False,Welbeck,9.0,False,,a,6,36,125,3278235,6424,2710807,19865,0.6,19.5,Welbeck,,241.0,2020-10-18,1990-11-26,False,p50175,2191,13,1,10,25,0,0,2,5,0,0,18,512,578.8,307.6,799.0,167.9,39,48,24,111,25,12.36,1.39,13.75,30.18,,,4.0,,2.0,,[],,83,7,132,8,14,7,36,7,0.51,0.0,0.06,0.57,1.24,1.03,55,20,78,12,126,11,43,9,1.03,0.41,4.56
True,False,0.0,0.0,487117,0,0,0,0,0,0,4,0.0,0.0,0,Evan,0.0,179,False,Has joined AS Roma on loan for the rest of the season,2025-07-24T10:13:22.396984Z,55,487117.jpg,0.0,False,Ferguson,0.0,False,,u,6,36,0,0,0,1562,0,0.0,0.0,Ferguson,,104.0,2021-08-23,2004-10-19,False,p487117,0,0,0,0,0,0,0,0,0,0,0,0,0,0.0,0.0,0.0,0.0,0,0,0,0,0,0.00,0.00,0.00,0.00,,,,,,,[],,828,90,829,90,827,90,828,90,0.0,0.0,0.0,0.0,0.0,0.0,145,36,815,86,829,90,762,92,0.0,0.0,0.0
True,True,0.0,0.0,608181,0,0,-3,3,0,0,4,0.0,0.0,0,Stefanos,0.0,180,False,Knee injury - Expected back 01 Jun,2025-12-04T09:00:09.057817Z,52,608181.jpg,1.8,False,Tzimas,0.1,False,,i,6,36,16,13680,29,23652,9,0.0,3.1,Tzimas,,83.0,2025-02-03,2006-01-06,False,p608181,132,1,1,0,2,0,0,0,0,0,0,0,55,66.6,65.7,44.0,17.7,2,10,3,15,1,0.44,0.11,0.55,2.59,,,,,,,[],https://www.brightonandhovealbion.com/media-article/mft-injury-update-stefanos-tzimas-out-for-season-december-2025?utm_source=premier_league&utm_medium=referral&utm_campaign=fantasy&utm_content=injuries-flag,414,48,343,44,350,54,397,50,0.3,0.0,0.08,0.38,1.77,1.36,220,48,789,84,384,43,538,74,0.68,0.0,10.23
True,True,,,647850,0,0,-2,2,0,0,4,0.8,1.3,1,Charalampos,0.8,181,False,,,48,647850.jpg,1.7,False,Kostoulas,0.3,False,,a,6,36,34,58393,108,80802,104,0.2,7.1,Kostoulas,,83.0,2025-07-01,2007-05-30,False,p647850,320,2,1,1,9,0,0,0,2,0,0,3,136,139.8,104.9,236.0,48.0,5,24,11,40,2,1.93,0.46,2.39,5.89,,,,,,,[],,351,36,293,31,144,37,304,34,0.54,0.0,0.13,0.67,1.66,2.53,375,64,301,39,398,45,308,49,0.56,0.28,11.25
True,True,,,556637,0,0,0,0,0,0,3,0.0,0.5,0,Nehemiah,0.0,744,False,,,45,556637.jpg,1.0,False,Oriola,0.0,False,,a,6,36,1,3313,21,2456,8,0.0,0.2,Oriola,,241.0,2025-10-17,2007-06-11,False,p556637,1,0,0,0,0,0,0,0,0,0,0,0,3,0.0,0.0,0.0,0.0,0,0,0,0,0,0.00,0.00,0.00,0.00,,,,,,,[],,733,298,729,300,713,294,734,299,0.0,0.0,0.0,0.0,0.0,0.0,468,284,657,248,490,219,710,290,0.0,0.0,0.0
True,True,,,604988,0,0,0,0,0,0,2,0.0,0.5,0,Freddie,0.0,761,False,,,40,604988.jpg,0.0,False,Simmonds,0.0,False,,a,6,36,0,1433,13,1143,14,0.0,0.0,Simmonds,,241.0,2024-07-01,2008-03-09,False,p604988,0,0,0,0,0,0,0,0,0,0,0,0,0,0.0,0.0,0.0,0.0,0,0,0,0,0,0.00,0.00,0.00,0.00,,,,,,,[],,629,242,623,242,593,239,632,243,0.0,0.0,0.0,0.0,0.0,0.0,742,203,518,210,640,242,686,244,0.0,0.0,0.0
True,True,,,60307,0,0,1,-1,0,1,3,4.8,5.3,3,Pascal,4.8,783,False,,,56,60307.jpg,4.2,False,Groß,3.2,False,,a,6,36,76,556386,1002,140544,5099,0.9,13.6,Groß,,80.0,2026-01-02,1991-06-15,False,p60307,1546,1,6,6,14,0,0,0,2,0,0,10,378,389.4,662.3,191.0,124.2,38,71,29,138,17,1.28,3.80,5.08,18.70,1.0,,,,,,[],,185,71,30,27,189,102,90,53,0.07,0.0,0.22,0.29,1.09,0.82,120,75,40,15,48,22,106,36,0.99,0.35,8.03
True,True,,,597320,0,0,0,0,0,0,3,0.0,0.5,0,Harry,0.0,795,False,,,45,597320.jpg,1.3,False,Howell,0.0,False,,a,6,36,4,1078,12,588,7,0.0,0.9,Howell,,241.0,2025-04-11,2008-04-20,False,p597320,92,0,0,0,2,0,0,0,0,0,0,0,11,10.2,5.1,2.0,1.8,3,3,1,7,1,0.00,0.03,0.03,1.04,,,,,,,[],,473,208,458,220,457,226,483,217,0.0,0.0,0.03,0.03,1.02,1.96,497,308,685,272,440,192,768,327,0.98,0.0,6.85
True,True,100.0,75.0,215059,0,0,-2,2,0,2,1,1.0,0.8,1,Robert,1.0,220,False,,2026-05-04T20:30:09.448691Z,48,215059.jpg,3.2,False,Lynch Sánchez,10.3,False,,a,7,8,110,1759364,1771,3367462,3856,0.2,22.9,Sánchez,,200.0,2023-08-05,1997-11-18,False,p215059,2892,0,1,9,46,0,0,0,3,1,91,7,485,762.8,50.0,0.0,80.8,27,282,2,0,34,0.00,0.04,0.04,45.14,,,,,,,[],,36,10,362,1,774,88,195,7,0.0,2.83,0.0,0.0,1.4,1.43,353,13,271,22,160,21,37,5,1.06,0.28,0.0
True,True,100.0,100.0,508479,0,0,-2,2,0,0,1,0.8,0.8,0,Filip,0.8,221,False,,2026-03-15T12:30:10.053086Z,43,508479.jpg,1.8,False,Jörgensen,0.2,False,,a,7,8,9,19571,136,30245,78,0.2,2.1,Jörgensen,,58.0,2024-07-30,2002-04-16,False,p508479,378,0,0,0,5,0,0,0,0,0,8,0,50,79.8,0.0,0.0,7.9,3,34,0,0,3,0.00,0.00,0.00,4.12,,,,,,,[],,405,30,654,86,631,75,442,30,0.0,1.9,0.0,0.0,0.98,1.19,611,27,293,24,374,35,401,57,0.71,0.0,0.0
True,False,0.0,0.0,549939,0,0,0,0,0,0,1,0.0,0.0,0,Mike,0.0,222,False,Has joined RC Strasbourg on loan for the rest of the season.,2025-07-28T11:48:06.001822Z,40,549939.jpg,0.0,False,Penders,0.0,False,,u,7,8,0,0,0,346,0,0.0,0.0,Penders,,21.0,2024-08-27,2005-07-31,False,p549939,0,0,0,0,0,0,0,0,0,0,0,0,0,0.0,0.0,0.0,0.0,0,0,0,0,0,0.00,0.00,0.00,0.00,,,,,,,[],,614,86,608,75,578,61,617,86,0.0,0.0,0.0,0.0,0.0,0.0,726,65,502,76,625,86,809,94,0.0,0.0,0.0
True,True,,,471798,0,0,-1,1,0,0,1,0.0,0.0,0,Gabriel,0.0,223,False,,,39,471798.jpg,0.0,False,Słonina,0.1,False,,a,7,8,0,10496,35,13566,27,0.0,0.0,Slonina,,229.0,2022-08-02,2004-05-15,False,p471798,0,0,0,0,0,0,0,0,0,0,0,0,0,0.0,0.0,0.0,0.0,0,0,0,0,0,0.00,0.00,0.00,0.00,,,,,,,[],,557,55,545,38,513,24,560,55,0.0,0.0,0.0,0.0,0.0,0.0,780,84,436,42,569,55,471,68,0.0,0.0,0.0
True,True,100.0,100.0,179268,0,0,1,-1,0,0,2,1.8,1.8,1,Marc,1.8,224,False,,2026-02-11T13:00:09.713531Z,61,179268.jpg,3.1,False,Cucurella Saseta,14.4,False,,a,7,8,103,3065783,4155,3943102,2709,0.3,16.9,Cucurella,,200.0,2022-08-05,1998-07-22,False,p179268,2558,1,4,9,36,0,0,0,7,1,0,5,468,549.0,574.4,307.0,143.2,126,109,52,178,30,2.34,3.22,5.56,37.95,,,,,,,[],,100,46,41,3,105,14,61,10,0.08,0.0,0.11,0.19,1.34,1.27,79,3,216,80,190,75,23,9,1.06,0.32,6.26
True,True,100.0,100.0,225796,0,0,1,-1,0,1,2,0.2,0.2,0,Reece,0.2,225,False,,2026-03-17T08:30:10.494517Z,56,225796.jpg,4.1,False,James,5.9,False,,a,7,8,114,2198574,2903,2269404,893,0.0,20.4,James,,241.0,2019-05-15,1999-12-08,False,p225796,1919,2,6,8,20,0,0,0,4,0,0,11,488,454.0,482.1,109.0,104.7,80,99,48,128,20,1.02,3.16,4.18,28.29,1.0,,1.0,,,,[],,145,59,59,9,268,74,127,39,0.05,0.0,0.15,0.2,1.33,0.94,128,12,382,134,56,20,70,22,0.94,0.38,6.0
True,True,100.0,100.0,180736,0,0,4,-4,0,2,2,0.5,0.5,0,Trevoh,0.5,226,False,,2026-03-17T23:30:09.487098Z,54,180736.jpg,4.2,False,Chalobah,8.9,False,,a,7,8,134,4839567,1463,4129035,3747,0.1,24.8,Chalobah,,241.0,2018-02-16,1999-07-05,False,p180736,2739,3,1,9,40,0,0,0,3,1,0,7,507,704.4,110.5,160.0,97.5,224,118,35,259,31,1.44,1.03,2.47,40.34,,,,,,,[],,47,20,282,84,225,58,144,46,0.05,0.0,0.03,0.08,1.33,1.31,155,17,339,121,47,17,46,14,1.02,0.3,8.51
True,True,100.0,100.0,460028,0,0,-3,3,0,0,2,1.2,1.2,0,Levi,1.2,227,False,,2025-08-08T14:30:04.255160Z,47,460028.jpg,2.5,False,Samuels Colwill,0.1,False,,a,7,8,5,5162,834,31137,51,0.3,1.1,Colwill,,241.0,2022-07-01,2003-02-26,False,p460028,135,0,0,0,2,0,0,0,0,0,0,0,18,34.8,6.4,2.0,4.4,10,4,2,12,1,0.00,0.02,0.02,1.52,,,,,,,[],,441,162,454,164,458,170,467,168,0.0,0.0,0.01,0.01,1.01,1.33,387,65,251,96,271,106,441,166,0.67,0.0,8.0
True,True,100.0,100.0,482609,0,0,-2,2,0,2,2,0.8,0.8,0,Malo,0.8,228,False,,2026-03-17T23:30:09.506423Z,48,482609.jpg,2.9,False,Gusto,1.8,False,,a,7,8,97,558713,815,569349,739,0.2,20.2,Gusto,,73.0,2023-01-28,2003-05-19,False,p482609,2171,2,3,7,34,0,0,0,3,1,0,7,406,432.4,436.0,201.0,107.0,69,121,50,119,25,1.56,2.42,3.98,35.36,,,,,,,[],,155,64,72,17,178,43,122,35,0.06,0.0,0.1,0.16,1.47,1.41,365,62,297,113,204,82,145,58,1.04,0.29,4.93
True,True,100.0,100.0,242880,0,0,-1,1,0,0,2,0.0,0.0,0,Benoît,0.0,229,False,,2026-03-17T23:30:09.519518Z,44,242880.jpg,0.9,False,Badiashile Mukinayi,0.0,False,,a,7,8,7,9155,17,9976,6,0.0,1.6,B.Badiashile,,73.0,2023-01-05,2001-03-26,False,p242880,470,0,0,0,10,0,0,0,2,0,0,0,48,102.8,7.9,2.0,11.4,41,16,7,48,6,0.00,0.06,0.06,7.41,,,,,,,[],,384,141,445,159,454,169,425,153,0.0,0.0,0.01,0.01,1.42,1.91,544,112,587,241,519,176,650,232,1.15,0.0,9.19
True,True,100.0,100.0,444463,0,0,-1,1,0,0,2,1.5,1.5,1,Wesley,1.5,230,False,,2026-02-21T18:30:08.885079Z,44,444463.jpg,2.8,False,Fofana,0.4,False,,a,7,8,66,137297,224,129432,159,0.3,15.0,Fofana,,73.0,2022-08-31,2000-12-17,False,p444463,1609,0,2,4,22,0,0,0,5,1,0,3,291,448.2,65.0,72.0,58.6,177,75,19,196,19,0.72,0.60,1.32,22.80,,,,,,,[],,147,61,344,118,316,99,263,87,0.04,0.0,0.03,0.07,1.28,1.23,548,115,225,84,220,87,299,111,1.06,0.22,10.96
True,True,100.0,100.0,574458,0,0,0,0,0,0,2,0.0,0.0,0,Mamadou,0.0,231,False,,2025-08-11T01:09:37.642396Z,45,574458.jpg,1.0,False,Sarr,0.0,False,,a,7,8,2,3756,28,4136,23,0.0,0.4,M.Sarr,Mamadou Sarr,189.0,2025-06-09,2005-08-29,False,p574458,91,0,0,0,3,0,0,0,0,0,0,0,1,6.2,0.1,7.0,1.3,7,2,1,8,1,0.35,0.00,0.35,1.42,,,,,,,[],,483,173,499,178,434,166,495,173,0.35,0.0,0.0,0.35,1.4,2.97,479,96,668,251,492,175,664,234,0.99,0.0,7.91
True,True,100.0,100.0,109646,0,0,-5,5,0,0,2,0.0,0.0,0,Tosin,0.0,232,False,,2026-02-09T15:30:09.138219Z,40,109646.jpg,2.1,False,Adarabioyo,0.3,False,,a,7,8,34,110575,100,224874,45,0.0,8.5,Tosin,,241.0,2024-07-01,1997-09-24,False,p109646,788,0,0,2,14,0,0,0,2,0,0,2,130,240.4,33.3,19.0,29.3,80,22,17,97,8,0.11,0.40,0.50,13.25,,,,,,,[],,277,110,391,141,400,145,370,127,0.01,0.0,0.05,0.06,1.51,1.6,677,163,460,176,326,121,346,126,0.91,0.23,11.08
True,True,100.0,100.0,577016,0,0,-3,3,0,1,2,0.5,0.5,1,Josh,0.5,233,False,,2025-09-24T11:30:08.237944Z,37,577016.jpg,2.3,False,Acheampong,1.7,False,,a,7,8,37,648782,3057,554984,1498,0.1,10.0,Acheampong,,241.0,2024-03-10,2006-05-05,False,p577016,611,1,0,2,12,0,0,0,1,0,0,5,112,127.8,40.3,66.0,23.4,32,23,10,42,8,0.60,0.13,0.73,14.14,,,,,,,[],,364,137,378,137,324,105,385,133,0.09,0.0,0.02,0.11,2.08,1.77,837,268,318,116,299,112,152,61,1.18,0.29,6.19
True,False,0.0,0.0,622758,0,0,0,0,0,0,2,0.0,0.0,0,Aarón,0.0,234,False,has joined Strasbourg on loan for the rest of the season.,2026-02-02T23:19:25.503392Z,40,622758.jpg,0.0,False,Anselmino,0.1,False,,u,7,8,0,1262,0,10299,2,0.0,0.0,Anselmino,,10.0,2024-08-08,2005-04-29,False,p622758,0,0,0,0,0,0,0,0,0,0,0,0,0,0.0,0.0,0.0,0.0,0,0,0,0,0,0.00,0.00,0.00,0.00,,,,,,,[],,633,246,627,246,597,243,636,247,0.0,0.0,0.0,0.0,0.0,0.0,747,208,523,215,644,246,579,207,0.0,0.0,0.0
True,True,100.0,100.0,244851,0,0,-2,2,0,2,3,0.8,0.8,1,Cole,0.8,235,False,,2026-01-22T01:30:07.085135Z,103,244851.jpg,4.2,False,Palmer,12.5,False,,a,7,8,105,3303997,2333,8524242,6529,0.1,10.2,Palmer,,241.0,2023-09-01,2002-05-06,False,p244851,1808,9,2,3,30,0,0,1,4,0,0,9,400,495.6,376.8,508.0,138.0,27,79,24,130,23,10.19,2.46,12.65,27.68,,,3.0,,1.0,,[],,127,42,95,67,50,29,66,41,0.51,0.0,0.12,0.63,1.38,1.49,5,3,316,136,51,24,32,11,1.14,0.15,6.47
True,True,100.0,75.0,247632,0,0,0,0,0,1,3,1.5,1.1,4,Pedro,1.5,236,False,,2026-05-04T21:30:09.209550Z,70,247632.jpg,3.6,False,Lomba Neto,3.9,False,,a,7,8,118,2031622,407,2114559,1279,0.2,16.9,Neto,Pedro Neto,173.0,2024-08-11,2000-03-09,False,p247632,2509,5,6,11,30,0,0,0,2,1,0,8,513,472.2,784.0,477.0,173.6,19,82,16,117,29,4.51,6.72,11.23,34.37,2.0,,4.0,,,,[],,139,49,15,15,57,32,33,26,0.16,0.0,0.24,0.4,1.23,1.08,36,21,238,104,109,47,92,31,1.04,0.39,4.2
True,True,100.0,100.0,448047,0,0,-1,1,0,2,3,4.5,4.5,6,Enzo,4.5,237,False,,2026-04-04T08:30:09.435637Z,64,448047.jpg,4.3,False,Fernández,10.8,False,,a,7,8,149,5723195,6580,5096356,4962,0.7,23.3,Enzo,,10.0,2023-01-31,2001-01-17,False,p448047,2966,10,4,8,43,0,0,0,9,0,0,16,672,769.0,1009.0,735.0,251.3,48,131,51,230,34,11.26,6.74,18.00,41.39,3.0,,2.0,,2.0,,[],,34,10,4,4,23,10,4,2,0.34,0.0,0.2,0.54,1.26,1.3,60,37,44,18,41,18,35,12,1.03,0.24,6.98
True,True,0.0,0.0,624773,0,0,-1,1,0,1,3,0.0,0.0,0,Estêvão,0.0,238,False,Hamstring injury - Expected back 01 Jun,2026-04-20T13:30:08.787573Z,64,624773.jpg,2.6,False,Almeida de Oliveira Gonçalves,1.7,False,,i,7,8,58,873668,23,939534,541,0.0,9.1,Estêvão,Estêvão,30.0,2025-07-14,2007-04-24,False,p624773,839,2,5,4,11,0,0,0,4,0,0,4,172,183.4,230.9,314.0,72.6,9,36,11,56,12,2.91,2.14,5.05,10.29,4.0,,,,3.0,,[],https://www.chelseafc.com/en/news/article/calum-mcfarlane-delivers-injury-update-on-estevao-joao-pedro-and-palmer?utm_source=premier_league&utm_medium=referral&utm_campaign=fantasy&utm_content=injuries-flag,316,138,174,114,101,60,224,108,0.31,0.0,0.23,0.54,1.1,1.18,63,40,830,374,262,109,155,51,1.29,0.43,6.01
True,True,25.0,25.0,463936,0,0,-5,5,0,0,3,0.0,0.0,0,Jamie,0.0,239,False,Hamstring injury - 25% chance of playing,2026-04-04T21:00:10.295173Z,60,463936.jpg,1.6,False,Bynoe-Gittens,0.1,False,,d,7,8,25,17253,14,42256,12,0.0,4.2,Gittens,,241.0,2025-07-05,2004-08-08,False,p463936,486,0,2,1,7,0,0,0,0,0,0,0,99,93.0,130.4,91.0,31.3,6,15,8,29,5,0.81,0.94,1.75,8.89,,,,,,,[],https://www.chelseafc.com/en/news/article/liam-rosenior-delivers-jamie-gittens-injury-update?utm_source=premier_league&utm_medium=referral&utm_campaign=fantasy&utm_content=injuries-flag,392,173,265,163,295,157,362,172,0.15,0.0,0.17,0.32,1.65,1.3,86,55,823,369,413,178,490,175,0.93,0.19,5.37
True,False,0.0,0.0,213198,0,0,-1,1,0,0,3,0.0,0.0,0,Christopher,0.0,240,False,has joined AC Milan permanently.,2025-09-02T11:35:16.323578Z,59,213198.jpg,0.0,False,Nkunku,0.1,False,,u,7,8,0,2668,0,23801,0,0.0,0.0,Nkunku,,73.0,2023-07-01,1997-11-14,False,p213198,0,0,0,0,0,0,0,0,0,0,0,0,0,0.0,0.0,0.0,0.0,0,0,0,0,0,0.00,0.00,0.00,0.00,,,,,,,[],,830,373,830,373,829,373,830,373,0.0,0.0,0.0,0.0,0.0,0.0,94,62,819,366,830,373,527,193,0.0,0.0,0.0
True,True,100.0,100.0,486672,0,0,2,-2,0,1,3,1.8,1.8,1,Moisés,1.8,241,False,,2025-12-31T00:00:09.550966Z,57,486672.jpg,3.3,False,Caicedo Corozo,7.1,False,,a,7,8,107,3295019,965,3302408,1544,0.3,18.8,Caicedo,,62.0,2023-08-14,2001-11-02,False,p486672,2654,3,1,6,44,0,0,0,11,1,0,10,554,544.0,371.3,121.0,103.4,98,171,87,356,31,1.41,2.33,3.74,39.11,,,,,,,[],,102,31,99,70,258,141,131,72,0.05,0.0,0.08,0.13,1.33,1.49,117,73,213,92,152,65,60,22,1.05,0.2,12.07
True,True,100.0,100.0,514356,0,0,-1,1,0,0,3,0.8,0.8,0,Roméo,0.8,244,False,,2025-11-06T09:30:08.519036Z,49,514356.jpg,1.1,False,Lavia,0.0,False,,a,7,8,13,3407,12,5030,12,0.2,2.7,Lavia,,21.0,2023-08-18,2004-01-06,False,p514356,374,0,0,0,10,0,0,0,0,0,0,0,81,34.4,46.6,14.0,9.5,9,20,8,37,4,0.21,0.55,0.76,8.53,,,,,,,[],,443,194,370,190,413,201,432,195,0.05,0.0,0.13,0.18,2.05,2.41,334,206,305,127,458,203,689,276,0.96,0.0,8.9
True,True,0.0,0.0,465920,0,0,-1,1,0,0,3,0.0,0.0,0,Mykhailo,0.0,245,False,Suspended - unknown return date,2025-07-21T10:00:04.824210Z,49,465920.jpg,0.0,False,Mudryk,0.0,False,,s,7,8,0,1191,17,1432,6,0.0,0.0,Mudryk,,225.0,2023-01-15,2001-01-05,False,p465920,0,0,0,0,0,0,0,0,0,0,0,0,0,0.0,0.0,0.0,0.0,0,0,0,0,0,0.00,0.00,0.00,0.00,,,,,,,[],,797,349,794,350,790,348,797,349,0.0,0.0,0.0,0.0,0.0,0.0,326,201,754,322,798,350,752,319,0.0,0.0,0.0
True,True,100.0,100.0,532605,0,0,-1,1,0,0,3,1.0,1.0,1,Andrey,1.0,246,False,,2026-02-07T22:00:08.906050Z,44,532605.jpg,1.4,False,Nascimento dos Santos,0.3,False,,a,7,8,38,81539,160,90983,153,0.2,8.6,Andrey Santos,Andrey Santos,30.0,2023-01-07,2004-05-03,False,p532605,1189,0,0,1,17,0,0,0,4,0,0,0,217,183.4,148.6,74.0,40.6,44,46,33,123,13,1.78,0.87,2.65,17.25,,,,,,,[],,314,136,244,155,313,164,331,159,0.13,0.0,0.07,0.2,1.31,1.29,563,341,267,110,428,185,338,115,0.98,0.08,9.31
True,True,100.0,100.0,491007,0,0,-2,2,0,0,3,0.2,0.2,0,Dário,0.2,247,False,,2026-01-23T15:00:08.712004Z,43,491007.jpg,0.5,False,Luís Essugo,0.1,False,,a,7,8,1,15030,130,15779,47,0.0,0.2,D.Essugo,Dário Essugo,173.0,2025-06-02,2005-03-14,False,p491007,25,0,0,0,1,0,0,0,1,0,0,0,7,9.4,2.1,2.0,1.4,1,0,4,5,0,0.00,0.01,0.01,0.50,,,,,,,[],,476,211,472,225,453,223,491,224,0.0,0.0,0.04,0.04,1.8,3.6,605,359,359,159,530,246,552,206,0.0,0.0,18.0
True,False,0.0,0.0,611134,0,0,0,0,0,0,3,0.0,0.0,0,Kendry,0.0,248,False,has joined River Plate on loan for the rest of the season.,2025-08-11T01:09:37.664358Z,45,611134.jpg,0.0,False,Páez Andrade,0.0,False,,u,7,8,0,0,0,955,0,0.0,0.0,Paez,,,,,False,p611134,0,0,0,0,0,0,0,0,0,0,0,0,0,0.0,0.0,0.0,0.0,0,0,0,0,0,0.00,0.00,0.00,0.00,,,,,,,[],,762,322,757,323,743,319,762,322,0.0,0.0,0.0,0.0,0.0,0.0,503,313,690,276,763,323,797,347,0.0,0.0,0.0
True,True,,,475168,-1,1,-1,1,0,5,4,2.5,2.5,0,João Pedro,2.5,249,False,,,74,475168.jpg,5.2,False,Junqueira de Jesus,37.9,False,,a,7,8,176,9160240,23252,11068079,19886,0.3,23.8,João Pedro,João Pedro,30.0,2025-07-02,2001-09-26,False,p475168,2568,15,9,10,34,0,0,0,4,0,0,30,715,758.0,456.3,898.0,210.9,37,69,26,132,30,14.32,1.96,16.28,35.41,,,,,,,[],,37,4,68,2,6,5,15,4,0.5,0.0,0.07,0.57,1.24,1.19,22,8,160,22,8,2,5,2,1.05,0.35,4.63
True,True,100.0,100.0,463034,0,0,-3,3,0,0,4,0.8,0.8,1,Liam,0.8,250,False,,2026-01-15T00:00:09.689137Z,62,463034.jpg,1.6,False,Delap,0.9,False,,a,7,8,44,112836,138,472000,125,0.1,7.1,Delap,,241.0,2025-06-04,2003-02-08,False,p463034,1031,1,2,2,17,0,0,0,3,0,0,1,123,67.8,70.6,343.0,46.8,12,23,4,39,12,4.54,0.22,4.75,14.99,,,,,,,[],,411,47,336,43,89,28,311,36,0.4,0.0,0.02,0.42,1.31,1.48,74,24,313,41,414,48,207,31,1.05,0.17,3.4
True,False,0.0,0.0,517052,0,0,0,0,0,0,4,0.0,0.0,0,Nicolas,0.0,251,False,has joined Bayern Munich on loan for the rest of the season.,2025-09-02T11:35:16.339917Z,65,517052.jpg,0.0,False,Jackson,0.1,False,,u,7,8,0,4962,0,15424,4,0.0,0.0,N.Jackson,,189.0,2023-07-01,2001-06-20,False,p517052,0,0,0,0,0,0,0,0,0,0,0,0,0,0.0,0.0,0.0,0.0,0,0,0,0,0,0.00,0.00,0.00,0.00,,,,,,,[],,836,93,836,93,836,93,836,93,0.0,0.0,0.0,0.0,0.0,0.0,54,19,832,92,836,93,540,75,0.0,0.0,0.0
True,True,100.0,100.0,499309,0,0,-5,5,0,0,4,0.2,0.2,0,Marc,0.2,252,False,,2025-09-24T11:30:08.351112Z,40,499309.jpg,1.3,False,Guiu Paz,5.2,False,,a,7,8,13,1304825,4588,2878225,2351,0.0,3.2,Marc Guiu,,200.0,2024-07-01,2006-01-04,False,p499309,265,0,1,0,3,0,0,0,1,0,0,0,19,24.6,40.1,86.0,13.1,4,4,0,8,1,1.54,0.29,1.83,5.89,,,,,,,[],,458,53,379,47,300,52,416,53,0.52,0.0,0.1,0.62,2.0,1.02,711,93,353,48,436,52,75,14,0.34,0.0,2.72
True,True,100.0,75.0,493105,0,0,-1,1,0,1,3,0.2,0.2,0,Alejandro,0.2,453,False,,2026-05-04T21:30:09.421504Z,64,493105.jpg,2.4,False,Garnacho Ferreyra,0.4,False,,a,7,8,55,245124,76,240693,154,0.0,8.6,Garnacho,,10.0,2025-08-30,2004-07-01,False,p493105,1260,1,4,4,20,0,0,0,2,0,0,3,217,207.4,405.3,399.0,100.1,10,44,14,68,14,3.44,3.68,7.12,20.47,,,,,,,[],,297,125,80,58,74,43,139,76,0.25,0.0,0.26,0.51,1.46,1.43,62,39,386,175,297,125,280,95,1.0,0.29,4.86
True,True,100.0,100.0,551210,0,0,-4,4,0,0,2,1.2,1.2,1,Jorrel,1.2,672,False,,2025-12-29T19:00:09.929576Z,46,551210.jpg,0.9,False,Hato,0.2,False,,a,7,8,19,21543,167,43882,46,0.3,4.1,Hato,,152.0,2025-08-03,2006-03-07,False,p551210,1030,0,0,0,24,0,0,0,6,0,0,0,87,207.2,102.4,32.0,34.1,57,48,35,92,11,0.30,0.55,0.85,15.46,,,,,,,[],,298,118,294,93,369,124,352,117,0.03,0.0,0.05,0.08,1.35,2.1,405,71,250,95,521,177,391,144,0.96,0.0,8.04
True,True,,,611912,0,0,0,0,0,0,3,0.0,0.0,0,Landon,0.0,743,False,,,45,611912.jpg,0.0,False,Emenalo,0.0,False,,a,7,8,0,1657,11,1521,6,0.0,0.0,Emenalo,,241.0,2025-04-01,2008-01-18,False,p611912,0,0,0,0,0,0,0,0,0,0,0,0,0,0.0,0.0,0.0,0.0,0,0,0,0,0,0.00,0.00,0.00,0.00,,,,,,,[],,763,323,758,324,744,320,763,323,0.0,0.0,0.0,0.0,0.0,0.0,504,314,691,277,764,324,732,305,0.0,0.0,0.0
True,True,,,518335,0,0,0,0,0,0,1,0.0,0.0,0,Max,0.0,789,False,,,40,518335.jpg,0.0,False,Merrick,0.0,False,,a,7,8,0,556,7,447,5,0.0,0.0,Merrick,,241.0,2024-11-07,2005-11-10,False,p518335,0,0,0,0,0,0,0,0,0,0,0,0,0,0.0,0.0,0.0,0.0,0,0,0,0,0,0.00,0.00,0.00,0.00,,,,,,,[],,610,85,604,74,573,60,613,85,0.0,0.0,0.0,0.0,0.0,0.0,721,64,497,75,621,85,750,86,0.0,0.0,0.0
True,True,,,499857,0,0,0,0,0,0,1,0.0,0.0,0,Teddy,0.0,803,False,,,40,499857.jpg,0.0,False,Sharman-Lowe,0.0,False,,a,7,8,0,317,8,249,4,0.0,0.0,Sharman-Lowe,,241.0,2021-10-25,2003-03-30,False,p499857,0,0,0,0,0,0,0,0,0,0,0,0,0,0.0,0.0,0.0,0.0,0,0,0,0,0,0.00,0.00,0.00,0.00,,,,,,,[],,606,82,599,70,568,56,609,82,0.0,0.0,0.0,0.0,0.0,0.0,714,60,492,71,617,82,770,90,0.0,0.0,0.0
True,True,0.0,0.0,619734,0,0,0,0,0,0,3,0.0,0.0,0,Jesse,0.2,829,False,Head injury - Expected back 01 Jun,2026-05-04T20:30:09.912910Z,45,619734.jpg,1.0,False,Derry,0.0,False,,i,7,8,1,126,6,47,0,0.0,0.2,Derry,,241.0,2026-02-12,2007-06-30,False,p619734,45,0,0,0,2,0,0,0,0,0,0,0,5,4.6,6.4,25.0,3.6,0,2,1,3,1,0.10,0.02,0.12,1.09,,,,,,,[],https://www.chelseafc.com/en/news/article/calum-mcfarlane-delivers-latest-chelsea-team-news-ahead-of-liverpool?utm_source=premier_league&utm_medium=referral&utm_campaign=fantasy&utm_content=injuries-flag,488,220,453,217,384,193,473,211,0.2,0.0,0.04,0.24,2.18,4.0,510,319,367,163,498,225,830,370,2.0,0.0,6.0
True,True,,,671606,0,0,0,0,0,0,3,0.0,0.0,0,Mathis,0.0,833,False,,,45,671606.jpg,0.0,False,Eboué,0.0,False,,a,7,8,0,34,10,4,1,0.0,0.0,Eboué,,241.0,2026-05-08,2009-02-27,False,p671606,0,0,0,0,0,0,0,0,0,0,0,0,0,0.0,0.0,0.0,0.0,0,0,0,0,0,0.00,0.00,0.00,0.00,,,,,,,[],,776,333,771,334,757,330,776,333,0.0,0.0,0.0,0.0,0.0,0.0,521,326,704,287,777,334,836,376,0.0,0.0,0.0
True,True,,,616286,0,0,0,0,0,0,3,0.0,0.0,0,Ryan,0.0,834,False,,,45,616286.jpg,0.0,False,Kavuma-McQueen,0.0,False,,a,7,8,0,21,6,3,1,0.0,0.0,Kavuma-McQueen,,241.0,2025-10-21,2009-01-01,False,p616286,0,0,0,0,0,0,0,0,0,0,0,0,0,0.0,0.0,0.0,0.0,0,0,0,0,0,0.00,0.00,0.00,0.00,,,,,,,[],,766,325,761,326,747,322,766,325,0.0,0.0,0.0,0.0,0.0,0.0,507,316,694,279,767,326,838,378,0.0,0.0,0.0
True,True,,,172649,0,0,1,-1,0,2,1,1.0,2.0,0,Dean,2.0,253,False,,,51,172649.jpg,3.6,False,Henderson,9.2,False,,a,8,31,129,1432728,1029,1168811,10451,0.4,25.3,Henderson,,241.0,2023-08-31,1997-03-12,False,p172649,3240,0,0,11,49,0,1,0,5,0,101,7,523,800.8,10.0,0.0,81.0,55,287,1,0,36,0.00,0.11,0.11,48.87,,,,,,,[],,26,6,443,16,812,94,193,6,0.0,2.81,0.0,0.0,1.36,1.36,226,7,188,15,103,12,41,8,1.0,0.31,0.0
True,True,100.0,100.0,121709,0,0,-1,1,0,0,1,-1.0,0.0,0,Walter,0.0,254,False,,2025-09-19T14:49:12.216385Z,39,121709.jpg,7.0,False,Benítez,0.3,False,,a,8,31,7,22190,75,35600,117,0.0,1.8,Benitez,,10.0,2025-07-01,1993-01-19,False,p121709,90,0,0,1,0,0,0,0,0,0,3,0,29,22.8,0.0,0.0,2.3,1,9,0,0,1,0.00,0.00,0.00,1.12,,,,,,,[],,459,37,533,29,501,15,479,37,0.0,3.0,0.0,0.0,1.12,0.0,764,75,425,34,1,1,313,43,1.0,1.0,0.0
True,True,,,169593,0,0,-1,1,0,0,1,-1.0,0.0,0,Remi,0.0,255,False,,,39,169593.jpg,0.0,False,Matthews,0.1,False,,a,8,31,0,6689,16,9531,20,0.0,0.0,Matthews,,241.0,2021-07-13,1994-02-10,False,p169593,0,0,0,0,0,0,0,0,0,0,0,0,0,0.0,0.0,0.0,0.0,0,0,0,0,0,0.00,0.00,0.00,0.00,,,,,,,[],,548,49,536,32,504,18,551,49,0.0,0.0,0.0,0.0,0.0,0.0,767,78,427,36,560,49,488,71,0.0,0.0,0.0
True,True,100.0,100.0,247348,0,0,4,-4,0,2,2,2.7,3.7,6,Daniel,3.7,256,False,,2026-03-06T05:30:07.970827Z,59,247348.jpg,4.8,False,Muñoz Mejía,9.5,False,,a,8,31,135,4186952,2537,4113213,11261,0.6,22.9,Muñoz,,48.0,2024-01-30,1996-05-26,False,p247348,2355,4,4,10,32,0,0,0,7,0,0,9,472,593.4,394.8,387.0,137.5,124,97,72,196,28,2.40,3.93,6.33,33.11,,,,,,,[],,78,35,87,22,79,6,67,12,0.09,0.0,0.15,0.24,1.27,1.22,96,6,82,24,18,5,39,13,1.07,0.38,7.49
True,True,100.0,100.0,437499,0,0,2,-2,0,2,2,2.7,3.7,2,Maxence,3.7,257,False,,2026-04-17T15:00:07.583431Z,52,437499.jpg,4.4,False,Lacroix,7.6,False,,a,8,31,154,2250385,1846,1497120,13279,0.7,29.6,Lacroix,,73.0,2024-08-30,2000-04-06,False,p437499,3085,1,2,11,47,0,0,0,4,1,0,11,529,822.0,106.4,316.0,124.3,310,96,60,370,35,2.45,0.83,3.28,44.04,,,,,,,[],,22,7,290,91,97,12,89,20,0.07,0.0,0.02,0.09,1.28,1.37,211,30,81,23,36,14,55,17,1.02,0.32,10.79
True,True,,,244723,0,0,0,0,0,2,2,1.5,2.5,1,Tyrick,2.5,258,False,,,50,244723.jpg,3.6,False,Mitchell,2.4,False,,a,8,31,134,554162,616,443380,3030,0.5,26.8,Mitchell,,241.0,2019-12-15,1999-09-01,False,p244723,3208,1,3,12,46,0,0,0,6,0,0,8,496,640.0,466.8,241.0,135.0,142,184,100,242,36,1.59,2.53,4.12,48.42,,,,,,,[],,64,28,64,12,140,27,76,16,0.04,0.0,0.07,0.11,1.36,1.29,256,39,154,52,102,39,127,50,1.01,0.34,6.79
True,True,50.0,50.0,218364,0,0,-2,2,0,0,2,-0.5,0.0,0,Borna,0.0,259,False,Knock - 50% chance of playing,2026-05-03T23:00:09.215754Z,48,218364.jpg,0.9,False,Sosa,0.1,False,,d,8,31,6,12466,4,19944,76,0.0,1.2,Sosa,,97.0,2025-07-11,1998-01-21,False,p218364,99,0,0,0,2,0,0,0,1,0,0,0,9,12.6,24.1,8.0,4.5,6,3,3,9,0,0.04,0.07,0.11,0.90,,,,,,,[],https://www.cpfc.co.uk/news/first-team/team-news-glasner-updates-pre-palace-brentford/?utm_source=premier_league&utm_medium=referral&utm_campaign=fantasy&utm_content=injuries-flag,469,171,402,145,430,163,466,167,0.04,0.0,0.06,0.1,0.82,1.82,355,59,724,254,522,178,453,170,0.0,0.0,8.18
True,True,75.0,100.0,427623,0,0,-1,1,0,0,2,0.8,2.0,0,Chris,2.0,261,False,Knock - 75% chance of playing,2026-05-17T22:00:09.466280Z,44,427623.jpg,3.9,False,Richards,2.6,False,,d,8,31,128,1097357,482,954830,6319,0.5,29.1,Richards,,229.0,2022-07-27,2000-03-28,False,p427623,2825,1,0,11,42,0,0,0,4,0,0,5,453,727.2,159.6,185.0,107.6,257,65,54,311,31,2.42,1.56,3.98,41.19,,,,,,,[],,43,18,234,60,196,50,117,31,0.08,0.0,0.05,0.13,1.31,1.34,546,114,176,62,68,25,119,46,0.99,0.35,9.91
True,True,100.0,100.0,515621,0,0,0,0,0,0,2,-0.5,0.5,2,Chadi,0.5,262,False,,2025-12-10T22:30:09.761507Z,40,515621.jpg,2.1,False,Riad Dnanou,0.1,False,,a,8,31,17,7517,27,5432,43,0.1,4.2,Chadi Riad,,145.0,2024-07-02,2003-06-17,False,p515621,460,0,1,1,6,0,0,0,2,0,0,0,70,91.0,23.1,22.0,13.6,27,22,6,33,5,0.15,0.10,0.25,6.56,,,,,,,[],,393,147,404,146,388,135,414,149,0.03,0.0,0.02,0.05,1.28,1.17,719,185,319,117,327,122,585,208,0.98,0.2,6.46
True,True,100.0,100.0,57328,0,0,-2,2,0,0,2,-0.8,0.2,0,Nathaniel,0.2,263,False,,2026-04-24T11:00:07.752747Z,38,57328.jpg,1.8,False,Clyne,0.5,False,,a,8,31,16,94191,91,116578,213,0.1,4.2,Clyne,,241.0,2020-10-14,1991-04-05,False,p57328,502,0,1,0,10,0,0,0,1,0,0,2,49,88.6,53.6,33.0,17.4,27,16,15,42,6,0.43,0.60,1.03,7.91,,,,,,,[],,396,148,358,127,367,122,398,141,0.08,0.0,0.11,0.19,1.42,1.79,801,235,350,124,367,134,274,104,1.08,0.0,7.53
True,False,0.0,0.0,156074,0,0,0,0,0,0,2,0.0,0.0,0,Rob,0.0,264,False,Has joined Colorado Rapids permanently.,2025-08-11T01:12:01.613357Z,40,156074.jpg,0.0,False,Holding,0.0,False,,u,8,31,0,0,0,3949,1,0.0,0.0,Holding,,241.0,2023-09-01,1995-09-20,False,p156074,0,0,0,0,0,0,0,0,0,0,0,0,0,0.0,0.0,0.0,0.0,0,0,0,0,0,0.00,0.00,0.00,0.00,,,,,,,[],,579,212,571,212,540,208,582,213,0.0,0.0,0.0,0.0,0.0,0.0,680,164,463,177,591,213,712,249,0.0,0.0,0.0
True,True,100.0,100.0,590012,0,0,0,0,0,0,2,-1.0,0.0,0,Caleb,0.0,265,False,,2026-02-19T15:30:07.798673Z,40,590012.jpg,0.0,False,Kporha,0.0,False,,a,8,31,0,1222,16,2641,9,0.0,0.0,Kporha,,241.0,2024-07-30,2006-07-15,False,p590012,0,0,0,0,0,0,0,0,0,0,0,0,0,0.0,0.0,0.0,0.0,0,0,0,0,0,0.00,0.00,0.00,0.00,,,,,,,[],,626,239,620,239,590,236,629,240,0.0,0.0,0.0,0.0,0.0,0.0,738,199,514,206,637,239,682,242,0.0,0.0,0.0
True,True,100.0,100.0,232185,0,0,-1,1,0,2,3,2.7,3.7,7,Ismaïla,3.7,267,False,,2025-11-30T22:30:09.281464Z,64,232185.jpg,4.3,False,Sarr,6.2,False,,a,8,31,116,3258368,2562,3083324,13864,0.6,18.1,Sarr,Ismaïla Sarr,189.0,2024-08-01,1998-02-25,False,p232185,2128,9,2,9,28,0,0,0,2,0,0,9,355,476.6,267.4,597.0,134.2,39,77,18,134,23,10.93,1.15,12.07,30.08,,,,,3.0,,[],,137,47,158,104,33,17,77,47,0.46,0.0,0.05,0.51,1.27,1.18,58,35,83,38,40,17,67,24,0.97,0.38,5.67
True,True,0.0,0.0,438464,0,0,-1,1,0,0,3,0.0,0.0,0,Cheick,0.0,268,False,Lack of match fitness - Expected back 01 Jun,2026-04-08T15:00:09.353525Z,49,438464.jpg,0.0,False,Doucouré,0.0,False,,i,8,31,0,581,7,768,1,0.0,0.0,Doucouré,,132.0,2022-07-11,2000-01-08,False,p438464,0,0,0,0,0,0,0,0,0,0,0,0,0,0.0,0.0,0.0,0.0,0,0,0,0,0,0.00,0.00,0.00,0.00,,,,,,,[],https://www.cpfc.co.uk/news/first-team/team-news-updates-on-hughes-guessand-sosa-ahead-of-shakhtar/?utm_source=premier_league&utm_medium=referral&utm_campaign=fantasy&utm_content=injuries-flag,794,347,791,348,787,346,794,347,0.0,0.0,0.0,0.0,0.0,0.0,320,198,749,319,795,348,803,352,0.0,0.0,0.0
True,False,0.0,0.0,606921,0,0,-3,3,0,0,3,0.0,0.0,0,Romain,0.0,269,False,has joined Coventry City on loan for the rest of the season.,2026-01-08T10:36:37.803156Z,47,606921.jpg,1.0,False,Esse,0.1,False,,u,8,31,4,11622,0,29069,8,0.0,0.9,Esse,,241.0,2025-01-18,2005-05-13,False,p606921,40,0,0,0,0,0,0,0,0,0,0,0,12,6.8,2.7,6.0,1.5,0,2,3,5,0,0.00,0.04,0.04,1.74,,,,,,,[],,481,216,467,223,437,210,489,222,0.0,0.0,0.09,0.09,3.92,0.0,395,246,721,299,500,227,465,161,0.0,0.0,11.25
True,True,100.0,100.0,108413,0,0,-3,3,0,0,3,-0.7,0.3,0,Will,0.3,270,False,,2026-01-01T21:30:11.748759Z,47,108413.jpg,1.4,False,Hughes,0.1,False,,a,8,31,43,23190,34,27045,74,0.1,9.1,Hughes,,241.0,2021-08-28,1995-04-17,False,p108413,1470,0,1,5,16,0,0,0,7,0,0,0,201,181.8,310.3,88.0,57.8,52,65,26,143,18,1.11,1.92,3.03,22.82,3.0,,,,,,[],,319,140,130,89,298,158,269,133,0.07,0.0,0.12,0.19,1.4,0.98,377,235,348,155,429,186,484,172,1.1,0.31,8.76
True,True,100.0,100.0,209400,0,0,0,0,0,0,3,1.0,2.0,4,Daichi,2.0,271,False,,2025-12-15T01:30:08.425663Z,50,209400.jpg,2.4,False,Kamada,0.1,False,,a,8,31,66,49236,41,45090,145,0.4,13.2,Kamada,,108.0,2024-07-01,1996-08-05,False,p209400,1854,0,2,6,27,0,0,0,3,0,0,0,328,232.8,348.8,155.0,73.7,37,106,60,203,21,1.64,3.23,4.87,24.87,4.0,,,,,,[],,282,118,110,77,230,125,220,104,0.08,0.0,0.16,0.24,1.21,1.31,250,149,186,79,292,122,480,169,1.02,0.29,9.85
True,True,100.0,100.0,152551,0,0,-1,1,0,0,3,0.0,1.0,0,Jefferson,1.0,272,False,,2026-02-19T02:00:07.824298Z,49,152551.jpg,2.2,False,Lerma Solís,0.1,False,,a,8,31,65,20092,16,18125,245,0.2,13.3,Lerma,,48.0,2023-07-01,1994-10-25,False,p152551,1632,0,5,7,23,2,0,0,7,0,0,3,282,267.4,192.8,227.0,68.4,81,100,26,207,17,1.84,1.26,3.10,22.58,,,,,,,[],,260,110,205,133,154,86,234,113,0.1,0.0,0.07,0.17,1.25,1.27,286,176,272,114,318,136,489,174,0.94,0.39,11.42
True,True,100.0,100.0,496221,0,0,0,0,0,1,3,2.2,3.2,11,Adam,3.2,273,False,,2026-04-17T15:00:07.598432Z,50,496221.jpg,3.4,False,Wharton,0.8,False,,a,8,31,111,217604,590,202668,1047,0.6,22.2,Wharton,,241.0,2024-02-01,2004-02-06,False,p496221,2536,1,6,8,42,0,0,0,4,1,0,8,507,494.4,719.3,180.0,139.6,70,162,70,302,29,1.52,7.45,8.96,39.04,2.0,,,,,,[],,128,43,21,20,205,108,64,39,0.05,0.0,0.26,0.31,1.39,1.49,267,162,105,48,137,61,226,79,1.03,0.28,10.72
True,True,,,579075,0,0,-2,2,0,0,3,-1.0,0.0,0,Asher,0.0,274,False,,,43,579075.jpg,0.0,False,Agbinone,0.1,False,,a,8,31,0,16083,70,13768,73,0.0,0.0,Agbinone,,241.0,2024-07-30,2005-09-28,False,p579075,0,0,0,0,0,0,0,0,0,0,0,0,0,0.0,0.0,0.0,0.0,0,0,0,0,0,0.00,0.00,0.00,0.00,,,,,,,[],,661,245,659,251,636,240,663,247,0.0,0.0,0.0,0.0,0.0,0.0,619,368,571,190,672,255,501,182,0.0,0.0,0.0
True,False,0.0,0.0,466117,0,0,-2,2,0,0,3,0.0,0.0,0,Naouirou,0.0,275,False,has joined AJ Auxerre permanently.,2026-01-07T20:34:29.281491Z,43,466117.jpg,0.0,False,Ahamada,0.0,False,,u,8,31,0,5497,0,7968,3,0.0,0.0,Ahamada,,73.0,2023-01-31,2002-03-29,False,p466117,0,0,0,0,0,0,0,0,0,0,0,0,0,0.0,0.0,0.0,0.0,0,0,0,0,0,0.00,0.00,0.00,0.00,,,,,,,[],,653,238,650,244,625,231,655,240,0.0,0.0,0.0,0.0,0.0,0.0,597,355,557,180,664,248,634,243,0.0,0.0,0.0
True,True,100.0,100.0,489706,0,0,-2,2,0,0,3,-0.2,0.8,0,Justin,0.8,276,False,,2026-01-30T16:30:09.359129Z,43,489706.jpg,1.7,False,Devenny,1.1,False,,a,8,31,34,308040,328,372895,868,0.2,7.9,Devenny,,242.0,2024-03-13,2003-10-11,False,p489706,695,1,0,1,13,0,0,0,0,0,0,0,101,107.6,99.8,168.0,37.5,12,32,23,67,6,2.38,0.36,2.74,12.18,,,2.0,,4.0,,[],,382,172,295,171,214,115,338,162,0.31,0.0,0.05,0.36,1.58,1.68,601,357,292,121,390,166,186,66,0.78,0.13,8.68
True,False,0.0,0.0,450535,0,0,0,0,0,0,3,0.0,0.0,0,Malcolm,0.0,277,False,Has joined Blackpool permanently.,2025-08-11T01:12:01.633662Z,45,450535.jpg,0.0,False,Ebiowei,0.0,False,,u,8,31,0,0,0,751,0,0.0,0.0,Ebiowei,,241.0,2022-07-01,2003-09-04,False,p450535,0,0,0,0,0,0,0,0,0,0,0,0,0,0.0,0.0,0.0,0.0,0,0,0,0,0,0.00,0.00,0.00,0.00,,,,,,,[],,708,275,706,279,689,272,710,277,0.0,0.0,0.0,0.0,0.0,0.0,436,259,631,225,715,281,810,357,0.0,0.0,0.0
True,False,0.0,0.0,450542,0,0,-1,1,0,0,3,0.0,0.0,0,Jesurun,0.0,278,False,has joined Stoke City on loan for the rest of the season.,2026-02-02T23:17:59.310313Z,44,450542.jpg,0.0,False,Rak-Sakyi,0.0,False,,u,8,31,0,4359,0,9626,0,0.0,0.0,J.Rak-Sakyi,,241.0,2021-04-09,2002-10-05,False,p450542,0,0,0,0,0,0,0,0,0,0,0,0,0,0.0,0.0,0.0,0.0,0,0,0,0,0,0.00,0.00,0.00,0.00,,,,,,,[],,676,254,674,259,653,249,678,256,0.0,0.0,0.0,0.0,0.0,0.0,552,333,591,200,685,262,659,260,0.0,0.0,0.0
True,False,0.0,0.0,536694,0,0,0,0,0,0,3,0.0,0.0,0,Matheus,0.0,279,False,Has joined CR Vasco da Gama on loan for the rest of the season.,2025-08-10T22:30:04.849181Z,45,536694.jpg,0.0,False,França de Oliveira,0.0,False,,u,8,31,0,95,0,1658,0,0.0,0.0,M.França,,30.0,2023-08-05,2004-04-01,False,p536694,0,0,0,0,0,0,0,0,0,0,0,0,0,0.0,0.0,0.0,0.0,0,0,0,0,0,0.00,0.00,0.00,0.00,,,,,,,[],,727,293,724,296,707,289,728,294,0.0,0.0,0.0,0.0,0.0,0.0,461,279,651,243,733,298,779,336,0.0,0.0,0.0
True,False,0.0,0.0,531989,0,0,0,0,0,0,3,0.0,0.0,0,David,0.0,280,False,Has joined Derby County on loan for the rest of the season.,2025-07-30T14:07:45.618291Z,45,531989.jpg,0.0,False,Ozoh,0.0,False,,u,8,31,0,0,0,193,0,0.0,0.0,Ozoh,,241.0,2022-07-11,2005-05-06,False,p531989,0,0,0,0,0,0,0,0,0,0,0,0,0,0.0,0.0,0.0,0.0,0,0,0,0,0,0.00,0.00,0.00,0.00,,,,,,,[],,724,290,721,293,704,286,725,291,0.0,0.0,0.0,0.0,0.0,0.0,457,275,648,240,730,295,824,366,0.0,0.0,0.0
True,True,,,530318,0,0,-1,1,0,0,3,-1.0,0.0,0,Kaden,0.0,281,False,,,44,530318.jpg,1.0,False,Rodney,0.1,False,,a,8,31,1,6419,19,7534,16,0.0,0.2,Rodney,,241.0,2022-07-08,2004-10-07,False,p530318,3,0,0,0,0,0,0,0,0,0,0,0,2,0.0,0.1,0.0,0.0,0,0,0,0,0,0.00,0.00,0.00,0.65,,,,,,,[],,682,260,498,242,660,256,684,262,0.0,0.0,0.0,0.0,19.5,0.0,562,340,598,207,484,213,584,219,0.0,0.0,0.0
True,False,0.0,0.0,574398,0,0,0,0,0,0,3,0.0,0.0,0,Franco,0.0,282,False,has joined Portsmouth permanently.,2025-09-22T21:43:58.439788Z,45,574398.jpg,0.0,False,Umeh-Chibueze,0.0,False,,u,8,31,0,860,0,3078,0,0.0,0.0,Umeh,,104.0,2024-02-18,2005-01-26,False,p574398,0,0,0,0,0,0,0,0,0,0,0,0,0,0.0,0.0,0.0,0.0,0,0,0,0,0,0.00,0.00,0.00,0.00,,,,,,,[],,742,306,738,308,723,303,743,307,0.0,0.0,0.0,0.0,0.0,0.0,478,293,667,257,746,309,715,294,0.0,0.0,0.0
True,True,100.0,100.0,231747,0,0,1,-1,0,3,4,0.8,1.8,1,Jean-Philippe,1.8,283,False,,2026-02-06T15:30:09.426010Z,76,231747.jpg,3.5,False,Mateta,8.6,False,,a,8,31,108,5190729,2789,5316728,20003,0.2,14.2,Mateta,,73.0,2022-01-31,1997-06-28,False,p231747,2197,11,0,8,29,0,0,0,2,0,0,12,370,535.2,160.6,769.0,145.9,58,57,10,125,25,14.04,1.32,15.36,30.78,,,,,2.0,,[],,109,10,229,25,17,10,58,13,0.58,0.0,0.05,0.63,1.26,1.19,20,7,218,29,129,12,47,10,1.02,0.33,5.12
True,True,0.0,0.0,205533,0,0,-1,1,0,0,4,0.0,0.0,0,Eddie,0.0,284,False,Hamstring injury - Expected back 01 Jun,2026-01-01T21:00:11.323499Z,54,205533.jpg,1.9,False,Nketiah,0.3,False,,i,8,31,23,124916,43,147572,40,0.0,4.3,Nketiah,,241.0,2024-08-30,1999-05-30,False,p205533,414,2,0,0,12,0,0,0,2,0,0,3,100,120.0,84.6,173.0,37.8,13,17,8,38,2,1.77,0.46,2.23,9.49,,,,,,,[],https://www.cpfc.co.uk/news/first-team/glasner-on-early-team-news-for-newcastle-h-clean-sheets-taking-momentum/?utm_source=premier_league&utm_medium=referral&utm_campaign=fantasy&utm_content=injuries-flag,370,39,312,37,213,44,337,41,0.38,0.0,0.1,0.48,2.06,2.61,159,40,800,85,361,39,337,55,0.43,0.0,8.26
True,False,0.0,0.0,199670,0,0,0,0,0,0,4,0.0,0.0,0,Odsonne,0.0,285,False,has joined RC Lens permanently.,2025-08-28T17:00:07.862344Z,50,199670.jpg,1.0,False,Édouard,0.2,False,,u,8,31,1,9044,0,89729,9,0.0,0.2,Édouard,,73.0,2021-08-31,1998-01-16,False,p199670,2,0,0,0,0,0,0,0,0,0,0,0,6,2.0,0.0,0.0,0.2,0,0,1,1,0,0.00,0.00,0.00,0.27,,,,,,,[],,504,59,802,88,797,88,517,63,0.0,0.0,0.0,0.0,12.15,0.0,248,54,764,82,508,62,376,58,0.0,0.0,45.0
True,True,,,576980,0,0,-1,1,0,0,4,-1.0,0.0,0,Zach,0.0,286,False,,,44,576980.jpg,0.0,False,Marsh,0.3,False,,a,8,31,0,53035,85,61625,90,0.0,0.0,Marsh,,241.0,2023-07-18,2005-10-06,False,p576980,0,0,0,0,0,0,0,0,0,0,0,0,0,0.0,0.0,0.0,0.0,0,0,0,0,0,0.00,0.00,0.00,0.00,,,,,,,[],,689,74,686,73,667,73,691,74,0.0,0.0,0.0,0.0,0.0,0.0,571,81,605,67,696,75,319,52,0.0,0.0,0.0
True,True,,,242898,0,0,-5,5,0,0,3,0.7,1.7,1,Brennan,1.7,580,False,,,65,242898.jpg,1.9,False,Johnson,2.4,False,,a,8,31,65,1168658,170,1336875,1085,0.3,10.0,Johnson,,244.0,2026-01-02,2001-05-23,False,p242898,1710,2,1,6,24,0,0,0,6,0,0,2,217,223.4,311.1,230.0,75.8,37,55,29,121,19,2.45,1.31,3.76,28.29,1.0,,3.0,,,,[],,285,121,129,88,149,84,211,99,0.13,0.0,0.07,0.2,1.49,1.26,50,32,219,95,366,158,126,41,1.0,0.32,6.37
True,True,100.0,100.0,247412,0,0,-6,6,0,1,4,0.5,1.5,2,Jørgen,1.5,654,False,,2025-10-03T14:00:09.236895Z,59,247412.jpg,2.1,False,Strand Larsen,1.5,False,,a,8,31,73,526013,355,869896,3153,0.3,12.4,Strand Larsen,,161.0,2026-02-02,2000-02-06,False,p247412,2225,4,1,5,39,0,0,1,4,0,0,3,214,265.2,198.4,463.0,90.7,48,35,9,92,25,5.23,1.11,6.34,34.48,,,,,,,[],,263,24,201,20,58,24,168,25,0.21,0.0,0.04,0.25,1.39,1.58,97,27,237,31,339,36,163,23,1.01,0.2,3.72
True,True,100.0,75.0,485337,0,0,-3,3,0,0,3,-0.8,0.2,1,Evann,0.2,677,False,,2026-04-10T14:30:09.300491Z,62,485337.jpg,2.1,False,Guessand,0.0,False,,a,8,31,43,11400,17,15926,16,0.0,6.9,Guessand,,54.0,2026-01-30,2001-07-01,False,p485337,881,1,3,2,15,0,0,0,0,0,0,0,140,158.0,76.1,183.0,41.4,16,42,24,82,9,1.56,0.85,2.41,13.15,,,,,,,[],,336,153,330,178,199,104,330,158,0.16,0.0,0.09,0.25,1.34,1.53,75,48,384,174,340,148,606,230,0.92,0.2,8.38
True,True,100.0,100.0,590014,0,0,-1,1,0,0,3,-1.0,0.0,0,Rio,0.0,690,False,,2026-02-19T15:30:08.207988Z,44,590014.jpg,0.0,False,Cardines,0.3,False,,a,8,31,0,58529,11,56389,35,0.0,0.0,Cardines,,217.0,2025-07-24,2006-07-01,False,p590014,0,0,0,0,0,0,0,0,0,0,0,0,0,0.0,0.0,0.0,0.0,0,0,0,0,0,0.00,0.00,0.00,0.00,,,,,,,[],,692,265,689,269,670,261,694,267,0.0,0.0,0.0,0.0,0.0,0.0,575,348,608,212,699,271,349,120,0.0,0.0,0.0
True,True,100.0,100.0,488024,0,0,-2,2,0,1,3,-0.2,0.8,1,Yéremy,0.8,712,False,,2025-09-20T23:30:07.351615Z,58,488024.jpg,2.2,False,Pino Santos,0.2,False,,a,8,31,73,136776,75,119297,272,0.1,12.6,Yeremy,,200.0,2025-08-29,2002-10-20,False,p488024,2029,2,1,7,27,0,0,0,4,0,0,3,310,303.2,682.1,351.0,133.5,30,99,36,165,26,4.25,5.81,10.06,28.65,,,1.0,,,,[],,240,101,25,24,85,49,78,48,0.19,0.0,0.26,0.45,1.27,1.2,110,70,312,133,323,139,392,134,1.15,0.31,7.32
True,True,100.0,100.0,651426,0,0,0,0,0,2,2,2.3,3.3,3,Jaydee,3.3,723,False,,2025-12-10T22:00:10.518689Z,45,651426.jpg,3.6,False,Canvot,0.5,False,,a,8,31,72,94889,80,28731,837,0.7,16.0,Canvot,,73.0,2025-09-01,2006-07-29,False,p651426,1331,0,0,5,23,0,0,0,3,0,0,9,216,362.4,63.8,56.0,48.1,129,54,40,169,14,1.48,0.33,1.81,23.84,,,,,,,[],,195,80,346,119,339,111,303,100,0.1,0.0,0.02,0.12,1.61,1.56,518,97,95,27,98,37,260,98,0.95,0.34,11.43
True,True,,,660392,0,0,0,0,0,0,4,-1.0,0.0,0,Christantus,0.0,732,False,,,55,660392.jpg,1.2,False,Uche,0.1,False,,a,8,31,17,15771,38,12178,41,0.0,3.1,Uche,,157.0,2025-09-01,2003-05-19,False,p660392,159,0,1,0,4,0,0,0,0,0,0,0,42,13.2,7.1,73.0,8.8,3,9,1,13,0,0.49,0.01,0.50,4.63,,,,,,,[],,466,54,448,57,314,53,436,54,0.28,0.0,0.01,0.29,2.62,2.26,149,38,816,87,454,54,575,78,0.0,0.0,7.36
True,True,,,672492,0,0,0,0,0,0,3,-1.0,0.0,0,Joél,0.0,762,False,,,45,672492.jpg,1.0,False,Drakes-Thomas,0.0,False,,a,8,31,2,897,6,575,11,0.0,0.4,Drakes-Thomas,,241.0,2025-12-10,2009-06-09,False,p672492,7,0,0,0,1,0,0,0,0,0,0,0,6,1.4,1.0,0.0,0.3,0,2,1,3,0,0.00,0.00,0.00,0.73,,,,,,,[],,508,231,483,233,758,331,514,235,0.0,0.0,0.0,0.0,9.39,12.86,522,327,705,288,499,226,773,331,0.0,0.0,38.57
True,True,,,643426,0,0,0,0,0,0,2,-1.0,0.0,0,Dean,0.0,773,False,,,40,643426.jpg,0.0,False,Benamar,0.0,False,,a,8,31,0,987,9,797,14,0.0,0.0,Benamar,,241.0,2025-07-31,2008-05-31,False,p643426,0,0,0,0,0,0,0,0,0,0,0,0,0,0.0,0.0,0.0,0.0,0,0,0,0,0,0.00,0.00,0.00,0.00,,,,,,,[],,635,247,629,247,600,245,638,248,0.0,0.0,0.0,0.0,0.0,0.0,751,211,526,217,646,247,693,246,0.0,0.0,0.0
True,True,,,631106,0,0,0,0,0,0,4,-1.0,0.0,0,Ben,0.0,780,False,,,45,631106.jpg,0.0,False,Casey,0.0,False,,a,8,31,0,3989,44,2416,38,0.0,0.0,Casey,,241.0,2025-12-10,2008-02-04,False,p631106,0,0,0,0,0,0,0,0,0,0,0,0,0,0.0,0.0,0.0,0.0,0,0,0,0,0,0.00,0.00,0.00,0.00,,,,,,,[],,771,84,766,83,752,83,771,84,0.0,0.0,0.0,0.0,0.0,0.0,514,73,699,76,772,84,647,85,0.0,0.0,0.0
True,True,,,591384,0,0,0,0,0,0,2,-1.0,0.0,0,George,0.0,793,False,,,40,591384.jpg,0.0,False,King,0.0,False,,a,8,31,0,1933,26,1092,17,0.0,0.0,King,,241.0,2025-07-11,2007-03-20,False,p591384,0,0,0,0,0,0,0,0,0,0,0,0,0,0.0,0.0,0.0,0.0,0,0,0,0,0,0.00,0.00,0.00,0.00,,,,,,,[],,627,240,621,240,591,237,630,241,0.0,0.0,0.0,0.0,0.0,0.0,739,200,515,207,638,240,677,238,0.0,0.0,0.0
True,False,0.0,0.0,502988,0,0,0,0,0,0,2,0.0,0.0,0,Danny,0.0,798,False,has joined West Brom on loan for the rest of the season.,2026-02-06T22:49:05.135509Z,40,502988.jpg,0.0,False,Imray,0.0,False,,u,8,31,0,142,0,202,1,0.0,0.0,Imray,,241.0,2024-03-13,2003-07-27,False,p502988,0,0,0,0,0,0,0,0,0,0,0,0,0,0.0,0.0,0.0,0.0,0,0,0,0,0,0.00,0.00,0.00,0.00,,,,,,,[],,607,226,600,226,569,222,610,227,0.0,0.0,0.0,0.0,0.0,0.0,715,183,493,192,618,226,813,268,0.0,0.0,0.0
True,True,100.0,100.0,215413,0,0,3,-3,0,4,3,4.2,4.2,2,Kiernan,4.2,242,False,,2025-12-13T19:30:10.843882Z,53,215413.jpg,5.0,False,Dewsbury-Hall,8.2,False,,a,9,11,149,2669735,5279,2155329,10248,0.8,28.1,Dewsbury-Hall,,241.0,2025-08-06,1998-09-06,False,p215413,2546,8,7,8,38,0,0,0,6,0,0,18,591,613.0,594.2,436.0,164.5,43,130,51,224,29,4.33,5.30,9.63,39.23,3.0,,,,,,[],,72,20,37,34,61,35,37,28,0.15,0.0,0.19,0.34,1.39,1.34,184,117,55,24,12,6,51,18,1.03,0.28,7.92
True,True,100.0,100.0,550615,0,0,-2,2,0,0,3,0.8,0.8,1,Tyrique,0.8,243,False,,2026-03-14T22:30:10.033574Z,48,550615.jpg,1.1,False,George,0.1,False,,a,9,11,15,9730,16,11540,15,0.2,3.1,George,,241.0,2026-02-02,2006-02-04,False,p550615,323,0,0,1,9,0,0,0,2,0,0,0,49,39.6,64.8,113.0,21.4,2,13,6,21,1,0.61,1.18,1.79,6.47,,,,,,,[],,437,191,345,183,265,145,389,180,0.17,0.0,0.33,0.5,1.8,2.51,374,234,300,125,456,202,548,203,0.28,0.28,5.85
True,True,,,111234,0,0,1,-1,0,3,1,1.5,1.5,1,Jordan,1.5,287,False,,,56,111234.jpg,3.6,False,Pickford,13.0,False,,a,9,11,133,1918052,4675,1722605,8638,0.3,23.8,Pickford,,241.0,2017-07-01,1994-03-07,False,p111234,3330,0,0,11,49,0,1,0,4,0,99,11,537,869.6,20.3,2.0,89.2,49,306,2,0,37,0.00,0.17,0.17,55.09,,,,,,,[],,14,3,409,6,464,3,169,4,0.0,2.68,0.0,0.0,1.49,1.32,123,2,234,17,106,14,28,3,1.0,0.3,0.0
True,True,100.0,100.0,229600,0,0,-3,3,0,0,1,0.0,0.0,0,Mark,0.0,288,False,,2026-02-24T10:30:07.705390Z,42,229600.jpg,0.0,False,Travers,0.1,False,,a,9,11,0,5233,3,12952,25,0.0,0.0,Travers,,104.0,2025-07-15,1999-05-18,False,p229600,0,0,0,0,0,0,0,0,0,0,0,0,0,0.0,0.0,0.0,0.0,0,0,0,0,0,0.00,0.00,0.00,0.00,,,,,,,[],,645,92,640,83,614,71,647,92,0.0,0.0,0.0,0.0,0.0,0.0,640,32,540,84,655,92,460,67,0.0,0.0,0.0
True,False,0.0,0.0,447325,0,0,-1,1,0,0,1,0.0,0.0,0,Harry,0.0,289,False,has joined Cardiff City permanently.,2026-01-19T15:34:17.511601Z,39,447325.jpg,0.0,False,Tyrer,0.1,False,,u,9,11,0,4633,0,10846,16,0.0,0.0,Tyrer,,241.0,2021-02-09,2001-12-06,False,p447325,0,0,0,0,0,0,0,0,0,0,0,0,0,0.0,0.0,0.0,0.0,0,0,0,0,0,0.00,0.00,0.00,0.00,,,,,,,[],,554,53,542,36,510,22,557,53,0.0,0.0,0.0,0.0,0.0,0.0,776,82,433,40,566,53,509,73,0.0,0.0,0.0
True,True,0.0,0.0,480455,0,0,-2,2,0,0,2,0.0,0.0,0,Jarrad,0.0,290,False,Hamstring injury - Expected back 01 Jun,2026-04-19T22:30:08.159788Z,53,480455.jpg,3.2,False,Branthwaite,0.3,False,,i,9,11,32,72929,27,122942,510,0.0,6.0,Branthwaite,,241.0,2020-06-20,2002-06-27,False,p480455,678,1,1,1,9,0,0,0,1,0,0,0,108,175.0,42.8,75.0,29.3,53,30,14,67,7,0.34,0.11,0.45,9.43,,,,,,,[],https://www.evertonfc.com/news/2026/april/22/branthwaite-injury-update/?utm_source=premier_league&utm_medium=referral&utm_campaign=fantasy&utm_content=injuries-flag,323,124,376,136,312,97,371,128,0.05,0.0,0.01,0.06,1.25,1.19,196,24,794,265,167,64,329,121,0.93,0.13,8.89
True,True,100.0,100.0,17761,1,-1,3,-3,0,2,2,5.2,5.2,3,James,5.2,291,False,,2026-03-17T23:30:09.582702Z,58,17761.jpg,4.6,False,Tarkowski,12.7,False,,a,9,11,167,3123304,9852,2367377,10285,0.9,28.8,Tarkowski,,241.0,2022-07-01,1992-11-19,False,p17761,3240,2,3,11,47,0,0,0,7,0,0,12,589,972.2,235.1,414.0,162.5,316,88,50,366,36,2.47,2.10,4.57,52.39,,,,,,,[],,7,3,172,44,69,3,40,4,0.07,0.0,0.06,0.13,1.46,1.31,102,7,31,11,27,9,31,10,1.0,0.31,10.17
True,True,100.0,100.0,224967,0,0,-1,1,0,0,2,0.8,0.8,1,Vitalii,0.8,292,False,,2026-01-31T20:30:09.340646Z,49,224967.jpg,2.9,False,Mykolenko,0.7,False,,a,9,11,93,181889,479,202094,750,0.2,19.0,Mykolenko,,225.0,2022-01-01,1999-05-29,False,p224967,2869,0,1,9,46,1,0,0,6,0,0,2,341,542.6,378.8,71.0,99.1,180,105,45,225,32,0.28,2.45,2.73,47.26,,,,,,,[],,103,48,92,23,318,101,140,43,0.01,0.0,0.08,0.09,1.48,1.44,307,49,304,115,205,83,238,91,1.0,0.28,7.06
True,True,100.0,100.0,512462,0,0,-1,1,0,0,2,2.0,2.0,0,Jake,2.0,293,False,,2026-02-11T13:00:09.843762Z,49,512462.jpg,3.2,False,O'Brien,0.7,False,,a,9,11,115,208932,581,192559,1104,0.4,23.5,O'Brien,,104.0,2024-07-30,2001-05-15,False,p512462,3057,1,3,10,45,0,0,0,5,1,0,2,365,575.4,271.4,206.0,105.6,171,113,56,227,34,1.67,0.98,2.65,52.36,,,,,,,[],,86,37,156,40,172,41,125,38,0.05,0.0,0.03,0.08,1.54,1.32,332,55,183,68,161,61,229,87,1.0,0.29,6.68
True,True,100.0,100.0,59949,0,0,-3,3,0,0,2,0.2,0.2,1,Séamus,0.2,294,False,,2026-03-02T16:30:08.454682Z,42,59949.jpg,1.0,False,Coleman,0.1,False,,a,9,11,4,7298,83,18443,20,0.0,1.0,Coleman,,104.0,2009-02-02,1988-10-11,False,p59949,13,0,0,0,1,0,0,0,0,0,0,0,7,0.0,0.6,0.0,0.1,2,2,0,2,1,0.00,0.01,0.01,0.43,,,,,,,[],,644,254,485,175,610,252,520,182,0.0,0.0,0.07,0.07,2.98,6.92,632,139,354,127,473,174,491,176,6.92,0.0,13.85
True,True,100.0,100.0,106611,0,0,0,0,0,2,2,2.0,2.0,4,Michael,2.0,295,False,,2026-01-07T23:00:09.480891Z,45,106611.jpg,4.0,False,Keane,3.2,False,,a,9,11,127,1587360,2066,1252542,2383,0.4,28.2,Keane,,241.0,2017-07-03,1993-01-11,False,p106611,2498,3,1,7,41,0,0,0,1,1,0,8,398,752.6,43.3,278.0,107.4,256,85,35,291,28,2.21,0.24,2.45,43.37,,,,,,,[],,39,15,374,135,124,22,119,32,0.08,0.0,0.01,0.09,1.56,1.48,412,75,177,63,61,22,108,37,1.01,0.25,10.48
True,True,100.0,100.0,243571,0,0,-1,1,0,0,2,0.2,0.2,0,Nathan,0.2,296,False,,2025-10-17T14:30:10.578096Z,44,243571.jpg,3.1,False,Patterson,0.0,False,,a,9,11,22,6193,14,7479,24,0.0,5.0,Patterson,,243.0,2022-01-04,2001-10-16,False,p243571,238,0,0,2,2,0,0,0,0,0,0,0,67,65.6,6.4,17.0,8.8,21,14,10,31,3,0.03,0.04,0.07,3.67,,,,,,,[],,415,156,452,163,405,149,435,159,0.01,0.0,0.02,0.03,1.39,0.76,545,113,361,129,174,68,638,229,1.13,0.76,11.72
True,False,0.0,0.0,496178,0,0,-2,2,0,0,2,0.0,0.0,0,Roman,0.0,297,False,has joined Stockport County on loan for the rest of the season.,2026-02-06T22:52:17.815306Z,38,496178.jpg,0.0,False,Dixon,0.2,False,,u,9,11,0,9298,0,22679,29,0.0,0.0,Dixon,,,,,False,p496178,0,0,0,0,0,0,0,0,0,0,0,0,0,0.0,0.0,0.0,0.0,0,0,0,0,0,0.00,0.00,0.00,0.00,,,,,,,[],,532,192,515,191,482,185,535,193,0.0,0.0,0.0,0.0,0.0,0.0,815,248,406,150,544,193,418,155,0.0,0.0,0.0
True,True,,,474907,0,0,-2,2,0,0,2,0.0,0.0,0,Reece,0.0,298,False,,,38,474907.jpg,0.0,False,Welch,0.1,False,,a,9,11,0,8780,32,16187,25,0.0,0.0,Welch,,241.0,2021-04-11,2003-09-19,False,p474907,0,0,0,0,0,0,0,0,0,0,0,0,0,0.0,0.0,0.0,0.0,0,0,0,0,0,0.00,0.00,0.00,0.00,,,,,,,[],,531,191,514,190,481,184,534,192,0.0,0.0,0.0,0.0,0.0,0.0,812,245,405,149,543,192,427,159,0.0,0.0,0.0
True,True,100.0,100.0,440993,1,-1,-2,2,0,1,3,2.0,2.0,2,Iliman,2.0,299,False,,2026-03-28T10:30:09.575067Z,63,440993.jpg,4.1,False,Ndiaye,4.7,False,,a,9,11,126,1972725,2674,2685403,4807,0.3,20.0,Ndiaye,Iliman Ndiaye,189.0,2024-07-03,2000-03-06,False,p440993,2691,6,3,8,43,0,0,0,2,0,0,7,528,594.0,464.9,573.0,163.4,38,175,64,277,31,6.63,4.39,11.02,41.53,,,,,1.0,,[],,77,22,65,52,37,21,38,29,0.22,0.0,0.15,0.37,1.39,1.44,68,45,193,83,58,27,83,29,1.04,0.27,9.26
True,True,,,433154,0,0,-5,5,0,0,3,0.8,0.8,1,Dwight,0.8,300,False,,,55,433154.jpg,2.4,False,McNeil,0.1,False,,a,9,11,53,36842,42,68171,98,0.1,9.6,McNeil,,241.0,2022-07-28,1999-11-22,False,p433154,1161,0,3,6,9,0,0,0,1,0,0,1,186,140.6,242.4,138.0,52.2,26,62,23,111,14,1.37,1.91,3.28,18.80,2.0,,,,,,[],,350,157,167,110,239,131,287,146,0.11,0.0,0.15,0.26,1.46,0.7,141,88,310,132,294,123,425,146,1.09,0.47,8.6
True,True,100.0,100.0,502697,0,0,-3,3,0,0,3,0.5,0.5,0,Carlos,0.5,301,False,,2026-02-24T10:30:07.721437Z,52,502697.jpg,1.5,False,Alcaraz Durán,0.1,False,,a,9,11,28,17333,13,30328,13,0.1,5.4,Alcaraz,,10.0,2025-07-01,2002-11-30,False,p502697,673,0,1,3,10,0,0,0,4,0,0,0,114,89.2,146.1,158.0,39.4,13,42,13,68,6,1.08,0.45,1.53,13.56,,,,,,,[],,395,175,248,157,229,124,335,161,0.14,0.0,0.06,0.2,1.81,1.34,214,131,336,147,421,183,531,195,0.8,0.4,9.09
True,True,50.0,0.0,80801,0,0,-1,1,0,0,3,0.2,0.0,0,Idrissa Gana,0.5,302,False,Knock - 50% chance of playing,2026-05-05T13:30:10.197878Z,54,80801.jpg,3.3,False,Gueye,0.1,False,,d,9,11,83,30040,2,34273,236,0.1,15.4,Gana,Idrissa Gueye,189.0,2022-09-01,1989-09-26,False,p80801,2094,2,3,5,26,0,0,0,1,1,0,4,419,382.6,259.2,208.0,85.1,59,116,43,218,25,1.99,1.84,3.83,31.26,,,,,,,[],https://www.evertonfc.com/news/2026/may/15/everton-team-news-for-sunderland-clash/?utm_source=premier_league&utm_medium=referral&utm_campaign=fantasy&utm_content=injuries-flag,188,73,162,106,170,91,177,89,0.09,0.0,0.08,0.17,1.34,1.12,150,94,337,148,151,64,472,164,1.07,0.21,9.37
True,True,,,232928,0,0,2,-2,0,1,3,2.5,2.5,1,James,2.5,303,False,,,52,232928.jpg,4.2,False,Garner,3.8,False,,a,9,11,155,1325804,2620,872563,8302,0.5,29.8,Garner,,241.0,2022-09-01,2001-03-13,False,p232928,3323,2,7,11,49,0,0,0,12,0,0,13,791,859.8,901.6,234.0,199.7,152,178,115,445,37,2.05,5.92,7.97,55.03,1.0,,3.0,,2.0,,[],,16,5,9,9,145,80,22,17,0.06,0.0,0.16,0.22,1.49,1.33,210,130,156,69,46,21,95,32,1.0,0.3,12.05
True,True,100.0,100.0,490094,0,0,-2,2,0,0,3,1.5,1.5,1,Tim,1.5,304,False,,2026-01-13T19:00:09.517466Z,48,490094.jpg,2.3,False,Iroegbunam,0.0,False,,a,9,11,64,6272,27,7214,11,0.3,13.3,Iroegbunam,,241.0,2024-06-22,2003-06-30,False,p490094,1394,0,3,8,17,0,0,0,9,0,0,1,219,233.4,123.6,81.0,43.6,38,73,65,176,16,0.54,0.70,1.24,23.49,,,,,,,[],,281,117,272,166,304,159,321,154,0.03,0.0,0.05,0.08,1.52,1.1,367,229,229,97,306,130,619,236,1.03,0.52,11.36
True,True,100.0,100.0,609873,0,0,0,0,0,0,3,0.2,0.2,0,Harrison,0.2,305,False,,2025-09-02T11:36:28.006606Z,45,609873.jpg,1.7,False,Armstrong,0.1,False,,a,9,11,20,13996,72,20902,58,0.0,4.4,Armstrong,,241.0,2024-08-09,2007-01-19,False,p609873,496,0,0,1,11,0,0,0,0,0,0,0,81,58.6,66.6,78.0,20.5,13,24,13,50,6,0.79,0.21,1.00,10.91,,,,,,,[],,422,182,341,182,305,160,392,181,0.14,0.0,0.04,0.18,1.98,2.0,502,312,366,162,395,168,518,189,1.09,0.18,9.07
True,True,,,547801,0,0,-2,2,0,0,3,0.0,0.0,0,Callum,0.0,306,False,,,43,547801.jpg,0.0,False,Bates,0.1,False,,a,9,11,0,16147,54,17190,50,0.0,0.0,Bates,,241.0,2024-11-08,2005-09-28,False,p547801,0,0,0,0,0,0,0,0,0,0,0,0,0,0.0,0.0,0.0,0.0,0,0,0,0,0,0.00,0.00,0.00,0.00,,,,,,,[],,659,243,657,249,634,238,661,245,0.0,0.0,0.0,0.0,0.0,0.0,616,366,568,188,670,253,498,180,0.0,0.0,0.0
True,True,,,504296,0,0,-1,1,0,0,3,0.0,0.0,0,Coby,0.0,307,False,,,44,504296.jpg,0.0,False,Ebere,0.0,False,,a,9,11,0,5290,16,6859,12,0.0,0.0,Ebere,,,,,False,p504296,0,0,0,0,0,0,0,0,0,0,0,0,0,0.0,0.0,0.0,0.0,0,0,0,0,0,0.00,0.00,0.00,0.00,,,,,,,[],,679,257,677,262,656,252,681,259,0.0,0.0,0.0,0.0,0.0,0.0,557,336,594,203,688,265,601,227,0.0,0.0,0.0
True,False,0.0,0.0,496279,0,0,0,0,0,0,3,0.0,0.0,0,Isaac,0.0,308,False,has joined Accrington on loan for the rest of the season.,2025-09-02T12:26:54.658601Z,45,496279.jpg,0.0,False,Heath,0.0,False,,u,9,11,0,458,0,3780,1,0.0,0.0,Heath,,241.0,2025-02-07,2004-10-28,False,p496279,0,0,0,0,0,0,0,0,0,0,0,0,0,0.0,0.0,0.0,0.0,0,0,0,0,0,0.00,0.00,0.00,0.00,,,,,,,[],,719,285,716,288,699,281,720,286,0.0,0.0,0.0,0.0,0.0,0.0,451,270,642,235,725,290,713,292,0.0,0.0,0.0
True,False,0.0,0.0,491557,0,0,0,0,0,0,3,0.0,0.0,0,Jenson,0.0,309,False,Has joined Bradford City permanently.,2025-07-25T14:54:45.196473Z,45,491557.jpg,0.0,False,Metcalfe,0.0,False,,u,9,11,0,0,0,115,0,0.0,0.0,Metcalfe,,,,,False,p491557,0,0,0,0,0,0,0,0,0,0,0,0,0,0.0,0.0,0.0,0.0,0,0,0,0,0,0.00,0.00,0.00,0.00,,,,,,,[],,717,283,714,286,697,279,718,284,0.0,0.0,0.0,0.0,0.0,0.0,448,268,640,233,723,288,832,372,0.0,0.0,0.0
True,True,,,586309,0,0,-3,3,0,1,4,3.8,3.8,1,Thierno,3.8,310,False,,,57,586309.jpg,2.5,False,Barry,0.8,False,,a,9,11,93,330414,837,328801,1423,0.7,16.3,Barry,,73.0,2025-07-09,2002-10-21,False,p586309,1815,8,0,7,33,0,0,0,3,0,0,9,295,340.8,206.3,495.0,101.7,32,32,6,70,20,8.14,0.44,8.58,32.34,,,,,,,[],,212,19,194,18,52,22,135,21,0.4,0.0,0.02,0.42,1.6,1.64,119,33,77,11,279,30,224,32,0.99,0.35,3.47
True,True,100.0,100.0,486385,1,-1,-4,4,0,2,4,2.8,2.8,2,Norberto Bercique,2.8,311,False,,2026-04-19T22:30:08.169416Z,51,486385.jpg,2.9,False,Gomes Betuncal,3.4,False,,a,9,11,103,718811,3638,1248131,4475,0.5,20.2,Beto,Beto,90.0,2023-08-29,1998-01-31,False,p486385,1545,9,1,5,19,0,0,0,3,0,0,15,340,445.8,159.7,655.0,124.5,49,26,14,89,17,8.90,0.23,9.13,24.16,,,,,3.0,,[],,148,15,233,26,28,16,88,17,0.52,0.0,0.01,0.53,1.41,1.11,237,50,136,17,206,21,100,18,0.99,0.29,5.18
True,False,0.0,0.0,491012,0,0,-1,1,0,0,4,0.0,0.0,0,Youssef,0.0,312,False,has joined Rangers permanently.,2025-09-02T12:26:54.689038Z,49,491012.jpg,0.0,False,Ramalho Chermiti,0.1,False,,u,9,11,0,2418,0,14584,2,0.0,0.0,Y.Chermiti,,173.0,2023-08-11,2004-05-24,False,p491012,0,0,0,0,0,0,0,0,0,0,0,0,0,0.0,0.0,0.0,0.0,0,0,0,0,0,0.00,0.00,0.00,0.00,,,,,,,[],,798,88,795,87,791,87,798,88,0.0,0.0,0.0,0.0,0.0,0.0,329,62,755,81,799,88,555,76,0.0,0.0,0.0
True,False,0.0,0.0,536241,0,0,-1,1,0,0,4,0.0,0.0,0,Martin,0.0,313,False,has joined Port Vale on loan for the rest of the season.,2026-02-06T22:49:41.878846Z,44,536241.jpg,0.0,False,Sherif,0.1,False,,u,9,11,0,9203,0,26859,7,0.0,0.0,Sherif,,152.0,2024-09-16,2006-06-10,False,p536241,0,0,0,0,0,0,0,0,0,0,0,0,0,0.0,0.0,0.0,0.0,0,0,0,0,0,0.00,0.00,0.00,0.00,,,,,,,[],,684,72,681,71,662,71,686,72,0.0,0.0,0.0,0.0,0.0,0.0,565,79,600,65,692,73,459,65,0.0,0.0,0.0
True,True,0.0,0.0,114283,0,0,-2,2,0,2,3,0.0,0.0,0,Jack,0.0,419,False,Foot injury - Expected back 01 Jun,2026-01-21T15:00:08.892371Z,63,114283.jpg,4.0,False,Grealish,5.6,False,,i,9,11,79,3790749,27,3795472,694,0.0,12.5,Grealish,,241.0,2025-08-12,1995-09-10,False,p114283,1627,2,6,7,23,0,0,0,3,1,0,12,356,374.2,520.5,397.0,129.2,27,88,20,135,18,2.05,3.37,5.41,25.81,,,,,,,[],https://www.evertonfc.com/news/2026/may/08/Gana-Fitness-Update---Everton-Team-News-For-Palace-Clash/?utm_source=premier_league&utm_medium=referral&utm_campaign=fantasy&utm_content=injuries-flag,190,75,52,46,77,45,83,52,0.11,0.0,0.19,0.3,1.43,1.27,65,42,826,371,66,30,71,26,1.0,0.39,7.47
True,True,,,138001,0,0,-1,1,0,0,1,0.0,0.0,0,Tom,0.0,630,False,,,39,138001.jpg,0.0,False,King,1.2,False,,a,9,11,0,73762,64,108550,247,0.0,0.0,King,,244.0,2025-08-15,1995-03-09,False,p138001,0,0,0,0,0,0,0,0,0,0,0,0,0,0.0,0.0,0.0,0.0,0,0,0,0,0,0.00,0.00,0.00,0.00,,,,,,,[],,547,48,534,30,502,16,550,48,0.0,0.0,0.0,0.0,0.0,0.0,765,76,426,35,559,48,182,21,0.0,0.0,0.0
True,True,100.0,100.0,499300,0,0,-3,3,0,0,2,0.0,0.0,0,Adam,0.0,667,False,,2025-08-29T10:30:08.715230Z,42,499300.jpg,0.0,False,Aznou,0.1,False,,a,9,11,0,3138,7,12915,7,0.0,0.0,Aznou,,145.0,2025-07-29,2006-06-02,False,p499300,0,0,0,0,0,0,0,0,0,0,0,0,0,0.0,0.0,0.0,0.0,0,0,0,0,0,0.00,0.00,0.00,0.00,,,,,,,[],,647,255,642,254,617,253,649,255,0.0,0.0,0.0,0.0,0.0,0.0,647,148,543,227,657,254,571,204,0.0,0.0,0.0
True,False,0.0,0.0,461446,0,0,0,0,0,0,3,0.0,0.0,0,Tyler,0.0,704,False,has joined Stockport County on loan for the rest of the season.,2025-09-02T12:26:54.674165Z,45,461446.jpg,0.0,False,Onyango,0.0,False,,u,9,11,0,8420,0,10271,4,0.0,0.0,Onyango,,241.0,2025-07-25,2003-03-04,False,p461446,0,0,0,0,0,0,0,0,0,0,0,0,0,0.0,0.0,0.0,0.0,0,0,0,0,0,0.00,0.00,0.00,0.00,,,,,,,[],,711,277,709,281,692,274,713,279,0.0,0.0,0.0,0.0,0.0,0.0,439,261,634,227,718,283,590,220,0.0,0.0,0.0
True,False,0.0,0.0,491745,0,0,-1,1,0,0,2,0.0,0.0,0,Elijah,0.0,705,False,has joined Port Vale on loan for the rest of the season.,2026-02-06T22:49:41.857490Z,39,491745.jpg,0.0,False,Campbell,0.1,False,,u,9,11,0,18604,0,17974,22,0.0,0.0,Campbell,,241.0,2023-12-15,2004-08-02,False,p491745,0,0,0,0,0,0,0,0,0,0,0,0,0,0.0,0.0,0.0,0.0,0,0,0,0,0,0.00,0.00,0.00,0.00,,,,,,,[],,561,204,550,204,518,199,564,205,0.0,0.0,0.0,0.0,0.0,0.0,785,225,440,165,573,205,423,158,0.0,0.0,0.0
True,True,,,496661,0,0,-2,2,0,0,3,0.0,0.0,0,Tyler,0.0,707,False,,,53,496661.jpg,1.3,False,Dibling,0.0,False,,a,9,11,18,8048,11,7668,9,0.0,3.4,Dibling,,241.0,2025-08-25,2006-02-17,False,p496661,349,0,0,2,2,0,0,0,2,0,0,0,49,46.0,61.0,32.0,13.6,11,22,7,40,4,0.20,0.14,0.34,6.65,,,,,,,[],,429,185,350,186,370,189,415,189,0.05,0.0,0.04,0.09,1.71,0.52,198,123,795,350,446,198,649,253,1.03,0.52,10.32
True,True,100.0,100.0,513466,0,0,0,0,0,0,3,4.0,4.0,9,Merlin,4.0,728,False,,2025-11-21T15:00:09.732749Z,50,513466.jpg,2.3,False,Röhl,0.0,False,,a,9,11,34,2228,110,1854,14,0.8,6.8,Röhl,,80.0,2025-09-01,2002-07-05,False,p513466,614,1,1,2,12,0,0,0,0,0,0,2,94,108.6,86.6,62.0,25.8,14,27,23,64,5,0.67,0.35,1.02,12.18,,,,,,,[],,380,171,307,173,332,171,379,178,0.1,0.0,0.05,0.15,1.79,1.76,273,167,63,29,307,131,688,275,0.73,0.29,9.38
True,True,,,629068,0,0,0,0,0,0,4,0.0,0.0,0,Braiden,0.0,779,False,,,45,629068.jpg,0.0,False,Graham,0.0,False,,a,9,11,0,6134,57,3745,54,0.0,0.0,Graham,,242.0,2025-12-29,2007-11-07,False,p629068,0,0,0,0,0,0,0,0,0,0,0,0,0,0.0,0.0,0.0,0.0,0,0,0,0,0,0.00,0.00,0.00,0.00,,,,,,,[],,770,83,765,82,751,82,770,83,0.0,0.0,0.0,0.0,0.0,0.0,512,72,698,75,771,83,609,82,0.0,0.0,0.0
True,True,,,80201,0,0,0,0,0,2,1,3.8,4.3,2,Bernd,3.8,314,False,,,50,80201.jpg,3.1,False,Leno,2.3,False,,a,10,54,116,403914,2437,325116,1889,0.8,23.2,Leno,,80.0,2022-08-02,1992-03-04,False,p80201,3330,0,0,8,51,1,0,0,3,0,96,8,528,799.4,0.0,0.0,79.8,46,307,4,0,37,0.00,0.01,0.01,52.42,,,,,,,[],,27,7,800,94,796,92,197,8,0.0,2.59,0.0,0.0,1.42,1.38,244,9,73,8,183,22,129,18,1.0,0.22,0.0
True,False,0.0,0.0,428971,0,0,0,0,0,0,1,0.0,0.0,0,Steven,0.0,315,False,has joined Feyenoord on loan for the rest of the season.,2026-02-04T16:15:48.090995Z,40,428971.jpg,0.0,False,Benda,0.0,False,,u,10,54,0,577,0,937,2,0.0,0.0,Benda,,80.0,2023-08-30,1998-10-01,False,p428971,0,0,0,0,0,0,0,0,0,0,0,0,0,0.0,0.0,0.0,0.0,0,0,0,0,0,0.00,0.00,0.00,0.00,,,,,,,[],,586,71,579,59,548,45,589,71,0.0,0.0,0.0,0.0,0.0,0.0,690,49,471,60,598,71,767,89,0.0,0.0,0.0
True,True,100.0,100.0,169528,0,0,-1,1,0,1,2,3.8,4.3,12,Antonee,3.8,316,False,,2026-02-22T23:00:09.450858Z,49,169528.jpg,2.8,False,Robinson,0.9,False,,a,10,54,59,204036,1876,217723,465,0.8,12.0,Robinson,,229.0,2020-08-20,1997-08-08,False,p169528,1397,1,0,3,19,0,0,0,4,0,0,6,251,359.8,320.8,78.0,76.0,84,94,45,129,16,1.05,1.48,2.53,23.81,,,,,4.0,,[],,202,85,124,32,307,94,210,75,0.07,0.0,0.1,0.17,1.53,1.22,291,44,72,22,224,90,215,85,1.03,0.19,8.31
True,True,0.0,0.0,174874,-1,1,-1,1,0,2,2,0.0,0.0,0,Joachim,3.0,317,False,Suspended until 29 Aug,2026-05-09T20:30:09.152036Z,44,174874.jpg,3.7,False,Andersen,3.3,False,,s,10,54,123,1615002,32,1549247,11769,0.7,28.0,Andersen,,58.0,2024-08-23,1996-05-31,False,p174874,2882,0,1,8,45,0,0,0,7,1,0,8,424,790.6,131.0,148.0,107.0,284,114,45,329,33,1.43,1.83,3.26,44.88,,,,,,,[],,28,10,264,73,233,60,121,34,0.04,0.0,0.06,0.1,1.4,1.41,534,104,117,40,85,30,104,35,1.03,0.25,10.27
True,True,100.0,100.0,232892,0,0,-1,1,0,0,2,2.8,3.3,2,Calvin,2.8,318,False,,2026-03-27T11:30:11.698772Z,44,232892.jpg,3.3,False,Bassey,0.8,False,,a,10,54,97,214674,576,172355,1135,0.6,22.0,Bassey,,157.0,2023-07-28,1999-12-31,False,p232892,2442,1,1,6,40,0,0,0,5,0,0,9,365,560.8,141.3,115.0,82.1,139,114,60,199,27,1.71,0.35,2.05,37.70,,,,,,,[],,94,41,252,63,263,72,189,65,0.06,0.0,0.01,0.07,1.39,1.47,543,111,133,45,143,48,216,86,1.0,0.22,7.33
True,True,,,166477,0,0,-2,2,0,0,2,3.2,3.7,5,Timothy,3.2,319,False,,,43,166477.jpg,1.8,False,Castagne,0.2,False,,a,10,54,53,32863,327,29580,161,0.7,12.3,Castagne,,21.0,2023-08-29,1995-12-05,False,p166477,1748,0,2,2,31,0,0,0,4,0,0,1,263,360.2,278.3,186.0,82.6,102,54,38,140,19,1.41,1.32,2.73,32.35,,,,,,,[],,200,84,153,39,193,48,187,64,0.07,0.0,0.07,0.14,1.67,1.6,587,126,98,30,373,140,393,145,0.98,0.1,7.21
True,True,,,219924,0,0,-2,2,0,0,2,0.8,1.3,2,Issa,0.8,320,False,,,43,219924.jpg,1.3,False,Diop,0.1,False,,a,10,54,16,8772,46,12629,29,0.2,3.7,Diop,,145.0,2022-08-10,1997-01-09,False,p219924,727,0,0,0,13,0,0,0,2,0,0,0,62,144.2,7.3,14.0,16.6,50,18,6,56,7,0.02,0.05,0.07,12.22,,,,,,,[],,348,132,446,160,410,152,402,143,0.0,0.0,0.01,0.01,1.51,1.61,590,129,291,111,437,158,528,188,0.87,0.0,6.93
True,True,,,246301,0,0,-2,2,0,0,2,0.0,0.5,0,Jorge,0.0,321,False,,,43,246301.jpg,2.8,False,Cuenca Barreno,0.1,False,,a,10,54,39,7066,10,8536,27,0.0,9.1,J.Cuenca,,200.0,2024-08-03,1999-11-17,False,p246301,931,0,0,2,11,0,0,0,5,0,0,1,155,244.6,47.1,14.0,30.7,98,40,16,114,11,0.05,0.53,0.58,14.59,,,,,,,[],,275,109,368,132,411,153,366,124,0.0,0.0,0.05,0.05,1.41,1.06,593,131,556,235,217,84,578,206,1.06,0.19,11.02
True,True,100.0,100.0,167074,0,0,0,0,0,1,2,0.0,0.5,0,Kenny,0.0,322,False,,2026-03-20T15:00:09.398770Z,45,167074.jpg,3.7,False,Tete,0.2,False,,a,10,54,81,182077,68,181701,136,0.0,18.0,Tete,,152.0,2020-09-10,1995-10-09,False,p167074,1791,1,0,6,25,0,0,0,2,0,0,5,318,416.0,214.1,108.0,73.9,100,82,65,165,21,0.92,1.46,2.38,25.79,,,,,,,[],,164,69,187,48,269,75,217,78,0.05,0.0,0.07,0.12,1.3,1.26,416,77,618,243,86,31,364,133,1.06,0.3,8.29
True,True,,,591385,0,0,-2,2,0,0,2,0.0,0.5,0,Samuel,0.0,323,False,,,38,591385.jpg,0.0,False,Amissah,0.1,False,,a,10,54,0,10430,29,18580,25,0.0,0.0,Amissah,,241.0,2023-07-19,2007-03-07,False,p591385,0,0,0,0,0,0,0,0,0,0,0,0,0,0.0,0.0,0.0,0.0,0,0,0,0,0,0.00,0.00,0.00,0.00,,,,,,,[],,540,199,525,199,493,194,543,200,0.0,0.0,0.0,0.0,0.0,0.0,828,259,417,159,552,200,430,160,0.0,0.0,0.0
True,True,100.0,100.0,153133,0,0,-4,4,0,3,3,0.5,1.0,2,Alex,0.5,324,False,,2026-04-18T18:00:09.137454Z,61,153133.jpg,3.6,False,Iwobi,1.1,False,,a,10,54,100,592055,427,651193,737,0.1,16.4,Iwobi,,157.0,2023-09-01,1996-05-03,False,p153133,2330,4,3,4,40,0,0,0,3,0,0,13,493,498.0,696.4,305.0,150.0,34,120,26,180,28,1.65,4.53,6.18,35.39,2.0,,,,,,[],,124,40,24,23,106,63,55,35,0.06,0.0,0.17,0.23,1.37,1.55,78,51,343,151,107,46,189,68,1.08,0.15,6.95
True,True,100.0,100.0,209289,0,0,-4,4,0,0,3,2.0,2.5,2,Emile,2.0,325,False,,2026-03-16T00:00:09.774637Z,56,209289.jpg,2.1,False,Smith Rowe,0.5,False,,a,10,54,77,171143,191,227026,305,0.4,13.8,Smith Rowe,,241.0,2024-08-02,2000-07-28,False,p209289,1838,3,1,5,27,0,0,0,1,0,0,1,340,284.2,324.6,397.0,100.6,41,70,33,144,21,4.65,1.12,5.77,31.10,,,,,,,[],,250,106,123,85,76,44,138,75,0.23,0.0,0.05,0.28,1.52,1.32,126,78,191,82,338,147,268,91,1.03,0.24,7.05
True,False,0.0,0.0,156689,0,0,-2,2,0,0,3,0.0,0.0,0,Andreas,0.0,327,False,has joined Palmeiras permanently.,2025-09-02T13:24:11.133813Z,53,156689.jpg,0.0,False,Hoelgebaum Pereira,0.1,False,,u,10,54,0,2438,0,35654,3,0.0,0.0,Andreas,,30.0,2022-07-11,1996-01-01,False,p156689,0,0,0,0,0,0,0,0,0,0,0,0,0,0.0,0.0,0.0,0.0,0,0,0,0,0,0.00,0.00,0.00,0.00,,,,,,,[],,817,363,818,364,815,363,817,363,0.0,0.0,0.0,0.0,0.0,0.0,180,113,791,347,818,364,570,213,0.0,0.0,0.0
True,True,0.0,0.0,184349,0,0,-1,1,0,2,3,0.0,0.0,0,Ryan,2.8,328,False,Muscle injury - Unknown return date,2026-04-28T00:00:07.995394Z,54,184349.jpg,3.5,False,Sessegnon,0.1,False,,i,10,54,95,148354,9,143738,122,0.5,17.6,Sessegnon,,241.0,2024-07-26,2000-05-18,False,p184349,1816,3,3,6,29,0,0,0,0,0,0,8,332,413.8,225.0,229.0,86.7,96,74,48,218,20,1.60,1.80,3.40,26.33,,,,,,,[],https://www.fulhamfc.com/news/2026/may/15/team-news-iwobi-back-in-contention/?utm_source=premier_league&utm_medium=referral&utm_campaign=fantasy&utm_content=injuries-flag,167,60,176,115,150,85,172,85,0.08,0.0,0.09,0.17,1.3,1.44,157,97,140,62,120,51,428,147,0.99,0.3,10.8
True,True,100.0,100.0,153682,0,0,4,-4,0,3,3,1.8,2.3,1,Harry,1.8,329,False,,2026-03-01T22:00:07.600147Z,59,153682.jpg,4.7,False,Wilson,18.8,False,,a,10,54,164,5990345,4779,3696332,46074,0.3,27.8,Wilson,,244.0,2021-07-24,1997-03-22,False,p153682,2656,10,8,9,38,0,0,0,7,0,0,21,623,690.2,649.8,593.0,193.3,66,82,28,176,32,5.78,4.77,10.55,40.00,1.0,,1.0,,3.0,,[],,49,13,32,29,35,19,26,21,0.2,0.0,0.16,0.36,1.36,1.29,90,58,215,93,23,11,16,6,1.08,0.3,5.96
True,True,,,207189,0,0,-1,1,0,1,3,1.0,1.5,1,Sander,1.0,330,False,,,49,207189.jpg,2.6,False,Berge,0.1,False,,a,10,54,88,14301,27,15532,51,0.2,18.0,Berge,,161.0,2024-08-22,1998-02-14,False,p207189,2814,0,3,7,45,1,0,0,5,0,0,3,487,422.8,330.3,101.0,85.6,89,129,56,274,33,1.54,1.47,3.01,42.78,,,,,,,[],,160,57,119,83,278,151,176,88,0.05,0.0,0.05,0.1,1.37,1.44,300,186,273,115,258,105,523,191,1.06,0.22,8.76
True,True,100.0,100.0,76357,0,0,-2,2,0,0,3,0.8,1.3,0,Tom,0.8,331,False,,2026-02-09T18:00:10.428796Z,48,76357.jpg,1.5,False,Cairney,0.0,False,,a,10,54,35,3144,10,5143,14,0.2,7.3,Cairney,,243.0,2015-07-07,1991-01-20,False,p76357,726,1,0,2,10,0,0,0,3,0,0,1,154,114.8,166.9,55.0,33.8,10,40,6,56,6,1.01,0.70,1.71,11.49,,,,,,,[],,376,169,226,146,340,176,354,169,0.13,0.0,0.09,0.22,1.42,1.24,345,216,296,123,417,179,640,247,0.74,0.25,6.94
True,True,100.0,100.0,212314,0,0,-1,1,0,0,3,3.2,3.7,5,Saša,3.2,332,False,,2026-01-17T18:30:08.687153Z,49,212314.jpg,2.6,False,Lukić,0.1,False,,a,10,54,67,16188,107,19850,36,0.7,13.7,Lukić,,190.0,2023-01-31,1996-08-13,False,p212314,1730,1,4,6,22,0,0,0,9,0,0,4,314,317.6,441.6,176.0,93.4,63,71,49,183,20,2.23,1.91,4.14,27.64,3.0,,,,,,[],,230,95,70,53,210,112,162,83,0.12,0.0,0.1,0.22,1.44,1.14,304,189,103,47,259,106,558,208,1.04,0.31,9.52
True,False,0.0,0.0,573062,0,0,0,0,0,0,3,0.0,0.0,0,Martial,0.0,333,False,has joined Strasbourg permanently.,2025-09-02T13:30:29.210428Z,45,573062.jpg,0.0,False,Godo,0.0,False,,u,10,54,0,898,0,6639,2,0.0,0.0,Godo,,54.0,2022-08-22,2003-03-14,False,p573062,0,0,0,0,0,0,0,0,0,0,0,0,0,0.0,0.0,0.0,0.0,0,0,0,0,0,0.00,0.00,0.00,0.00,,,,,,,[],,741,305,737,307,722,302,742,306,0.0,0.0,0.0,0.0,0.0,0.0,477,292,666,256,745,308,676,272,0.0,0.0,0.0
True,False,0.0,0.0,515024,0,0,0,0,0,0,3,0.0,0.0,0,Luke,0.0,334,False,Has joined Oxford United on loan for the rest of the season.,2025-07-28T11:48:41.571901Z,45,515024.jpg,0.0,False,Harris,0.0,False,,u,10,54,0,0,0,316,0,0.0,0.0,Harris,,244.0,2022-08-05,2005-03-04,False,p515024,0,0,0,0,0,0,0,0,0,0,0,0,0,0.0,0.0,0.0,0.0,0,0,0,0,0,0.00,0.00,0.00,0.00,,,,,,,[],,722,288,719,291,702,284,723,289,0.0,0.0,0.0,0.0,0.0,0.0,455,273,646,238,728,293,822,364,0.0,0.0,0.0
True,True,100.0,100.0,577725,0,0,-1,1,0,1,3,0.8,1.3,1,Josh,0.8,335,False,,2026-01-01T21:30:11.885073Z,44,577725.jpg,2.0,False,King,1.6,False,,a,10,54,62,1011158,708,934086,1154,0.2,14.1,King,,241.0,2024-02-02,2007-01-03,False,p577725,1272,1,3,5,18,0,0,0,4,0,0,3,218,201.0,186.9,315.0,69.4,22,56,25,103,15,2.38,0.65,3.03,18.83,,,,,,,[],,304,130,210,138,98,57,231,111,0.17,0.0,0.05,0.22,1.33,1.27,572,346,294,122,346,149,156,52,1.06,0.35,7.29
True,True,100.0,100.0,153366,0,0,-2,2,0,0,3,0.5,1.0,0,Harrison,0.5,336,False,,2026-04-09T16:30:10.820873Z,43,153366.jpg,2.1,False,Reed,0.3,False,,a,10,54,15,89779,171,85664,260,0.1,3.5,Reed,,241.0,2020-08-30,1995-01-27,False,p153366,89,1,0,0,4,0,0,0,0,0,0,2,48,42.0,44.4,11.0,9.7,1,5,0,6,1,0.13,0.45,0.58,3.43,,,,,,,[],,435,189,373,192,420,205,431,194,0.13,0.0,0.46,0.59,3.47,4.04,586,352,321,138,329,141,316,107,1.01,0.0,6.07
True,True,100.0,100.0,102057,0,0,-5,5,0,1,4,1.2,1.7,1,Raúl,1.2,337,False,,2025-10-29T18:00:08.542122Z,60,102057.jpg,3.2,False,Jiménez Rodríguez,1.9,False,,a,10,54,111,891015,1082,925397,4212,0.2,18.5,Raúl,,139.0,2023-07-25,1991-05-05,False,p102057,2165,9,5,9,28,0,0,0,5,0,0,7,408,479.4,331.4,728.0,153.1,42,55,34,131,27,11.55,0.90,12.45,34.81,,,2.0,,1.0,,[],,136,14,118,6,24,14,51,10,0.48,0.0,0.04,0.52,1.45,1.16,84,25,258,35,170,17,140,21,1.12,0.37,5.45
True,True,100.0,100.0,244042,0,0,-2,2,0,0,4,1.2,1.7,2,Rodrigo,1.2,338,False,,2025-11-08T19:00:09.014811Z,53,244042.jpg,1.7,False,Muniz Carvalho,0.7,False,,a,10,54,34,273422,263,445714,234,0.2,6.4,Muniz,Rodrigo Muniz,30.0,2021-08-20,2001-05-04,False,p244042,916,1,1,2,13,1,0,0,2,0,0,3,89,113.0,92.7,256.0,44.1,29,14,7,50,9,3.14,0.14,3.28,13.66,,,,,,,[],,379,42,303,34,131,34,320,37,0.31,0.0,0.01,0.32,1.34,1.28,187,42,256,34,401,46,231,34,0.88,0.2,4.91
True,True,100.0,100.0,477555,0,0,-4,4,0,0,3,1.2,1.7,2,Oscar,1.2,424,False,,2025-12-18T01:30:09.837246Z,51,477555.jpg,1.8,False,Bobb,0.2,False,,a,10,54,39,92997,59,103153,81,0.2,7.6,Bobb,,161.0,2026-01-30,2003-07-12,False,p477555,959,0,2,3,13,0,0,0,1,0,0,0,174,134.2,292.6,203.0,63.3,11,39,21,71,10,1.47,1.91,3.38,12.54,,,,,,,[],,355,160,144,98,176,95,249,124,0.14,0.0,0.18,0.32,1.18,1.22,236,143,254,107,382,163,370,128,0.94,0.28,6.66
True,True,,,86873,0,0,-1,1,0,0,1,0.0,0.5,0,Benjamin,0.0,664,False,,,39,86873.jpg,0.0,False,Lecomte,0.7,False,,a,10,54,0,44614,49,59444,162,0.0,0.0,Lecomte,,73.0,2025-07-26,1991-04-26,False,p86873,0,0,0,0,0,0,0,0,0,0,0,0,0,0.0,0.0,0.0,0.0,0,0,0,0,0,0.00,0.00,0.00,0.00,,,,,,,[],,545,46,531,27,499,13,548,46,0.0,0.0,0.0,0.0,0.0,0.0,761,73,422,32,557,46,235,31,0.0,0.0,0.0
True,True,100.0,100.0,218328,0,0,-2,2,0,1,3,2.0,2.5,1,Samuel,2.0,727,False,,2026-02-20T16:30:09.110337Z,53,218328.jpg,2.7,False,Chukwueze,0.1,False,,a,10,54,62,103147,34,96813,123,0.4,11.7,Chukwueze,,157.0,2025-09-01,1999-05-22,False,p218328,1067,3,4,2,20,0,0,0,0,0,0,1,242,274.0,346.7,243.0,85.8,18,57,6,81,10,2.10,3.36,5.46,18.76,,,,,,,[],,258,109,113,79,137,77,175,87,0.18,0.0,0.28,0.46,1.58,1.69,185,118,189,80,245,97,517,188,0.84,0.17,6.83
True,True,100.0,100.0,560552,0,0,-3,3,0,0,3,0.5,1.0,1,Kevin,0.5,731,False,,2026-02-22T23:00:10.122821Z,57,560552.jpg,1.8,False,Santos Lopes de Macedo,0.1,False,,a,10,54,45,35200,39,32391,31,0.1,7.9,Kevin,Kevin,30.0,2025-09-01,2003-01-04,False,p560552,971,1,2,4,15,0,0,0,1,0,0,0,171,214.8,234.3,234.0,68.1,17,44,21,82,8,1.17,1.45,2.62,14.44,,,,,,,[],,293,122,173,113,147,82,236,114,0.11,0.0,0.13,0.24,1.34,1.39,118,74,341,149,385,164,581,216,0.74,0.37,7.6
True,True,,,631786,0,0,0,0,0,0,4,0.5,1.0,0,Jonah,0.5,737,False,,,45,631786.jpg,0.9,False,Kusi-Asare,0.1,False,,a,10,54,6,23472,85,18722,56,0.1,1.3,Kusi-Asare,,206.0,2025-09-01,2007-07-04,False,p631786,49,0,0,0,2,0,0,0,1,0,0,0,19,3.2,12.0,8.0,2.3,0,4,1,5,0,0.00,0.07,0.07,1.10,,,,,,,[],,497,57,428,56,429,59,480,57,0.0,0.0,0.13,0.13,2.02,3.67,515,74,324,42,520,64,476,68,0.0,0.0,9.18
True,True,,,619536,0,0,0,0,0,0,3,0.0,0.5,0,Seth,0.0,770,False,,,45,619536.jpg,0.0,False,Ridgeon,0.0,False,,a,10,54,0,925,8,604,3,0.0,0.0,Ridgeon,,241.0,2025-10-27,2008-09-12,False,p619536,0,0,0,0,0,0,0,0,0,0,0,0,0,0.0,0.0,0.0,0.0,0,0,0,0,0,0.00,0.00,0.00,0.00,,,,,,,[],,768,327,763,328,749,324,768,327,0.0,0.0,0.0,0.0,0.0,0.0,509,318,696,281,769,328,776,334,0.0,0.0,0.0
True,True,,,505079,0,0,0,0,0,0,1,0.0,0.5,0,Alfie,0.0,786,False,,,40,505079.jpg,0.0,False,McNally,0.0,False,,a,10,54,0,1116,18,652,6,0.0,0.0,McNally,,241.0,2026-01-03,2004-12-22,False,p505079,0,0,0,0,0,0,0,0,0,0,0,0,0,0.0,0.0,0.0,0.0,0,0,0,0,0,0.00,0.00,0.00,0.00,,,,,,,[],,608,83,601,71,570,57,611,83,0.0,0.0,0.0,0.0,0.0,0.0,716,61,494,72,619,83,731,85,0.0,0.0,0.0
True,True,100.0,0.0,536916,0,0,-4,4,0,0,3,0.0,0.0,0,Facundo,0.0,168,False,,2026-05-09T21:00:09.692031Z,46,536916.jpg,0.7,False,Buonanotte,0.1,False,,a,11,2,2,18063,83,31602,56,0.0,0.4,Buonanotte,,10.0,2026-01-15,2004-12-23,False,p536916,69,0,0,0,2,0,0,0,1,0,0,0,5,6.0,25.7,19.0,5.0,1,3,1,5,1,0.04,0.10,0.14,1.86,,,,,,,[],,484,217,399,200,401,199,460,205,0.05,0.0,0.13,0.18,2.43,2.61,404,249,712,293,528,245,499,181,1.3,0.0,6.52
True,True,,,437495,0,0,-4,4,0,0,1,0.0,-0.5,0,Illan,0.0,339,False,,,41,437495.jpg,0.0,False,Meslier,0.3,False,,a,11,2,0,15748,60,66323,88,0.0,0.0,Meslier,,73.0,2020-07-27,2000-03-02,False,p437495,0,0,0,0,0,0,0,0,0,0,0,0,0,0.0,0.0,0.0,0.0,0,0,0,0,0,0.00,0.00,0.00,0.00,,,,,,,[],,641,90,635,79,606,65,644,90,0.0,0.0,0.0,0.0,0.0,0.0,664,36,534,80,652,90,309,41,0.0,0.0,0.0
True,True,,,97846,0,0,-1,1,0,0,1,0.0,-0.5,0,Alex,0.0,340,False,,,39,97846.jpg,0.0,False,Cairns,0.1,False,,a,11,2,0,9223,11,16396,46,0.0,0.0,Cairns,,241.0,2024-07-08,1993-01-04,False,p97846,0,0,0,0,0,0,0,0,0,0,0,0,0,0.0,0.0,0.0,0.0,0,0,0,0,0,0.00,0.00,0.00,0.00,,,,,,,[],,546,47,532,28,500,14,549,47,0.0,0.0,0.0,0.0,0.0,0.0,762,74,423,33,558,47,429,61,0.0,0.0,0.0
True,True,,,59735,0,0,0,0,0,1,1,4.2,3.7,11,Karl,4.2,341,False,,,40,59735.jpg,3.3,False,Darlow,6.8,False,,a,11,2,69,915424,5059,384240,1166,1.0,17.2,Darlow,,244.0,2023-07-29,1990-10-08,False,p59735,1890,0,0,5,24,0,0,0,1,0,58,3,323,491.2,0.0,0.0,49.4,30,192,1,0,21,0.00,0.05,0.05,25.75,,,,,,,[],,132,18,564,50,533,36,298,18,0.0,2.76,0.0,0.0,1.23,1.14,672,40,49,5,140,19,62,10,1.0,0.24,0.0
True,True,0.0,0.0,226182,0,0,-1,1,0,0,2,0.0,0.0,0,Jayden,1.5,342,False,Hamstring injury - Unknown return date,2026-05-12T11:00:09.907503Z,44,226182.jpg,2.8,False,Bogle,0.5,False,,i,11,2,94,144749,18,104818,2811,0.3,21.4,Bogle,,241.0,2024-07-20,2000-07-27,False,p226182,2718,1,5,6,43,0,0,0,6,0,0,1,299,422.6,327.4,212.0,96.5,108,131,62,170,31,2.05,2.89,4.94,37.96,,,,,,,[],https://www.leedsunited.com/en/news/daniel-farke-provides-fitness-update-ahead-of-brighton-clash-home?utm_source=premier_league&utm_medium=referral&utm_campaign=fantasy&utm_content=injuries-flag,161,67,121,31,166,38,148,48,0.07,0.0,0.1,0.17,1.26,1.42,540,108,224,83,219,86,264,102,1.03,0.2,5.63
True,True,50.0,50.0,222694,0,0,-3,3,0,0,2,0.6,0.3,0,Pascal,1.2,343,False,Hip injury - 50% chance of playing,2026-05-08T15:30:09.162205Z,42,222694.jpg,3.2,False,Struijk,2.1,False,,d,11,2,107,573688,32,344842,5155,0.3,25.5,Struijk,,152.0,2018-04-12,1999-08-11,False,p222694,2845,0,1,7,45,0,0,0,5,0,0,4,412,685.4,160.2,272.0,111.8,254,115,37,291,32,3.06,0.75,3.81,40.31,,,,,,,[],https://www.leedsunited.com/en/news/daniel-farke-provides-fitness-update-ahead-of-brighton-clash-home?utm_source=premier_league&utm_medium=referral&utm_campaign=fantasy&utm_content=injuries-flag,51,22,231,59,125,23,111,29,0.1,0.0,0.02,0.12,1.28,1.42,639,143,246,91,157,58,132,53,1.01,0.22,9.21
True,True,100.0,100.0,434752,0,0,-1,1,0,1,2,5.5,5.0,8,Jaka,5.5,344,False,,2026-04-29T15:30:09.745549Z,39,434752.jpg,4.1,False,Bijol,1.2,False,,a,11,2,98,274401,3823,152038,543,1.4,25.1,Bijol,,195.0,2025-06-23,1999-02-05,False,p434752,1819,1,3,5,25,0,0,0,3,0,0,6,317,514.0,83.8,239.0,83.7,186,61,24,210,20,0.90,0.74,1.64,29.51,,,,,,,[],,116,53,314,103,141,28,183,62,0.04,0.0,0.04,0.08,1.46,1.24,774,221,20,7,52,19,185,71,0.99,0.25,10.39
True,True,100.0,100.0,437738,0,0,-2,2,0,0,2,1.8,1.3,6,Sebastiaan,1.8,345,False,,2026-01-11T22:30:10.606564Z,38,437738.jpg,2.2,False,Bornauw,0.1,False,,a,11,2,24,23818,192,20987,62,0.5,6.3,Bornauw,,21.0,2025-07-01,1999-03-22,False,p437738,428,0,0,2,4,0,0,0,1,0,0,0,75,98.6,6.3,12.0,11.7,41,13,8,49,5,0.00,0.01,0.01,8.17,,,,,,,[],,388,143,455,165,416,156,423,152,0.0,0.0,0.0,0.0,1.72,0.84,810,243,195,70,311,116,443,167,1.05,0.42,10.3
True,True,,,113564,0,0,-3,3,0,0,2,0.2,-0.3,1,Sam,0.2,346,False,,,37,113564.jpg,1.0,False,Byram,0.4,False,,a,11,2,2,57642,2087,44306,365,0.1,0.5,Byram,,241.0,2023-08-05,1993-09-16,False,p113564,8,0,0,0,1,0,0,0,0,0,0,0,1,5.4,0.0,0.0,0.5,2,1,1,3,0,0.00,0.00,0.00,1.01,,,,,,,[],,486,174,501,179,467,172,506,176,0.0,0.0,0.0,0.0,11.36,11.25,830,261,349,123,460,164,290,109,0.0,0.0,33.75
True,True,50.0,0.0,243526,0,0,-2,2,0,0,2,0.1,0.0,0,Gabriel,0.2,347,False,Hamstring injury - 50% chance of playing,2026-04-26T22:30:07.928706Z,38,243526.jpg,2.1,False,Gudmundsson,2.6,False,,d,11,2,68,1004511,50,1033878,3113,0.1,17.9,Gudmundsson,,206.0,2025-07-08,1999-04-29,False,p243526,2637,0,0,5,45,1,0,0,4,1,0,8,286,442.6,363.7,158.0,96.4,119,112,65,184,31,1.10,2.89,3.98,41.06,,,,,,,[],https://www.leedsunited.com/en/news/daniel-farke-provides-fitness-update-ahead-of-brighton-clash-home?utm_source=premier_league&utm_medium=referral&utm_campaign=fantasy&utm_content=injuries-flag,150,62,105,26,227,59,150,49,0.04,0.0,0.1,0.14,1.4,1.54,806,239,351,125,325,120,118,45,1.06,0.17,6.28
True,True,100.0,100.0,214225,0,0,-1,1,0,1,2,2.0,1.5,6,Joe,2.0,348,False,,2026-04-05T21:30:09.244398Z,39,214225.jpg,3.2,False,Rodon,2.9,False,,a,11,2,108,1239580,2813,1158058,1088,0.5,27.7,Rodon,,244.0,2024-07-02,1997-10-22,False,p214225,2862,2,0,6,50,0,0,0,3,0,0,5,369,688.8,127.0,242.0,106.2,231,80,35,266,32,1.40,0.56,1.96,45.93,,,,,,,[],,50,21,271,76,138,26,124,37,0.04,0.0,0.02,0.06,1.44,1.57,770,219,174,60,154,55,111,40,1.01,0.19,8.36
True,False,0.0,0.0,492368,0,0,0,0,0,0,2,0.0,0.0,0,Isaac,0.0,349,False,has joined Werder Bremen on loan for the rest of the season.,2025-09-02T12:00:32.361624Z,40,492368.jpg,0.0,False,Schmidt,0.1,False,,u,11,2,0,788,0,16083,5,0.0,0.0,Schmidt,,207.0,2024-08-30,1999-12-07,False,p492368,0,0,0,0,0,0,0,0,0,0,0,0,0,0.0,0.0,0.0,0.0,0,0,0,0,0,0.00,0.00,0.00,0.00,,,,,,,[],,601,222,594,222,563,218,604,223,0.0,0.0,0.0,0.0,0.0,0.0,707,178,487,188,613,223,562,201,0.0,0.0,0.0
True,True,75.0,,427637,0,0,-1,1,0,2,3,1.1,1.0,1,Brenden,1.5,350,False,Knee injury - 75% chance of playing,2026-05-17T22:00:09.557301Z,54,427637.jpg,3.5,False,Aaronson,0.9,False,,d,11,2,125,380133,338,276796,3377,0.3,23.1,Aaronson,,229.0,2022-07-01,2000-10-22,False,p427637,2359,4,8,9,30,0,0,0,2,0,0,5,442,473.8,469.9,477.0,142.0,35,126,49,210,29,4.25,3.31,7.56,35.00,,,,,,,[],,138,48,61,50,56,31,62,38,0.16,0.0,0.13,0.29,1.34,1.14,163,100,233,101,121,52,203,72,1.11,0.34,8.01
True,True,100.0,100.0,492859,0,0,-4,4,0,0,3,1.8,1.3,1,Wilfried,1.8,351,False,,2025-09-18T14:30:08.147956Z,51,492859.jpg,1.4,False,Gnonto,0.1,False,,a,11,2,31,10572,56,41377,40,0.4,6.1,Gnonto,,106.0,2022-09-01,2003-11-05,False,p492859,500,0,3,1,12,0,0,0,3,0,0,0,131,84.4,128.0,57.0,26.9,15,26,18,59,4,0.40,0.76,1.16,11.34,,,,,,,[],,400,177,270,165,338,175,378,177,0.07,0.0,0.14,0.21,2.04,2.16,239,144,206,87,434,189,508,187,0.72,0.18,10.62
True,False,0.0,0.0,221399,0,0,-4,4,0,0,3,0.0,0.0,0,Jack,0.0,352,False,has joined ACF Fiorentina on loan for the rest of the season.,2026-01-19T15:40:40.404385Z,51,221399.jpg,1.1,False,Harrison,0.0,False,,u,11,2,12,6000,0,18796,6,0.0,2.4,Harrison,,241.0,2021-07-02,1996-11-20,False,p221399,262,0,0,0,5,0,0,0,0,0,0,0,51,30.0,49.4,35.0,11.5,6,13,5,24,1,0.28,0.23,0.51,3.82,,,,,,,[],,450,198,363,188,366,188,424,192,0.1,0.0,0.08,0.18,1.31,1.72,230,140,783,343,459,204,602,228,0.34,0.0,8.24
True,True,100.0,100.0,200617,0,0,-3,3,0,0,3,1.0,0.5,1,Daniel,1.0,353,False,,2026-04-08T15:30:07.856170Z,52,200617.jpg,1.2,False,James,0.1,False,,a,11,2,22,9130,66,53471,28,0.2,4.2,James,,244.0,2021-08-31,1997-11-10,False,p200617,527,0,0,1,14,0,0,0,0,0,0,0,89,65.6,128.8,133.0,32.9,9,19,6,34,6,0.91,0.69,1.60,13.74,,,,,,,[],,416,179,266,164,245,136,356,171,0.16,0.0,0.12,0.28,2.35,2.39,205,127,276,117,452,201,482,171,1.02,0.17,5.81
True,True,100.0,50.0,199598,0,0,-1,1,0,1,3,5.8,2.6,3,Ethan,5.8,354,False,,2026-05-15T14:30:09.952299Z,49,199598.jpg,3.9,False,Ampadu,0.6,False,,a,11,2,131,151309,1223,87436,1579,1.2,26.7,Ampadu,,244.0,2023-07-19,2000-09-14,False,p199598,3029,1,4,8,46,0,0,0,9,0,0,11,572,574.2,367.5,164.0,111.0,147,177,79,403,34,2.47,2.17,4.64,46.05,,,,,,,[],,88,28,101,72,220,119,113,65,0.07,0.0,0.06,0.13,1.37,1.37,295,183,16,8,71,33,246,88,1.01,0.24,11.97
True,False,0.0,0.0,248937,0,0,-1,1,0,0,3,0.0,0.0,0,Sam,0.0,355,False,has joined Pogon Szczecin permanently.,2025-09-02T12:00:32.393623Z,49,248937.jpg,0.0,False,Greenwood,0.0,False,,u,11,2,0,1234,0,10152,1,0.0,0.0,Greenwood,,241.0,2021-01-09,2002-01-26,False,p248937,0,0,0,0,0,0,0,0,0,0,0,0,0,0.0,0.0,0.0,0.0,0,0,0,0,0,0.00,0.00,0.00,0.00,,,,,,,[],,790,343,787,344,783,342,790,343,0.0,0.0,0.0,0.0,0.0,0.0,313,194,744,315,791,344,644,250,0.0,0.0,0.0
True,True,0.0,0.0,486520,0,0,-3,3,0,1,3,0.0,0.0,0,Ilia,0.0,356,False,Knee injury - Expected back 01 Jun,2026-04-24T17:30:09.489939Z,47,486520.jpg,2.4,False,Gruev,0.1,False,,i,11,2,56,23030,1,20967,146,0.0,11.9,Gruev,,34.0,2023-08-31,2000-05-06,False,p486520,1318,0,4,5,23,0,0,0,3,0,0,3,245,199.4,171.0,64.0,43.2,40,51,23,114,15,0.49,0.86,1.35,25.27,4.0,,,,,,[],https://www.leedsunited.com/en/news/daniel-farke-provides-fitness-update-ahead-of-emirates-fa-cup-semi-final?utm_source=premier_league&utm_medium=referral&utm_campaign=fantasy&utm_content=injuries-flag,305,131,224,144,329,169,324,155,0.03,0.0,0.06,0.09,1.73,1.57,390,242,719,297,287,118,529,194,1.02,0.34,7.78
True,False,0.0,0.0,433952,0,0,-1,1,0,0,3,0.0,0.0,0,Largie,0.0,357,False,has joined Valencia on loan for the rest of the season.,2025-09-02T12:00:32.377624Z,49,433952.jpg,0.0,False,Ramazani,0.0,False,,u,11,2,0,203,0,4343,0,0.0,0.0,Ramazani,,21.0,2024-08-22,2001-02-27,False,p433952,0,0,0,0,0,0,0,0,0,0,0,0,0,0.0,0.0,0.0,0.0,0,0,0,0,0,0.00,0.00,0.00,0.00,,,,,,,[],,792,345,789,346,785,344,792,345,0.0,0.0,0.0,0.0,0.0,0.0,317,196,747,317,793,346,722,299,0.0,0.0,0.0
True,True,100.0,100.0,248056,0,0,-2,2,0,0,3,3.5,3.0,1,Tanaka,3.5,358,False,,2025-08-24T01:30:06.493361Z,48,248056.jpg,2.3,False,Ao,0.2,False,,a,11,2,63,61356,315,67726,160,0.7,13.1,Tanaka,,108.0,2024-08-30,1998-09-10,False,p248056,1230,2,1,3,21,0,0,0,1,0,0,4,274,212.8,301.3,104.0,61.8,36,75,24,135,13,1.44,1.38,2.82,19.52,,,,,,,[],,295,123,140,94,274,148,258,127,0.11,0.0,0.1,0.21,1.43,1.54,359,223,87,41,305,129,369,127,0.95,0.22,9.88
True,False,0.0,0.0,536119,0,0,0,0,0,0,3,0.0,0.0,0,Charlie,0.0,359,False,Has joined Doncaster Rovers on loan for the rest of the season.,2025-08-11T01:12:36.647868Z,45,536119.jpg,0.0,False,Crew,0.0,False,,u,11,2,0,0,0,979,1,0.0,0.0,Crew,,244.0,2024-03-28,2006-06-15,False,p536119,0,0,0,0,0,0,0,0,0,0,0,0,0,0.0,0.0,0.0,0.0,0,0,0,0,0,0.00,0.00,0.00,0.00,,,,,,,[],,725,291,722,294,705,287,726,292,0.0,0.0,0.0,0.0,0.0,0.0,459,277,649,241,731,296,806,354,0.0,0.0,0.0
True,False,0.0,0.0,462635,0,0,0,0,0,0,3,0.0,0.0,0,Joe,0.0,360,False,Has joined Hull City on loan for the rest of the season.,2025-08-11T11:07:52.207439Z,45,462635.jpg,0.0,False,Gelhardt,0.0,False,,u,11,2,0,0,0,2910,0,0.0,0.0,Gelhardt,,241.0,2021-02-07,2002-05-04,False,p462635,0,0,0,0,0,0,0,0,0,0,0,0,0,0.0,0.0,0.0,0.0,0,0,0,0,0,0.00,0.00,0.00,0.00,,,,,,,[],,713,279,711,283,694,276,715,281,0.0,0.0,0.0,0.0,0.0,0.0,441,263,636,229,720,285,763,324,0.0,0.0,0.0
True,False,0.0,0.0,470294,0,0,0,0,0,0,3,0.0,0.0,0,Darko,0.0,361,False,has joined Hull City permanently.,2025-09-02T13:38:58.066167Z,45,470294.jpg,0.0,False,Gyabi,0.0,False,,u,11,2,0,1165,0,8462,1,0.0,0.0,Gyabi,,241.0,2022-07-04,2004-02-18,False,p470294,0,0,0,0,0,0,0,0,0,0,0,0,0,0.0,0.0,0.0,0.0,0,0,0,0,0,0.00,0.00,0.00,0.00,,,,,,,[],,714,280,712,284,695,277,716,282,0.0,0.0,0.0,0.0,0.0,0.0,442,264,637,230,721,286,675,271,0.0,0.0,0.0
True,True,100.0,100.0,235826,0,0,-6,6,0,0,4,0.5,0.0,1,Joël,0.5,362,False,,2025-09-11T17:30:06.758854Z,49,235826.jpg,1.1,False,Piroe,0.3,False,,a,11,2,16,40260,62,222293,68,0.1,3.3,Piroe,,203.0,2023-08-24,1999-08-02,False,p235826,232,0,0,1,7,0,0,0,0,0,0,0,38,10.6,38.0,97.0,13.9,2,10,1,13,2,0.85,0.13,0.98,6.16,,,,,3.0,,[],,471,55,383,49,284,49,412,52,0.33,0.0,0.05,0.38,2.39,2.72,312,58,329,43,457,55,305,48,0.78,0.39,5.04
True,False,0.0,0.0,106617,0,0,-1,1,0,0,4,0.0,0.0,0,Patrick,0.0,363,False,has departed the club as a free agent.,2025-09-02T12:00:32.408955Z,49,106617.jpg,0.0,False,Bamford,0.3,False,,u,11,2,0,16144,0,203405,17,0.0,0.0,Bamford,,241.0,2018-07-31,1993-09-05,False,p106617,0,0,0,0,0,0,0,0,0,0,0,0,0,0.0,0.0,0.0,0.0,0,0,0,0,0,0.00,0.00,0.00,0.00,,,,,,,[],,785,86,782,85,778,85,785,86,0.0,0.0,0.0,0.0,0.0,0.0,284,57,732,78,786,86,314,50,0.0,0.0,0.0
True,False,0.0,0.0,565297,0,0,0,0,0,0,4,0.0,0.0,0,Mateo,0.0,364,False,Has joined RCD Mallorca on loan for the rest of the season.,2025-08-11T11:07:32.622877Z,50,565297.jpg,0.0,False,Joseph Fernández-Regatillo,0.0,False,,u,11,2,0,0,0,2431,1,0.0,0.0,Mateo Joseph,,200.0,2022-11-04,2003-10-19,False,p565297,0,0,0,0,0,0,0,0,0,0,0,0,0,0.0,0.0,0.0,0.0,0,0,0,0,0,0.00,0.00,0.00,0.00,,,,,,,[],,811,89,811,89,806,89,811,89,0.0,0.0,0.0,0.0,0.0,0.0,276,56,775,83,812,89,749,91,0.0,0.0,0.0
True,True,100.0,100.0,174594,0,0,0,0,0,0,4,1.0,0.5,1,Lukas,1.0,365,False,,2026-01-29T15:30:09.161752Z,50,174594.jpg,2.4,False,Nmecha,0.5,False,,a,11,2,71,219735,197,233496,283,0.2,14.2,Nmecha,,80.0,2025-07-01,1998-12-14,False,p174594,975,6,1,3,20,0,0,1,0,0,0,8,259,283.2,128.2,415.0,82.6,15,26,11,52,9,6.85,1.03,7.88,19.23,,,,,2.0,,[],,251,23,268,30,67,27,188,27,0.63,0.0,0.1,0.73,1.78,1.85,247,53,274,37,291,31,258,38,0.83,0.28,4.8
True,True,100.0,100.0,180135,0,0,-2,2,0,1,3,2.5,2.0,1,Sean,2.5,493,False,,2025-11-27T15:30:07.230475Z,48,180135.jpg,2.4,False,Longstaff,0.2,False,,a,11,2,56,179546,64,183733,66,0.5,11.7,Longstaff,,241.0,2025-07-18,1997-10-30,False,p180135,1003,2,2,1,20,0,0,0,2,0,0,5,273,291.8,403.7,116.0,81.2,29,43,38,110,10,1.23,1.87,3.10,15.88,2.0,,2.0,,,,[],,243,104,82,60,261,143,192,94,0.11,0.0,0.17,0.28,1.42,1.79,348,219,151,66,288,119,363,123,0.9,0.09,9.87
True,True,50.0,100.0,466525,0,0,-2,2,0,3,3,1.9,3.3,3,Anton,3.8,660,False,Ankle injury - 50% chance of playing,2026-05-17T22:00:09.874245Z,48,466525.jpg,4.7,False,Stach,2.1,False,,d,11,2,137,1264944,1912,1064723,5495,0.8,28.5,Stach,,80.0,2025-07-22,1998-11-15,False,p466525,2369,5,6,7,36,0,0,0,3,0,0,14,550,650.0,921.4,315.0,188.8,81,120,65,266,28,2.88,4.47,7.35,34.05,1.0,,1.0,,,,[],,60,17,7,7,99,58,28,22,0.11,0.0,0.17,0.28,1.29,1.37,363,226,71,33,21,10,135,43,1.06,0.27,10.11
True,True,100.0,100.0,201595,0,0,-1,1,0,0,1,0.0,-0.5,0,Lucas Estella,0.0,665,False,,2025-09-11T17:30:07.176029Z,44,201595.jpg,2.7,False,Perri,0.3,False,,a,11,2,43,55008,141,73513,190,0.0,9.8,Perri,Lucas Perri,30.0,2025-07-26,1997-12-10,False,p201595,1440,0,0,3,29,0,0,0,2,0,38,3,153,322.4,0.0,0.0,32.2,16,100,0,0,16,0.00,0.00,0.00,26.68,,,,,,,[],,225,22,668,87,647,77,358,22,0.0,2.38,0.0,0.0,1.67,1.81,537,26,583,87,237,26,348,48,1.0,0.19,0.0
True,True,100.0,100.0,177815,0,0,3,-3,0,2,4,5.5,5.0,7,Dominic,5.5,691,False,,2026-03-13T23:30:10.190086Z,58,177815.jpg,4.1,False,Calvert-Lewin,13.4,False,,a,11,2,140,4251900,35425,2578596,7600,0.9,24.1,Calvert-Lewin,,241.0,2025-08-15,1997-03-16,False,p177815,2653,14,2,8,33,0,0,1,3,0,0,20,467,612.8,285.3,1002.0,189.0,48,44,10,102,29,15.09,1.05,16.13,33.77,,,,,1.0,,[],,73,6,149,11,4,4,27,6,0.51,0.0,0.04,0.55,1.15,1.12,106,30,26,5,57,7,26,7,0.98,0.27,3.46
True,True,50.0,0.0,435997,0,0,0,0,0,2,3,1.5,0.0,0,Noah,3.0,698,False,Calf injury - 50% chance of playing,2026-05-08T15:30:09.371276Z,55,435997.jpg,3.9,False,Okafor,1.3,False,,d,11,2,109,573238,177,408279,14500,0.5,19.8,Okafor,,207.0,2025-08-21,2000-05-24,False,p435997,1553,8,3,6,26,0,0,0,3,0,0,11,354,438.8,275.0,435.0,115.0,29,61,23,113,19,5.25,1.32,6.57,24.54,,,,,,,[],https://www.leedsunited.com/en/news/daniel-farke-provides-fitness-update-ahead-of-brighton-clash-home?utm_source=premier_league&utm_medium=referral&utm_campaign=fantasy&utm_content=injuries-flag,152,54,154,102,63,36,101,57,0.3,0.0,0.08,0.38,1.42,1.51,142,89,128,54,73,35,175,62,1.1,0.35,6.55
True,True,100.0,100.0,220627,0,0,0,0,0,2,2,3.8,3.3,6,James,3.8,706,False,,2026-03-02T16:30:09.035827Z,40,220627.jpg,3.3,False,Justin,2.3,False,,a,11,2,93,409032,6461,135304,1200,1.0,23.2,Justin,,241.0,2025-08-25,1998-02-23,False,p220627,1803,2,1,6,23,0,0,0,4,0,0,9,329,452.2,176.6,214.0,84.5,123,66,52,175,20,1.71,1.15,2.86,30.40,3.0,,,,,,[],,146,60,219,56,165,37,178,59,0.09,0.0,0.06,0.15,1.52,1.15,683,167,68,20,141,46,131,52,1.0,0.3,8.74
True,False,0.0,0.0,600882,0,0,0,0,0,0,4,0.0,0.0,0,Harry,0.0,741,False,has joined Rotherham United on loan for the rest of the season.,2026-01-16T15:18:53.201761Z,45,600882.jpg,0.0,False,Gray,0.1,False,,u,11,2,0,27606,0,24911,22,0.0,0.0,Gray,,241.0,2025-04-20,2008-10-08,False,p600882,0,0,0,0,0,0,0,0,0,0,0,0,0,0.0,0.0,0.0,0.0,0,0,0,0,0,0.00,0.00,0.00,0.00,,,,,,,[],,758,81,753,80,739,80,758,81,0.0,0.0,0.0,0.0,0.0,0.0,498,70,686,73,760,81,530,73,0.0,0.0,0.0
True,True,,,565863,0,0,-1,1,0,0,3,0.0,-0.5,0,Sam,0.0,787,False,,,44,565863.jpg,0.0,False,Chambers,0.0,False,,a,11,2,0,2922,34,1698,18,0.0,0.0,Chambers,,243.0,2024-08-22,2007-08-18,False,p565863,0,0,0,0,0,0,0,0,0,0,0,0,0,0.0,0.0,0.0,0.0,0,0,0,0,0,0.00,0.00,0.00,0.00,,,,,,,[],,687,262,684,266,665,258,689,264,0.0,0.0,0.0,0.0,0.0,0.0,569,344,603,209,695,269,726,301,0.0,0.0,0.0
True,True,,,643970,0,0,0,0,0,0,2,0.0,-0.5,0,Jayden,0.0,837,False,,,40,643970.jpg,0.0,False,Lienou,0.0,False,,a,11,2,0,77,22,7,6,0.0,0.0,Lienou,,244.0,2026-05-10,2008-04-08,False,p643970,0,0,0,0,0,0,0,0,0,0,0,0,0,0.0,0.0,0.0,0.0,0,0,0,0,0,0.00,0.00,0.00,0.00,,,,,,,[],,637,249,631,249,602,247,640,250,0.0,0.0,0.0,0.0,0.0,0.0,753,213,528,219,648,249,825,269,0.0,0.0,0.0
True,True,,,577978,0,0,0,0,0,0,3,0.0,-0.5,0,Rhys,0.0,838,False,,,45,577978.jpg,0.0,False,Chadwick,0.0,False,,a,11,2,0,125,20,6,1,0.0,0.0,Chadwick,,241.0,2025-07-18,2007-02-19,False,p577978,0,0,0,0,0,0,0,0,0,0,0,0,0,0.0,0.0,0.0,0.0,0,0,0,0,0,0.00,0.00,0.00,0.00,,,,,,,[],,748,310,743,311,729,307,748,310,0.0,0.0,0.0,0.0,0.0,0.0,487,299,676,263,751,312,826,367,0.0,0.0,0.0
True,True,,,592740,0,0,0,0,0,0,3,1.3,0.8,0,Alfie,0.0,839,False,,,45,592740.jpg,0.0,False,Cresswell,0.0,False,,a,11,2,0,9,9,1,1,0.0,0.0,Cresswell,,241.0,2026-05-16,2007-07-15,False,p592740,0,0,0,0,0,0,0,0,0,0,0,0,0,0.0,0.0,0.0,0.0,0,0,0,0,0,0.00,0.00,0.00,0.00,,,,,,,[],,755,317,750,318,736,314,755,317,0.0,0.0,0.0,0.0,0.0,0.0,494,306,683,270,758,319,839,379,0.0,0.0,0.0
True,True,75.0,75.0,116535,0,0,-1,1,0,1,1,0.4,0.4,0,Alisson,0.0,366,False,Lack of match fitness - 75% chance of playing,2026-03-20T18:00:09.865488Z,54,116535.jpg,3.6,False,Becker,5.1,False,,d,12,14,89,691934,177,1505952,1377,0.0,16.5,A.Becker,Alisson Becker,30.0,2018-07-19,1992-10-02,False,p116535,2250,0,0,8,30,0,0,0,1,0,56,8,382,468.4,0.1,0.0,46.7,37,221,0,0,25,0.00,0.03,0.03,28.02,,,,,,,[],https://www.liverpoolfc.com/news/aston-villa-v-liverpool-team-news-4?utm_source=premier_league&utm_medium=referral&utm_campaign=fantasy&utm_content=injuries-flag,141,20,500,18,816,96,312,20,0.0,2.24,0.0,0.0,1.12,1.2,152,4,797,97,104,13,76,11,1.0,0.32,0.0
True,True,100.0,100.0,449027,0,0,-4,4,0,0,1,1.3,1.3,1,Giorgi,0.8,367,False,,2026-04-19T22:30:08.194343Z,41,449027.jpg,3.4,False,Mamardashvili,0.6,False,,a,12,14,34,196530,1554,198856,222,0.2,8.3,Mamardashvili,,79.0,2024-08-27,2000-09-29,False,p449027,867,0,0,2,18,0,1,0,0,0,34,2,139,275.6,0.0,0.0,27.5,10,76,1,0,10,0.00,0.00,0.00,13.29,,,,,,,[],,257,24,636,80,607,66,374,24,0.0,3.53,0.0,0.0,1.38,1.87,665,37,288,23,130,16,242,32,1.04,0.21,0.0
True,True,,,586268,0,0,-2,2,0,0,1,0.5,0.5,0,Ármin,0.0,368,False,,,38,586268.jpg,0.0,False,Pécsi,0.9,False,,a,12,14,0,173877,751,83896,816,0.0,0.0,Pécsi,,98.0,2025-06-07,2005-02-24,False,p586268,0,0,0,0,0,0,0,0,0,0,0,0,0,0.0,0.0,0.0,0.0,0,0,0,0,0,0.00,0.00,0.00,0.00,,,,,,,[],,539,42,524,22,492,8,542,42,0.0,0.0,0.0,0.0,0.0,0.0,827,97,416,28,551,42,210,26,0.0,0.0,0.0
True,True,,,155503,0,0,-1,1,0,0,1,1.7,1.7,0,Freddie,1.2,369,False,,,39,155503.jpg,2.0,False,Woodman,0.3,False,,a,12,14,6,61604,172,33334,774,0.3,1.5,Woodman,,241.0,2025-07-01,1997-03-04,False,p155503,212,0,0,0,4,0,0,0,0,0,9,0,34,83.8,0.0,0.0,8.4,4,22,0,0,2,0.00,0.00,0.00,4.76,,,,,,,[],,401,29,535,31,503,17,439,29,0.0,3.82,0.0,0.0,2.02,1.7,766,77,241,18,342,33,302,40,0.85,0.0,0.0
True,True,75.0,100.0,216094,0,0,-3,3,0,0,2,1.1,1.5,0,Jeremie,1.0,370,False,Knock - 75% chance of playing,2026-05-16T17:30:09.342740Z,57,216094.jpg,3.1,False,Frimpong,5.0,False,,d,12,14,62,716215,178,3434751,4038,0.2,10.9,Frimpong,,152.0,2025-06-01,2000-12-10,False,p216094,1016,0,5,5,13,0,0,0,1,0,0,1,230,128.4,228.4,182.0,54.0,19,50,11,30,12,0.50,1.46,1.96,12.48,,,,,,,[],,362,136,175,45,201,53,284,89,0.04,0.0,0.13,0.17,1.11,1.15,115,10,280,103,188,74,80,24,1.06,0.44,2.66
True,True,100.0,100.0,544877,0,0,-4,4,0,0,2,1.5,1.5,0,Milos,1.0,371,False,,2026-05-01T10:00:09.519335Z,56,544877.jpg,2.5,False,Kerkez,2.9,False,,a,12,14,84,384630,546,852320,891,0.2,15.0,Kerkez,,98.0,2025-06-26,2003-11-07,False,p544877,2244,2,1,6,37,0,0,0,4,0,0,4,353,431.2,415.4,139.0,98.8,91,87,41,132,27,1.47,0.69,2.16,29.66,,,,,,,[],,157,66,76,18,238,62,141,44,0.06,0.0,0.03,0.09,1.19,1.48,133,14,279,102,278,108,112,41,1.08,0.24,5.29
True,True,,,122798,0,0,-3,3,0,1,2,2.5,2.5,0,Andrew,2.0,372,False,,,57,122798.jpg,2.3,False,Robertson,1.0,False,,a,12,14,53,74529,780,144713,485,0.4,9.3,Robertson,,243.0,2017-07-21,1994-03-11,False,p122798,1083,1,0,4,15,0,0,0,0,0,0,4,204,222.6,287.2,119.0,63.1,39,38,12,51,10,1.07,1.16,2.22,16.31,,,,,,,[],,286,112,148,38,259,70,250,83,0.09,0.0,0.1,0.19,1.36,1.25,111,9,192,69,310,115,198,77,0.83,0.33,4.24
True,True,,,97032,-1,1,0,0,0,3,2,5.7,5.7,14,Virgil,5.2,373,False,,,60,97032.jpg,4.7,False,van Dijk,30.3,False,,a,12,14,173,5177264,33403,4621975,4234,0.9,28.8,Virgil,,152.0,2018-01-01,1991-07-08,False,p97032,3330,6,1,10,52,0,0,0,4,0,0,10,582,1147.2,204.3,489.0,184.1,323,85,23,346,37,3.70,1.27,4.97,46.07,,,,,,,[],,2,1,195,50,53,2,30,1,0.1,0.0,0.03,0.13,1.25,1.41,83,4,32,12,24,8,9,3,1.0,0.27,9.35
True,True,100.0,100.0,204716,0,0,-1,1,0,1,2,2.3,2.3,0,Ibrahima,1.8,374,False,,2026-01-23T11:00:09.438636Z,54,204716.jpg,3.7,False,Konaté,3.8,False,,a,12,14,128,919476,1901,892902,3749,0.3,23.7,Konaté,,73.0,2021-07-01,1999-05-25,False,p204716,3002,1,0,10,44,0,0,0,6,0,0,8,522,765.4,148.0,98.0,101.4,237,111,52,289,35,1.05,0.96,2.01,39.53,,,,,,,[],,35,13,245,62,282,81,136,42,0.03,0.0,0.03,0.06,1.19,1.32,158,18,209,79,94,35,96,31,1.05,0.3,8.66
True,True,0.0,0.0,492777,0,0,-1,1,0,0,2,0.0,0.0,0,Conor,0.0,375,False,Knee injury - Expected back 01 Jun,2026-01-09T17:30:11.990256Z,49,492777.jpg,2.8,False,Bradley,0.1,False,,i,12,14,42,62807,9,72608,20,0.0,8.6,Bradley,,242.0,2023-09-25,2003-07-09,False,p492777,928,0,2,4,13,0,0,0,5,0,0,2,157,157.4,105.2,62.0,32.3,46,43,19,65,12,0.18,0.84,1.02,10.77,,,,,,,[],https://www.liverpoolfc.com/news/injury-update-alisson-isak-mamardashvili-salah-and-more?utm_source=premier_league&utm_medium=referral&utm_campaign=fantasy&utm_content=injuries-flag,338,126,292,92,331,108,357,119,0.02,0.0,0.08,0.1,1.04,1.26,330,54,756,258,225,91,431,161,1.16,0.39,6.3
True,True,100.0,100.0,171287,0,0,-1,1,0,1,2,0.7,0.7,0,Joe,0.2,376,False,,2026-04-17T12:30:08.389302Z,49,171287.jpg,1.6,False,Gomez,0.1,False,,a,12,14,32,25403,75,31365,36,0.0,6.5,Gomez,,241.0,2015-06-20,1997-05-23,False,p171287,593,0,2,2,14,0,0,0,4,0,0,2,91,122.8,77.8,31.0,23.2,36,20,10,46,7,0.28,0.64,0.92,8.87,,,,,,,[],,368,140,329,111,371,125,386,134,0.04,0.0,0.1,0.14,1.35,2.12,292,45,372,132,407,150,421,157,1.06,0.3,6.98
True,False,0.0,0.0,214285,0,0,-2,2,0,0,2,0.0,0.0,0,Konstantinos,0.0,377,False,has joined AS Roma on loan for the rest of the season.,2025-09-22T09:16:54.545563Z,48,214285.jpg,0.0,False,Tsimikas,0.0,False,,u,12,14,0,1669,0,12311,1,0.0,0.0,Tsimikas,,83.0,2020-08-10,1996-05-12,False,p214285,0,0,0,0,0,0,0,0,0,0,0,0,0,0.0,0.0,0.0,0.0,0,0,0,0,0,0.00,0.00,0.00,0.00,,,,,,,[],,784,265,781,265,773,265,784,265,0.0,0.0,0.0,0.0,0.0,0.0,352,57,723,253,785,265,597,214,0.0,0.0,0.0
True,True,100.0,100.0,611926,0,0,-3,3,0,0,2,0.5,0.5,0,Amara,0.0,378,False,,2025-10-30T11:30:08.685763Z,37,611926.jpg,0.0,False,Nallo,0.9,False,,a,12,14,0,233502,312,152064,826,0.0,0.0,Nallo,,241.0,2024-02-27,2006-11-18,False,p611926,0,0,0,0,0,0,0,0,0,0,0,0,0,0.0,0.0,0.0,0.0,0,0,0,0,0,0.00,0.00,0.00,0.00,,,,,,,[],,524,186,507,185,474,179,527,187,0.0,0.0,0.0,0.0,0.0,0.0,839,270,396,142,536,187,212,82,0.0,0.0,0.0
True,True,,,219937,0,0,-3,3,0,0,2,0.5,0.5,0,Rhys,0.0,379,False,,,37,219937.jpg,0.0,False,Williams,0.5,False,,a,12,14,0,103217,294,70138,427,0.0,0.0,R.Williams,,241.0,2020-09-23,2001-02-03,False,p219937,0,0,0,0,0,0,0,0,0,0,0,0,0,0.0,0.0,0.0,0.0,0,0,0,0,0,0.00,0.00,0.00,0.00,,,,,,,[],,520,182,502,180,468,173,523,183,0.0,0.0,0.0,0.0,0.0,0.0,831,262,390,136,532,183,263,101,0.0,0.0,0.0
True,True,,,489580,0,0,-3,3,0,0,2,0.5,0.5,0,Calvin,0.0,380,False,,,37,489580.jpg,0.0,False,Ramsay,0.3,False,,a,12,14,0,38764,848,35620,208,0.0,0.0,Ramsay,,243.0,2022-06-19,2003-07-31,False,p489580,0,0,0,0,0,0,0,0,0,0,0,0,0,0.0,0.0,0.0,0.0,0,0,0,0,0,0.00,0.00,0.00,0.00,,,,,,,[],,521,183,503,181,470,175,524,184,0.0,0.0,0.0,0.0,0.0,0.0,833,264,392,138,533,184,324,119,0.0,0.0,0.0
True,True,100.0,100.0,118748,0,0,-5,5,0,0,3,1.0,1.0,1,Mohamed,0.5,381,False,,2026-04-25T22:30:09.424675Z,140,118748.jpg,4.5,False,Salah,13.7,False,,a,12,14,117,1595005,5765,6173963,1102,0.0,8.4,M.Salah,Mohamed Salah,63.0,2017-07-01,1992-06-15,False,p118748,2071,7,6,7,34,0,0,0,1,0,0,10,367,498.4,720.4,741.0,196.0,11,74,16,101,22,7.98,5.00,12.98,29.87,2.0,,4.0,,1.0,,[],,123,39,20,19,21,9,23,18,0.35,0.0,0.22,0.57,1.3,1.48,2,1,345,153,34,15,24,8,0.96,0.3,4.39
True,True,100.0,75.0,494595,0,0,-2,2,0,3,3,3.3,2.5,1,Florian,2.8,382,False,,2026-05-14T13:30:10.754598Z,83,494595.jpg,3.9,False,Wirtz,8.5,False,,a,12,14,124,2356742,1226,5019296,6990,0.3,14.9,Wirtz,,80.0,2025-06-20,2003-05-03,False,p494595,2357,5,4,10,32,0,0,0,1,0,0,17,518,520.8,906.2,642.0,206.9,25,112,33,170,27,6.14,5.11,11.24,33.50,4.0,,5.0,,,,[],,114,34,8,8,29,13,17,12,0.23,0.0,0.2,0.43,1.28,1.22,13,8,147,65,76,38,49,16,1.03,0.38,6.49
True,False,0.0,0.0,244731,0,0,0,0,0,0,3,0.0,0.0,0,Luis,0.0,383,False,Has joined Bayern Munch permanently.,2025-07-30T14:05:01.491481Z,80,244731.jpg,0.0,False,Díaz Marulanda,0.0,False,,u,12,14,0,0,0,7386,2,0.0,0.0,Luis Díaz,,48.0,2022-01-30,1997-01-13,False,p244731,0,0,0,0,0,0,0,0,0,0,0,0,0,0.0,0.0,0.0,0.0,0,0,0,0,0,0.00,0.00,0.00,0.00,,,,,,,[],,838,378,838,378,838,378,838,378,0.0,0.0,0.0,0.0,0.0,0.0,17,12,836,378,838,378,607,231,0.0,0.0,0.0
True,True,100.0,100.0,243298,0,0,-2,2,0,1,3,3.5,3.5,2,Cody,3.0,384,False,,2025-12-09T02:00:07.849895Z,73,243298.jpg,3.7,False,Gakpo,5.6,False,,a,12,14,129,3542095,2104,3927568,2966,0.4,17.7,Gakpo,,152.0,2023-01-01,1999-05-07,False,p243298,2646,7,5,10,38,0,0,0,3,0,0,5,445,532.4,681.9,815.0,202.7,36,84,28,148,31,8.14,4.62,12.76,33.38,3.0,,,,3.0,,[],,111,33,26,25,10,5,19,14,0.28,0.0,0.16,0.44,1.14,1.29,28,17,130,56,97,43,72,27,1.05,0.34,5.03
True,True,100.0,100.0,223541,0,0,-2,2,0,0,3,1.3,1.3,1,Federico,0.8,385,False,,2026-03-24T10:30:10.649645Z,63,223541.jpg,1.4,False,Chiesa,0.3,False,,a,12,14,37,57253,44,70366,42,0.1,5.9,Chiesa,,106.0,2024-08-29,1997-10-25,False,p223541,317,2,1,0,9,0,0,0,3,0,0,0,135,122.0,47.5,182.0,34.9,13,9,8,30,1,1.45,0.61,2.06,6.50,,,,,,,[],,369,166,367,189,202,106,348,167,0.41,0.0,0.17,0.58,1.85,2.56,67,44,314,134,435,190,339,116,0.28,0.0,8.52
True,True,100.0,100.0,243016,0,0,-4,4,0,2,3,5.5,5.5,4,Alexis,5.0,386,False,,2025-08-28T17:30:07.822110Z,61,243016.jpg,3.0,False,Mac Allister,1.8,False,,a,12,14,107,388306,959,420927,1776,0.8,17.5,Mac Allister,,10.0,2023-06-14,1998-12-24,False,p243016,2564,2,5,7,40,0,0,0,6,0,0,9,479,460.4,527.4,332.0,131.6,63,112,50,225,30,3.55,1.60,5.15,35.41,,,,,4.0,,[],,143,51,50,44,92,53,80,49,0.12,0.0,0.06,0.18,1.24,1.4,81,53,35,13,197,78,146,47,1.05,0.25,7.9
True,True,100.0,100.0,424876,0,0,5,-5,0,4,3,6.7,6.7,9,Dominik,6.2,387,False,,2026-02-08T22:00:09.299317Z,70,424876.jpg,4.5,False,Szoboszlai,13.3,False,,a,12,14,158,3455235,35745,2149848,5086,0.9,22.6,Szoboszlai,,98.0,2023-07-02,2000-10-25,False,p424876,3142,6,7,9,51,0,0,1,8,1,0,21,760,845.8,1268.9,394.0,250.8,95,181,53,329,35,4.34,6.48,10.82,44.07,1.0,,2.0,,2.0,,[],,19,6,2,2,78,46,5,3,0.12,0.0,0.19,0.31,1.26,1.46,37,22,12,5,32,14,27,9,1.0,0.26,9.42
True,True,100.0,100.0,206915,0,0,-1,1,0,0,3,3.5,3.5,2,Curtis,3.0,388,False,,2026-04-12T02:30:09.264075Z,54,206915.jpg,2.2,False,Jones,0.1,False,,a,12,14,71,31737,82,36654,63,0.6,13.1,C.Jones,,241.0,2018-04-06,2001-01-30,False,p206915,1833,0,3,3,36,0,0,0,2,0,0,3,410,351.0,395.4,206.0,95.2,48,139,39,226,17,1.58,2.70,4.28,29.88,,,,,,,[],,205,80,86,62,173,92,154,79,0.08,0.0,0.13,0.21,1.47,1.77,160,98,127,53,321,137,457,157,0.83,0.15,11.1
True,True,100.0,100.0,441266,0,0,-1,1,0,3,3,4.3,4.3,2,Ryan,3.8,390,False,,2025-10-20T00:30:09.747338Z,54,441266.jpg,4.1,False,Gravenberch,3.7,False,,a,12,14,142,2097717,1840,1758628,2851,0.7,26.3,Gravenberch,,152.0,2023-09-01,2002-05-16,False,p441266,2909,5,5,9,41,0,0,0,5,0,0,17,657,676.2,484.1,205.0,136.2,110,125,56,291,33,1.79,2.24,4.03,37.28,,,,,,,[],,53,14,58,49,175,94,71,44,0.06,0.0,0.07,0.13,1.15,1.27,166,102,75,34,55,26,97,33,1.02,0.28,9.0
True,True,50.0,0.0,158983,0,0,-1,1,0,0,3,0.2,0.0,0,Endo,0.0,392,False,Foot injury - 50% chance of playing,2026-02-12T13:30:08.951599Z,49,158983.jpg,1.5,False,Wataru,0.1,False,,d,12,14,12,7417,2,15507,7,0.0,2.4,Endo,,108.0,2023-08-18,1993-02-09,False,p158983,170,0,1,1,5,0,0,0,1,0,0,0,49,56.0,18.1,6.0,8.0,13,3,7,23,1,0.04,0.05,0.09,4.11,,,,,,,[],https://www.liverpoolfc.com/news/injury-news-updates-alisson-mamardashvili-gomez-and-endo?utm_source=premier_league&utm_medium=referral&utm_campaign=fantasy&utm_content=injuries-flag,424,183,414,204,438,211,441,198,0.02,0.0,0.03,0.05,2.18,2.65,289,179,735,309,418,180,521,190,0.53,0.53,12.18
True,True,0.0,0.0,535928,0,0,-3,3,0,0,3,0.0,0.0,0,Stefan,0.0,393,False,Hamstring injury - Unknown return date,2025-09-12T10:00:06.938334Z,42,535928.jpg,0.0,False,Bajčetić Maquieira,0.2,False,,i,12,14,0,39024,1721,20275,584,0.0,0.0,Bajcetic,,200.0,2022-07-11,2004-10-22,False,p535928,0,0,0,0,0,0,0,0,0,0,0,0,0,0.0,0.0,0.0,0.0,0,0,0,0,0,0.00,0.00,0.00,0.00,,,,,,,[],https://www.liverpoolfc.com/news/liverpools-injury-list-suspensions-and-availability?utm_source=premier_league&utm_medium=referral&utm_campaign=fantasy&utm_content=injuries-flag,649,237,645,243,620,230,651,239,0.0,0.0,0.0,0.0,0.0,0.0,652,378,546,178,659,247,371,129,0.0,0.0,0.0
True,False,0.0,0.0,491501,0,0,-1,1,0,0,3,0.0,0.0,0,James,0.0,394,False,has joined Ajax on loan for the rest of the season.,2025-09-22T21:23:24.738341Z,44,491501.jpg,0.0,False,McConnell,0.0,False,,u,12,14,0,1737,0,4131,6,0.0,0.0,McConnell,,241.0,2023-07-18,2004-09-13,False,p491501,0,0,0,0,0,0,0,0,0,0,0,0,0,0.0,0.0,0.0,0.0,0,0,0,0,0,0.00,0.00,0.00,0.00,,,,,,,[],,677,255,675,260,654,250,679,257,0.0,0.0,0.0,0.0,0.0,0.0,555,334,592,201,686,263,691,277,0.0,0.0,0.0
True,False,0.0,0.0,440148,0,0,0,0,0,0,3,0.0,0.0,0,Tyler,0.0,395,False,Has joined Lyon permanently.,2025-08-11T01:13:11.403187Z,45,440148.jpg,0.0,False,Morton,0.0,False,,u,12,14,0,0,0,362,0,0.0,0.0,Morton,,241.0,2021-07-22,2002-10-31,False,p440148,0,0,0,0,0,0,0,0,0,0,0,0,0,0.0,0.0,0.0,0.0,0,0,0,0,0,0.00,0.00,0.00,0.00,,,,,,,[],,706,273,704,277,687,270,708,275,0.0,0.0,0.0,0.0,0.0,0.0,434,257,629,223,713,279,815,360,0.0,0.0,0.0
True,True,,,591386,0,0,-2,2,0,0,3,0.5,0.5,0,Trey,0.0,396,False,,,43,591386.jpg,1.0,False,Nyoni,0.3,False,,a,12,14,5,99525,43,87295,87,0.0,1.2,Nyoni,,241.0,2023-11-11,2007-06-30,False,p591386,14,0,0,0,1,0,0,0,0,0,0,0,9,2.4,12.7,4.0,1.8,0,2,0,2,0,0.37,0.01,0.38,0.41,,,,,,,[],,501,228,427,210,441,214,482,216,2.38,0.0,0.06,2.44,2.64,6.43,620,369,572,191,480,209,325,110,0.0,0.0,12.86
True,False,0.0,0.0,447203,0,0,0,0,0,0,4,0.0,0.0,0,Darwin,0.0,397,False,Has joined Al-Hilal permanently.,2025-08-11T11:06:59.061616Z,65,447203.jpg,0.0,False,Núñez Ribeiro,0.1,False,,u,12,14,0,0,0,15991,0,0.0,0.0,Darwin,,230.0,2022-06-14,1999-06-24,False,p447203,0,0,0,0,0,0,0,0,0,0,0,0,0,0.0,0.0,0.0,0.0,0,0,0,0,0,0.00,0.00,0.00,0.00,,,,,,,[],,835,92,835,92,835,92,835,92,0.0,0.0,0.0,0.0,0.0,0.0,52,18,831,91,835,92,559,77,0.0,0.0,0.0
True,True,0.0,0.0,500058,0,0,-2,2,0,0,4,0.0,0.0,0,Jayden,0.0,398,False,Hamstring injury - Unknown return date,2025-10-17T01:00:10.583515Z,43,500058.jpg,0.0,False,Danns,0.1,False,,i,12,14,0,9729,36,20402,17,0.0,0.0,Danns,,241.0,2024-02-20,2006-01-16,False,p500058,0,0,0,0,0,0,0,0,0,0,0,0,0,0.0,0.0,0.0,0.0,0,0,0,0,0,0.00,0.00,0.00,0.00,,,,,,,[],https://www.liverpoolfc.com/news/joe-gomez-and-jayden-danns-fitness-update?utm_source=premier_league&utm_medium=referral&utm_campaign=fantasy&utm_content=injuries-flag,656,67,653,66,630,66,658,67,0.0,0.0,0.0,0.0,0.0,0.0,609,85,563,59,667,68,483,69,0.0,0.0,0.0
True,True,75.0,100.0,219168,0,0,-2,2,0,0,4,2.0,2.7,0,Alexander,2.2,499,False,Knock - 75% chance of playing,2026-05-16T17:00:09.636721Z,103,219168.jpg,2.9,False,Isak,3.9,False,,d,12,14,41,1941617,445,2513103,5229,0.2,4.0,Isak,,206.0,2025-09-01,1999-09-21,False,p219168,694,3,1,1,9,0,0,0,0,0,0,4,140,146.4,39.2,191.0,36.9,10,13,7,30,8,2.59,0.08,2.67,8.38,,,,,,,[],https://www.liverpoolfc.com/news/aston-villa-4-2-liverpool-arne-slots-post-match-press-conference?utm_source=premier_league&utm_medium=referral&utm_campaign=fantasy&utm_content=injuries-flag,347,35,381,48,190,42,341,43,0.34,0.0,0.01,0.35,1.09,1.17,4,2,173,25,214,24,94,17,1.04,0.13,3.89
True,True,0.0,0.0,510663,0,0,5,-5,0,4,4,0.0,0.0,0,Hugo,0.0,661,False,Achilles injury - Expected back 01 Jul,2026-04-15T00:30:07.637512Z,90,510663.jpg,4.5,False,Ekitiké,15.8,False,,i,12,14,125,9187228,59,9609628,11842,0.0,13.9,Ekitiké,,73.0,2025-07-23,2002-06-20,False,p510663,1797,11,4,7,25,0,0,0,0,0,0,22,433,525.8,307.2,739.0,156.2,32,42,11,85,21,10.10,2.45,12.55,26.11,,,,,,,[],https://www.liverpoolfc.com/news/hugo-ekitike-injury-update-1?utm_source=premier_league&utm_medium=referral&utm_campaign=fantasy&utm_content=injuries-flag,113,11,134,9,22,13,48,8,0.51,0.0,0.12,0.63,1.31,1.25,8,4,838,93,33,5,20,5,1.05,0.35,4.26
True,True,,,611922,0,0,-2,2,0,0,3,2.7,2.7,2,Rio,2.2,686,False,,,43,611922.jpg,2.3,False,Ngumoha,1.4,False,,a,12,14,41,372057,4832,226529,1357,0.5,9.5,Ngumoha,,241.0,2024-12-17,2008-08-29,False,p611922,475,2,1,2,11,0,0,0,0,0,0,4,184,175.8,209.6,191.0,57.6,7,18,3,28,4,1.21,1.95,3.16,7.85,,,,,,,[],,321,141,190,125,186,100,271,135,0.23,0.0,0.37,0.6,1.49,2.08,625,373,166,74,302,127,171,59,0.76,0.38,5.31
True,True,0.0,0.0,647681,0,0,-1,1,0,0,2,0.0,0.0,0,Giovanni,0.0,692,False,Knee injury - Expected back 01 Sep,2025-09-24T06:00:06.281394Z,49,647681.jpg,0.0,False,Leoni,0.0,False,,i,12,14,0,2010,10,2625,2,0.0,0.0,Leoni,,106.0,2025-08-15,2006-12-21,False,p647681,0,0,0,0,0,0,0,0,0,0,0,0,0,0.0,0.0,0.0,0.0,0,0,0,0,0,0.00,0.00,0.00,0.00,,,,,,,[],https://www.liverpoolfc.com/news/liverpools-injury-list-suspensions-and-availability?utm_source=premier_league&utm_medium=referral&utm_campaign=fantasy&utm_content=injuries-flag,802,266,799,266,795,266,802,266,0.0,0.0,0.0,0.0,0.0,0.0,343,56,762,259,803,266,723,251,0.0,0.0,0.0
True,True,,,596042,0,0,0,0,0,0,3,0.5,0.5,0,Kieran,0.0,746,False,,,45,596042.jpg,0.0,False,Morrison,0.0,False,,a,12,14,0,1193,12,989,3,0.0,0.0,Morrison,,242.0,2025-01-29,2006-11-09,False,p596042,0,0,0,0,0,0,0,0,0,0,0,0,0,0.0,0.0,0.0,0.0,0,0,0,0,0,0.00,0.00,0.00,0.00,,,,,,,[],,757,318,752,319,738,315,757,318,0.0,0.0,0.0,0.0,0.0,0.0,496,307,684,271,759,320,745,314,0.0,0.0,0.0
True,True,,,519440,0,0,0,0,0,0,2,0.5,0.5,0,Wellity,0.0,760,False,,,40,519440.jpg,0.0,False,Lucky,0.0,False,,a,12,14,0,1381,15,1263,11,0.0,0.0,Lucky,,200.0,2025-08-01,2006-01-12,False,p519440,0,0,0,0,0,0,0,0,0,0,0,0,0,0.0,0.0,0.0,0.0,0,0,0,0,0,0.00,0.00,0.00,0.00,,,,,,,[],,612,228,606,228,575,224,615,229,0.0,0.0,0.0,0.0,0.0,0.0,723,187,499,194,623,228,679,240,0.0,0.0,0.0
True,True,,,677945,0,0,0,0,0,0,4,0.5,0.5,0,Will,0.0,830,False,,,45,677945.jpg,0.0,False,Wright,0.0,False,,a,12,14,0,459,53,135,18,0.0,0.0,Wright,,241.0,2025-08-04,2008-01-01,False,p677945,0,0,0,0,0,0,0,0,0,0,0,0,0,0.0,0.0,0.0,0.0,0,0,0,0,0,0.00,0.00,0.00,0.00,,,,,,,[],,777,85,772,84,759,84,777,85,0.0,0.0,0.0,0.0,0.0,0.0,523,75,706,77,778,85,786,93,0.0,0.0,0.0
True,True,,,718875,0,0,0,0,0,0,2,0.5,0.5,0,Talla,0.0,832,False,,,40,718875.jpg,0.0,False,Ndiaye,0.0,False,,a,12,14,0,195,21,43,8,0.0,0.0,Ndiaye,Talla Ndiaye,189.0,2026-04-02,2008-01-06,False,p718875,0,0,0,0,0,0,0,0,0,0,0,0,0,0.0,0.0,0.0,0.0,0,0,0,0,0,0.00,0.00,0.00,0.00,,,,,,,[],,640,252,634,252,605,250,643,253,0.0,0.0,0.0,0.0,0.0,0.0,756,216,531,222,651,252,811,267,0.0,0.0,0.0
True,True,100.0,100.0,437730,0,0,11,-11,0,5,3,4.1,4.1,1,Antoine,3.6,82,True,,2025-11-17T13:00:08.045504Z,81,437730.jpg,5.4,False,Semenyo,47.3,False,,a,13,43,196,12921246,12759,8461769,13862,0.4,24.2,Semenyo,,81.0,2026-01-09,2000-01-07,False,p437730,3143,16,6,12,51,0,0,1,7,0,0,18,660,880.8,577.8,995.0,245.3,48,141,45,234,36,11.00,3.05,14.04,47.23,,,4.0,,,,[],,13,4,40,37,5,1,6,4,0.31,0.0,0.09,0.4,1.35,1.46,15,10,86,40,6,3,3,2,1.03,0.34,6.7
True,True,,,432720,0,0,-5,5,0,0,1,0.5,0.5,0,James,0.0,182,False,,,45,432720.jpg,3.7,False,Trafford,0.9,False,,a,13,43,11,101431,90,275960,82,0.0,2.4,Trafford,,241.0,2025-07-29,2002-10-10,False,p432720,270,0,0,1,4,0,0,0,0,0,11,0,62,100.2,0.0,0.0,10.1,6,33,2,0,3,0.00,0.00,0.00,3.97,,,,,,,[],,387,28,702,90,685,80,427,28,0.0,3.67,0.0,0.0,1.32,1.33,432,24,627,90,87,9,206,25,1.0,0.33,0.0
True,True,100.0,100.0,209036,0,0,6,-6,0,5,2,6.1,6.1,2,Marc,5.6,260,True,,2026-01-17T10:30:09.463372Z,51,209036.jpg,5.1,False,Guéhi,32.8,False,,a,13,43,179,6680421,9551,4270062,7561,1.1,35.1,Guéhi,,241.0,2026-01-19,2000-07-13,False,p209036,3122,3,5,14,35,0,0,0,6,0,0,14,688,888.4,303.6,398.0,159.1,231,139,46,277,35,4.05,2.37,6.42,43.46,,,,,,,[],,12,5,139,36,75,5,45,6,0.12,0.0,0.07,0.19,1.25,1.01,229,34,19,6,9,2,7,2,1.01,0.4,7.99
True,False,0.0,0.0,121160,0,0,-2,2,0,0,1,0.0,0.0,0,Ederson,0.0,399,False,has joined Fenerbache permanently.,2025-09-02T13:32:35.715838Z,53,121160.jpg,0.0,False,Santana de Moraes,0.8,False,,u,13,43,0,15200,0,274068,25,0.0,0.0,Ederson M.,,30.0,2017-07-01,1993-08-17,False,p121160,0,0,0,0,0,0,0,0,0,0,0,0,0,0.0,0.0,0.0,0.0,0,0,0,0,0,0.00,0.00,0.00,0.00,,,,,,,[],,816,97,817,97,814,95,816,97,0.0,0.0,0.0,0.0,0.0,0.0,178,5,790,96,817,97,221,28,0.0,0.0,0.0
True,True,100.0,100.0,122074,0,0,-2,2,0,0,1,0.5,0.5,0,Marcus,0.0,401,False,,2025-08-22T12:00:07.134628Z,38,122074.jpg,0.0,False,Bettinelli,0.3,False,,a,13,43,0,71411,254,56359,324,0.0,0.0,Bettinelli,,241.0,2025-06-10,1992-05-24,False,p122074,0,0,0,0,0,0,0,0,0,0,0,0,0,0.0,0.0,0.0,0.0,0,0,0,0,0,0.00,0.00,0.00,0.00,,,,,,,[],,527,41,510,20,477,6,530,41,0.0,0.0,0.0,0.0,0.0,0.0,803,95,399,26,539,41,301,39,0.0,0.0,0.0
True,True,100.0,100.0,448514,0,0,-3,3,0,1,2,3.3,3.3,0,Rayan,2.8,402,False,,2025-12-13T14:30:11.538845Z,57,448514.jpg,3.7,False,Aït-Nouri,4.1,False,,a,13,43,59,661322,329,2491605,930,0.5,10.4,Aït-Nouri,,3.0,2025-06-09,2001-06-06,False,p448514,958,0,2,5,8,0,0,0,2,0,0,9,234,190.4,215.9,88.0,49.4,31,48,33,64,12,0.53,1.98,2.51,11.90,,,,,,,[],,309,120,186,47,299,90,299,97,0.05,0.0,0.19,0.24,1.12,0.75,116,11,141,48,95,36,91,29,1.13,0.47,6.01
True,True,100.0,100.0,477424,0,0,-2,2,0,2,2,0.7,0.7,0,Joško,0.2,403,False,,2026-01-04T21:30:12.663651Z,58,477424.jpg,4.6,False,Gvardiol,3.2,False,,a,13,43,78,1377322,757,2200462,223,0.0,13.4,Gvardiol,,97.0,2023-08-05,2002-01-23,False,p477424,1358,2,2,6,13,0,0,0,2,0,0,5,300,365.0,109.0,218.0,69.3,85,48,17,102,16,2.25,0.70,2.95,15.70,,,,,,,[],,193,78,285,87,164,36,232,80,0.15,0.0,0.05,0.2,1.04,0.86,109,8,383,135,28,10,107,36,1.06,0.4,6.76
True,False,0.0,0.0,211975,0,0,-1,1,0,0,2,0.0,0.0,0,Manuel,0.0,404,False,has joined Inter Milan on loan for the rest of the season.,2025-09-02T13:32:35.738667Z,54,211975.jpg,0.0,False,Akanji,0.3,False,,u,13,43,0,9281,0,85764,10,0.0,0.0,Akanji,,207.0,2022-09-01,1995-07-19,False,p211975,0,0,0,0,0,0,0,0,0,0,0,0,0,0.0,0.0,0.0,0.0,0,0,0,0,0,0.00,0.00,0.00,0.00,,,,,,,[],,819,269,820,269,818,269,819,269,0.0,0.0,0.0,0.0,0.0,0.0,161,19,801,266,820,269,351,128,0.0,0.0,0.0
True,True,,,126184,0,0,-3,3,0,0,2,1.9,1.9,0,Nathan,1.4,405,False,,,52,126184.jpg,2.1,False,Aké,0.6,False,,a,13,43,35,47548,62,89735,85,0.3,6.7,Aké,,152.0,2020-08-05,1995-02-18,False,p126184,610,0,0,3,7,0,0,0,1,0,0,1,149,125.6,108.9,68.0,30.4,36,14,9,45,5,0.64,0.46,1.10,8.43,,,,,,,[],,367,139,286,88,323,104,367,125,0.09,0.0,0.07,0.16,1.24,1.03,203,28,240,87,333,125,247,93,0.74,0.44,6.64
True,True,100.0,100.0,578153,0,0,-1,1,0,1,2,4.9,4.9,2,Abdukodir,4.4,406,False,,2026-02-08T22:00:09.344782Z,54,578153.jpg,3.2,False,Khusanov,0.7,False,,a,13,43,67,118243,1262,93735,745,0.8,12.4,Khusanov,,231.0,2025-01-20,2004-02-29,False,p578153,1399,0,0,6,13,0,0,0,2,0,0,3,289,288.6,109.6,21.0,42.1,95,74,26,121,15,0.65,0.44,1.09,19.77,,,,,,,[],,246,97,283,85,395,140,328,112,0.04,0.0,0.03,0.07,1.27,0.84,177,21,48,15,168,65,230,88,0.96,0.39,7.78
True,True,100.0,100.0,465351,0,0,-2,2,0,5,2,3.5,3.5,2,Matheus,3.0,407,False,,2026-01-20T00:30:08.597207Z,53,465351.jpg,4.5,False,Nunes,2.9,False,,a,13,43,154,1058277,819,778396,2080,0.6,29.1,Matheus N.,Matheus Nunes,173.0,2023-09-01,1998-08-27,False,p465351,2833,1,8,12,28,0,0,0,5,0,0,16,674,681.8,541.2,129.0,135.6,137,164,57,194,32,0.34,2.22,2.56,33.77,,,,,4.0,,[],,52,23,46,5,250,66,74,14,0.01,0.0,0.07,0.08,1.07,0.89,193,22,126,44,30,11,113,42,1.02,0.38,6.16
True,True,100.0,100.0,171314,0,0,0,0,0,1,2,0.5,0.5,0,Rúben,0.0,408,False,,2026-03-27T11:30:11.791091Z,55,171314.jpg,4.5,False,dos Santos Gato Alves Dias,3.1,False,,a,13,43,112,955774,284,1105030,279,0.0,20.4,Rúben,Rúben Dias,173.0,2020-09-29,1997-05-14,False,p171314,2049,2,0,12,20,0,0,0,3,0,0,4,447,549.2,139.5,96.0,78.6,151,71,13,164,23,0.57,0.63,1.20,24.30,,,,,,,[],,99,45,254,65,286,84,202,72,0.03,0.0,0.03,0.06,1.07,0.88,136,15,811,268,31,12,109,38,1.01,0.53,7.2
True,True,100.0,100.0,97299,0,0,-1,1,0,0,2,0.7,0.7,0,John,0.2,409,False,,2026-03-30T10:00:11.073963Z,54,97299.jpg,1.6,False,Stones,0.6,False,,a,13,43,13,53011,76,111694,35,0.0,2.4,Stones,,241.0,2016-08-09,1994-05-28,False,p97299,359,0,0,1,8,0,0,0,0,0,0,0,48,82.2,20.9,2.0,10.5,20,17,0,20,4,0.00,0.06,0.06,5.20,,,,,,,[],,402,150,408,148,463,171,426,154,0.0,0.0,0.02,0.02,1.3,2.01,151,16,380,133,410,151,254,95,1.0,0.25,5.01
True,True,100.0,100.0,477064,0,0,-4,4,0,1,2,0.5,0.5,0,Rico,0.0,410,False,,2026-03-11T00:00:09.340790Z,46,477064.jpg,1.9,False,Lewis,1.2,False,,a,13,43,19,372318,94,468530,115,0.0,4.1,Lewis,,241.0,2022-07-16,2004-11-21,False,p477064,311,0,1,1,5,0,0,0,1,0,0,2,75,67.4,97.3,43.0,20.7,14,10,5,19,3,0.11,1.31,1.42,5.04,,,,,,,[],,413,155,300,95,352,117,390,136,0.03,0.0,0.38,0.41,1.46,1.45,402,70,711,252,355,132,184,70,0.87,0.29,5.5
True,True,100.0,100.0,472769,0,0,3,-3,0,4,2,3.3,3.3,2,Nico,2.8,411,False,,2026-04-12T21:30:08.337535Z,53,472769.jpg,4.7,False,O'Reilly,19.7,False,,a,13,43,160,4503262,8289,2019255,8659,0.5,30.2,O'Reilly,,241.0,2022-12-16,2005-03-21,False,p472769,2615,5,4,14,25,0,0,0,5,0,0,10,566,634.6,410.6,543.0,158.8,103,107,67,170,29,5.96,2.64,8.60,33.85,,,,,,,[],,67,31,78,19,42,1,46,7,0.21,0.0,0.09,0.3,1.17,0.86,195,23,139,47,22,7,14,5,1.0,0.48,5.85
True,False,0.0,0.0,616222,0,0,0,0,0,0,2,0.0,0.0,0,Vitor,0.0,412,False,Has joined Girona on loan for the rest of the season.,2025-08-11T01:23:23.836966Z,50,616222.jpg,0.0,False,de Oliveira Nunes dos Reis,0.0,False,,u,13,43,0,0,0,856,1,0.0,0.0,Vitor Reis,,30.0,2025-01-21,2006-01-12,False,p616222,0,0,0,0,0,0,0,0,0,0,0,0,0,0.0,0.0,0.0,0.0,0,0,0,0,0,0.00,0.00,0.00,0.00,,,,,,,[],,815,268,815,268,810,268,815,268,0.0,0.0,0.0,0.0,0.0,0.0,280,42,779,262,816,268,793,265,0.0,0.0,0.0
True,True,100.0,100.0,438234,0,0,-2,2,0,1,3,3.5,3.5,0,Omar,3.0,413,False,,2025-12-13T14:30:11.571466Z,83,438234.jpg,2.8,False,Marmoush,2.5,False,,a,13,43,55,297898,960,1308226,430,0.4,6.6,Marmoush,Omar Marmoush,63.0,2025-01-23,1999-02-07,False,p438234,677,3,3,4,5,0,0,0,3,0,0,5,177,203.2,159.8,282.0,64.2,6,20,13,39,8,2.69,0.77,3.46,7.23,4.0,,1.0,,2.0,,[],,303,129,232,148,119,70,246,121,0.36,0.0,0.1,0.46,0.96,0.66,11,6,132,58,231,90,122,39,1.06,0.53,5.18
True,True,100.0,100.0,209244,0,0,0,0,0,4,3,3.5,3.5,1,Phil,3.0,414,False,,2025-08-10T23:00:06.538510Z,80,209244.jpg,4.0,False,Foden,7.6,False,,a,13,43,129,6192176,983,5623854,1767,0.4,16.1,Foden,,241.0,2016-12-05,2000-05-28,False,p209244,1960,7,5,11,17,0,0,0,4,0,0,13,550,570.2,877.9,508.0,195.3,24,96,34,154,22,6.03,4.63,10.66,24.47,5.0,,,,,,[],,90,29,10,10,49,28,24,19,0.28,0.0,0.21,0.49,1.12,0.78,16,11,131,57,67,31,56,20,1.01,0.51,7.07
True,True,100.0,100.0,510281,0,0,-1,1,0,0,3,2.9,2.9,1,Sávio,2.4,415,False,,2026-01-02T00:30:11.916072Z,69,510281.jpg,1.8,False,Moreira de Oliveira,0.4,False,,a,13,43,41,36945,87,115833,62,0.3,5.9,Savinho,Savinho,30.0,2024-07-18,2004-04-10,False,p510281,699,1,2,3,5,0,0,0,2,0,0,1,134,133.4,159.6,288.0,58.0,11,36,9,56,6,2.39,1.37,3.76,8.33,,,,,,,[],,356,161,235,149,115,68,267,132,0.31,0.0,0.18,0.49,1.07,0.64,41,25,162,73,387,165,287,97,0.77,0.39,7.21
True,True,100.0,100.0,165809,0,0,-3,3,0,0,3,3.5,3.5,1,Bernardo,3.0,416,False,,2026-02-05T02:00:09.786263Z,62,165809.jpg,2.7,False,Mota Veiga de Carvalho e Silva,0.7,False,,a,13,43,101,128886,505,157433,476,0.5,16.3,Bernardo,Bernardo Silva,173.0,2017-07-01,1994-08-10,False,p165809,2811,2,4,13,29,0,0,0,10,0,0,4,523,496.2,785.7,311.0,159.5,60,144,50,254,33,2.57,4.07,6.63,35.15,1.0,,,,,,[],,126,41,14,14,102,61,44,32,0.08,0.0,0.13,0.21,1.13,0.93,73,47,129,55,249,100,239,83,1.06,0.42,8.13
True,True,100.0,100.0,466052,0,0,1,-1,0,3,3,3.3,3.3,1,Rayan,2.8,417,False,,2026-02-02T00:30:10.807603Z,66,466052.jpg,4.2,False,Cherki,19.5,False,,a,13,43,134,4679330,7728,3169660,16410,0.4,20.3,Cherki,,73.0,2025-06-10,2003-08-17,False,p466052,1712,4,13,8,17,0,0,0,1,0,0,16,578,603.4,980.4,567.0,215.3,16,91,26,133,19,4.22,8.74,12.95,22.77,3.0,,2.0,,,,[],,74,21,5,5,39,23,13,10,0.22,0.0,0.46,0.68,1.2,0.89,49,31,143,64,50,23,15,5,1.0,0.42,6.99
True,True,100.0,100.0,248875,0,0,0,0,0,3,3,7.5,7.5,2,Jérémy,7.0,418,False,,2026-01-29T00:00:09.498877Z,65,248875.jpg,4.1,False,Doku,6.5,False,,a,13,43,119,2712363,16433,2127261,2704,1.1,18.3,Doku,,21.0,2023-08-24,2002-05-27,False,p248875,1747,5,8,8,18,0,0,0,0,0,0,15,522,532.6,812.9,600.0,194.4,15,88,23,126,19,2.82,5.79,8.61,22.42,,,,,3.0,,[],,110,32,12,12,32,16,25,20,0.15,0.0,0.3,0.45,1.16,0.93,51,33,6,2,59,28,63,23,0.98,0.41,6.49
True,False,0.0,0.0,59859,0,0,-2,2,0,0,3,0.0,0.0,0,İlkay,0.0,420,False,has joined Galatasaray permanently.,2025-09-05T08:55:41.702765Z,63,59859.jpg,0.0,False,Gündoğan,0.1,False,,u,13,43,0,1928,0,19918,0,0.0,0.0,Gündoğan,,80.0,2024-08-23,1990-10-24,False,p59859,0,0,0,0,0,0,0,0,0,0,0,0,0,0.0,0.0,0.0,0.0,0,0,0,0,0,0.00,0.00,0.00,0.00,,,,,,,[],,832,375,832,375,832,375,832,375,0.0,0.0,0.0,0.0,0.0,0.0,64,41,825,370,832,375,564,209,0.0,0.0,0.0
True,True,100.0,75.0,220566,0,0,-2,2,0,0,3,0.9,0.7,2,Rodrigo 'Rodri',0.4,421,False,,2026-04-24T17:30:09.574040Z,63,220566.jpg,3.0,False,Hernandez Cascante,0.5,False,,a,13,43,64,72423,63,114871,128,0.1,10.2,Rodrigo,Rodri,200.0,2019-07-04,1996-06-22,False,p220566,1482,1,0,5,15,0,0,0,2,0,0,5,347,341.8,392.5,102.0,83.8,57,105,42,204,17,0.84,2.43,3.27,19.62,,,,,,,[],,211,84,88,63,277,150,182,91,0.05,0.0,0.15,0.2,1.19,0.91,66,43,347,154,198,79,277,94,1.03,0.3,12.39
True,True,100.0,100.0,91651,0,0,-2,2,0,0,3,1.7,1.7,1,Mateo,1.2,422,False,,2025-11-03T09:30:08.601064Z,58,91651.jpg,1.6,False,Kovačić,0.0,False,,a,13,43,8,2983,22,3647,14,0.2,1.4,Kovačić,,97.0,2023-06-27,1994-05-06,False,p91651,94,0,1,0,2,0,0,0,0,0,0,0,36,33.0,40.5,1.0,7.5,4,8,2,14,1,0.06,0.38,0.44,2.69,,,,,,,[],,447,196,377,194,466,229,446,199,0.06,0.0,0.36,0.42,2.58,1.91,104,67,257,108,411,176,673,269,0.96,0.0,13.4
True,True,100.0,100.0,465694,0,0,-1,1,0,0,3,1.1,1.1,0,Nico,0.6,423,False,,2026-01-16T16:30:09.636510Z,59,465694.jpg,2.5,False,González Iglesias,0.1,False,,a,13,43,59,28861,21,32050,42,0.1,10.0,N.Gonzalez,,200.0,2025-02-03,2002-01-03,False,p465694,1471,1,0,7,16,0,0,0,6,0,0,1,320,292.6,216.1,65.0,57.3,70,83,39,192,16,0.58,1.05,1.63,18.58,,,,,,,[],,242,103,185,122,328,168,274,137,0.04,0.0,0.06,0.1,1.14,0.98,98,64,317,137,281,115,470,163,0.98,0.43,11.75
True,False,0.0,0.0,575204,0,0,-1,1,0,0,3,0.0,0.0,0,Claudio,0.0,425,False,has joined Girona on loan for the rest of the season.,2025-08-21T14:03:07.217793Z,54,575204.jpg,0.0,False,Echeverri,0.0,False,,u,13,43,0,194,0,3239,0,0.0,0.0,Echeverri,,10.0,2024-01-25,2006-01-02,False,p575204,0,0,0,0,0,0,0,0,0,0,0,0,0,0.0,0.0,0.0,0.0,0,0,0,0,0,0.00,0.00,0.00,0.00,,,,,,,[],,825,369,826,370,824,369,825,369,0.0,0.0,0.0,0.0,0.0,0.0,176,111,809,360,826,370,751,318,0.0,0.0,0.0
True,True,,,433036,0,0,-5,5,0,1,3,0.7,0.7,0,Tijjani,0.2,427,False,,,50,433036.jpg,3.2,False,Reijnders,8.9,False,,a,13,43,87,3562008,160,5035298,1126,0.0,17.4,Reijnders,,152.0,2025-06-10,1998-07-29,False,p433036,1547,5,2,7,16,0,0,0,2,0,0,6,328,340.0,342.4,401.0,107.5,32,58,10,100,18,4.07,2.30,6.37,17.40,4.0,,3.0,,,,[],,213,85,115,81,73,42,118,68,0.24,0.0,0.13,0.37,1.01,0.93,259,156,375,170,162,66,44,14,1.05,0.41,5.82
True,True,100.0,100.0,566164,0,0,0,0,0,0,3,0.5,0.5,0,Sverre,0.0,428,False,,2025-08-19T13:38:08.307876Z,50,566164.jpg,0.0,False,Nypan,0.0,False,,a,13,43,0,304,4,2691,6,0.0,0.0,Nypan,,161.0,2025-07-17,2006-12-19,False,p566164,0,0,0,0,0,0,0,0,0,0,0,0,0,0.0,0.0,0.0,0.0,0,0,0,0,0,0.00,0.00,0.00,0.00,,,,,,,[],,812,360,812,361,807,359,812,360,0.0,0.0,0.0,0.0,0.0,0.0,277,170,776,337,813,361,711,291,0.0,0.0,0.0
True,False,0.0,0.0,155405,0,0,-3,3,0,0,3,0.0,0.0,0,Kalvin,0.0,429,False,has joined Sheffield United on loan for the rest of the season.,2026-02-02T23:15:40.975573Z,47,155405.jpg,0.0,False,Phillips,0.1,False,,u,13,43,0,4052,0,8579,5,0.0,0.0,Phillips,,241.0,2022-07-04,1995-12-02,False,p155405,0,0,0,0,0,0,0,0,0,0,0,0,0,0.0,0.0,0.0,0.0,0,0,0,0,0,0.00,0.00,0.00,0.00,,,,,,,[],,781,337,778,338,767,335,781,337,0.0,0.0,0.0,0.0,0.0,0.0,378,236,714,294,782,338,567,212,0.0,0.0,0.0
True,True,100.0,100.0,223094,0,0,7,-7,0,11,4,5.9,5.9,2,Erling,5.4,430,True,,2026-02-28T22:00:08.277592Z,147,223094.jpg,6.6,False,Haaland,64.5,False,,a,13,43,232,8714127,15205,4260581,6682,0.4,15.8,Haaland,,161.0,2022-07-01,2000-07-21,False,p223094,2925,26,8,13,32,0,0,1,2,0,0,40,927,1137.6,305.3,1485.0,293.0,47,41,15,103,34,25.34,2.67,28.01,37.48,,,,,1.0,,[],,3,1,136,10,1,1,2,1,0.78,0.0,0.08,0.86,1.15,0.98,1,1,29,7,3,1,1,1,1.05,0.4,3.17
True,True,,,204936,0,0,1,-1,0,1,1,5.1,5.1,2,Gianluigi,4.6,736,False,,,56,204936.jpg,4.0,False,Donnarumma,9.3,False,,a,13,43,136,2326618,3673,1542986,3939,0.8,24.3,Donnarumma,,106.0,2025-09-01,1999-02-25,False,p204936,3032,0,0,15,29,0,1,0,7,0,76,5,565,651.2,10.3,2.0,66.5,42,233,0,0,34,0.00,0.13,0.13,37.38,,,,,,,[],,59,13,434,8,465,4,240,14,0.0,2.26,0.0,0.0,1.11,0.86,125,3,43,4,65,5,40,7,1.01,0.45,0.0
True,False,0.0,0.0,590039,0,0,-1,1,0,0,3,0.0,0.0,0,Divine,0.0,739,False,has joined Leicester City on loan for the rest of the season.,2026-02-06T22:50:57.523825Z,44,590039.jpg,1.0,False,Mukasa,0.0,False,,u,13,43,2,3500,0,3351,1,0.0,0.5,Mukasa,,241.0,2025-08-07,2007-08-22,False,p590039,25,0,0,0,0,0,0,0,0,0,0,0,5,4.2,28.3,4.0,3.7,0,1,0,1,0,0.00,0.21,0.21,0.34,,,,,,,[],,489,221,398,199,442,215,470,210,0.0,0.0,0.76,0.76,1.22,0.0,576,349,609,213,486,215,702,284,0.0,0.0,3.6
True,False,0.0,0.0,566213,0,0,-1,1,0,0,2,0.0,0.0,0,Stephen,0.0,740,False,has joined Watford on loan for the rest of the season.,2026-02-06T22:50:57.507882Z,39,566213.jpg,0.0,False,Mfuni,0.0,False,,u,13,43,0,3208,0,4020,1,0.0,0.0,Mfuni,,241.0,2024-07-23,2008-02-12,False,p566213,0,0,0,0,0,0,0,0,0,0,0,0,0,0.0,0.0,0.0,0.0,0,0,0,0,0,0.00,0.00,0.00,0.00,,,,,,,[],,568,207,557,207,525,202,571,208,0.0,0.0,0.0,0.0,0.0,0.0,793,229,448,169,580,208,630,225,0.0,0.0,0.0
True,True,,,616288,0,0,0,0,0,0,3,0.5,0.5,0,Ryan,0.0,742,False,,,45,616288.jpg,0.0,False,McAidoo,0.0,False,,a,13,43,0,1681,10,1459,6,0.0,0.0,McAidoo,,241.0,2025-09-26,2008-06-24,False,p616288,0,0,0,0,0,0,0,0,0,0,0,0,0,0.0,0.0,0.0,0.0,0,0,0,0,0,0.00,0.00,0.00,0.00,,,,,,,[],,767,326,762,327,748,323,767,326,0.0,0.0,0.0,0.0,0.0,0.0,508,317,695,280,768,327,735,307,0.0,0.0,0.0
True,True,,,516234,0,0,0,0,0,0,3,0.5,0.5,0,Charlie,0.0,763,False,,,45,516234.jpg,0.0,False,Gray,0.0,False,,a,13,43,0,551,3,445,5,0.0,0.0,Gray,,241.0,2025-12-16,2006-02-22,False,p516234,0,0,0,0,0,0,0,0,0,0,0,0,0,0.0,0.0,0.0,0.0,0,0,0,0,0,0.00,0.00,0.00,0.00,,,,,,,[],,723,289,720,292,703,285,724,290,0.0,0.0,0.0,0.0,0.0,0.0,456,274,647,239,729,294,783,339,0.0,0.0,0.0
True,True,,,580921,0,0,0,0,0,0,3,0.5,0.5,0,Reigan,0.0,764,False,,,45,580921.jpg,0.0,False,Heskey,0.0,False,,a,13,43,0,337,10,272,3,0.0,0.0,Heskey,Reigan Heskey,241.0,2024-07-26,2008-01-18,False,p580921,0,0,0,0,0,0,0,0,0,0,0,0,0,0.0,0.0,0.0,0.0,0,0,0,0,0,0.00,0.00,0.00,0.00,,,,,,,[],,749,311,744,312,730,308,749,311,0.0,0.0,0.0,0.0,0.0,0.0,488,300,677,264,752,313,800,349,0.0,0.0,0.0
True,True,100.0,100.0,494307,0,0,-6,6,0,0,2,0.5,0.5,0,Max,0.0,794,False,,2026-02-15T00:30:07.266104Z,39,494307.jpg,2.5,False,Alleyne,0.0,False,,a,13,43,5,5448,14,5062,7,0.0,1.3,Alleyne,,241.0,2022-12-16,2005-07-21,False,p494307,135,0,0,0,1,0,0,0,0,0,0,0,27,34.0,14.8,26.0,7.5,8,4,3,11,2,0.26,0.06,0.32,1.54,,,,,,,[],,444,163,420,154,381,132,444,160,0.17,0.0,0.04,0.21,1.03,0.67,786,226,441,166,267,103,742,255,1.33,0.0,7.33
True,True,100.0,100.0,446008,0,0,3,-3,0,1,3,3.2,3.7,7,Bryan,3.2,119,False,,2026-04-20T12:00:07.778297Z,83,446008.jpg,4.3,False,Mbeumo,14.9,False,,a,14,1,139,7330490,6529,7294652,8306,0.4,16.7,Mbeumo,,38.0,2025-07-21,1999-08-07,False,p446008,2538,10,3,7,37,0,0,0,4,0,0,15,498,593.4,790.6,843.0,222.7,23,88,25,136,30,11.06,4.98,16.04,35.39,2.0,,2.0,,,,[],,79,23,13,13,8,3,11,8,0.39,0.0,0.18,0.57,1.25,1.31,12,7,113,50,43,20,22,7,1.06,0.25,4.82
True,True,,,451302,0,0,-3,3,0,0,1,0.0,0.5,0,Altay,0.0,431,False,,,47,451302.jpg,1.8,False,Bayındır,0.3,False,,a,14,1,11,38944,72,64512,68,0.0,2.3,Bayindir,,219.0,2023-09-01,1998-04-14,False,p451302,540,0,0,0,11,0,0,0,0,0,13,0,49,118.4,10.0,0.0,12.8,7,39,0,0,6,0.00,0.05,0.05,9.24,,,,,,,[],,372,26,441,14,770,86,417,26,0.0,2.17,0.01,0.01,1.54,1.83,386,18,718,93,378,37,318,44,1.0,0.0,0.0
True,False,0.0,0.0,202641,0,0,-1,1,0,0,1,0.0,0.0,0,André,0.0,432,False,has joined Trabzonspor on loan for the rest of the season.,2025-09-12T15:53:11.993916Z,49,202641.jpg,0.0,False,Onana,0.1,False,,u,14,1,0,5156,0,26679,4,0.0,0.0,Onana,,38.0,2023-07-20,1996-04-02,False,p202641,0,0,0,0,0,0,0,0,0,0,0,0,0,0.0,0.0,0.0,0.0,0,0,0,0,0,0.00,0.00,0.00,0.00,,,,,,,[],,788,96,785,93,781,91,788,96,0.0,0.0,0.0,0.0,0.0,0.0,297,11,738,95,789,96,434,62,0.0,0.0,0.0
True,False,0.0,0.0,588555,0,0,0,0,0,0,1,0.0,0.0,0,Elyh,0.0,433,False,On loan to Shrewsbury Town,2025-07-23T18:48:43.383466Z,40,588555.jpg,0.0,False,Harrison,0.0,False,,u,14,1,0,0,0,256,0,0.0,0.0,Harrison,,,,,False,p588555,0,0,0,0,0,0,0,0,0,0,0,0,0,0.0,0.0,0.0,0.0,0,0,0,0,0,0.00,0.00,0.00,0.00,,,,,,,[],,624,88,618,77,588,63,627,88,0.0,0.0,0.0,0.0,0.0,0.0,736,67,512,78,635,88,821,97,0.0,0.0,0.0
True,True,,,21205,0,0,-2,2,0,0,1,0.0,0.5,0,Tom,0.0,434,False,,,38,21205.jpg,0.0,False,Heaton,0.5,False,,a,14,1,0,63277,2767,35640,641,0.0,0.0,Heaton,,241.0,2021-07-02,1986-04-15,False,p21205,0,0,0,0,0,0,0,0,0,0,0,0,0,0.0,0.0,0.0,0.0,0,0,0,0,0,0.00,0.00,0.00,0.00,,,,,,,[],,525,40,508,19,475,5,528,40,0.0,0.0,0.0,0.0,0.0,0.0,800,94,397,25,537,40,256,35,0.0,0.0,0.0
True,True,,,461537,0,0,-1,1,0,0,1,0.0,0.5,0,Dermot,0.0,435,False,,,39,461537.jpg,0.0,False,Mee,0.1,False,,a,14,1,0,5892,24,9487,28,0.0,0.0,Mee,,242.0,2023-07-24,2002-11-20,False,p461537,0,0,0,0,0,0,0,0,0,0,0,0,0,0.0,0.0,0.0,0.0,0,0,0,0,0,0.00,0.00,0.00,0.00,,,,,,,[],,555,54,543,37,511,23,558,54,0.0,0.0,0.0,0.0,0.0,0.0,778,83,434,41,567,54,494,72,0.0,0.0,0.0
True,True,0.0,0.0,209365,0,0,-1,1,0,0,2,0.0,0.0,0,Matthijs,0.0,436,False,Back injury - Unknown return date,2025-12-05T00:30:07.892711Z,49,209365.jpg,3.3,False,de Ligt,1.8,False,,i,14,1,43,419868,8,553001,168,0.0,8.8,De Ligt,,152.0,2024-08-13,1999-08-12,False,p209365,1170,1,0,1,20,0,0,0,0,0,0,5,169,276.6,60.2,122.0,45.7,88,40,19,107,13,1.38,0.83,2.21,18.73,,,,,,,[],https://www.manutd.com/en/news/detail/team-news-for-man-utd-v-liverpool-3-may-2026?utm_source=premier_league&utm_medium=referral&utm_campaign=fantasy&utm_content=injuries-flag,256,102,351,121,256,69,317,108,0.11,0.0,0.06,0.17,1.44,1.54,302,47,740,256,147,52,148,60,1.0,0.08,8.23
True,True,100.0,100.0,221820,0,0,-2,2,0,0,2,2.2,2.7,3,Lisandro,2.2,437,False,,2026-02-24T10:30:07.882997Z,48,221820.jpg,2.6,False,Martínez,0.4,False,,a,14,1,45,175031,729,156532,212,0.5,9.4,Martinez,,10.0,2022-07-17,1998-01-18,False,p221820,1139,0,0,4,15,1,0,0,0,1,0,3,215,290.6,93.6,19.0,40.6,83,65,18,101,12,0.15,0.59,0.74,14.43,,,,,,,[],,245,96,302,97,402,146,332,113,0.01,0.0,0.05,0.06,1.14,1.19,356,60,169,59,255,98,281,108,0.95,0.32,7.98
True,True,100.0,100.0,230001,0,0,-1,1,0,0,2,3.0,3.5,0,Noussair,3.0,438,False,,2026-03-18T16:00:08.380823Z,49,230001.jpg,2.5,False,Mazraoui,0.3,False,,a,14,1,47,46857,218,60272,369,0.6,9.6,Mazraoui,,145.0,2024-08-13,1997-11-14,False,p230001,904,0,0,4,10,0,0,0,3,0,0,6,207,195.8,109.1,35.0,33.9,62,42,27,89,10,0.19,0.33,0.51,12.51,,,,,,,[],,306,119,284,86,364,121,353,118,0.02,0.0,0.03,0.05,1.25,1.0,309,50,120,41,273,107,343,124,1.0,0.4,8.86
True,True,,,661712,0,0,-4,4,0,0,2,0.0,0.5,0,Diego,0.0,439,False,,,41,661712.jpg,0.0,False,León Blanco,0.1,False,,a,14,1,0,3673,8,8897,8,0.0,0.0,D.Leon,,168.0,2025-07-05,2007-04-03,False,p661712,0,0,0,0,0,0,0,0,0,0,0,0,0,0.0,0.0,0.0,0.0,0,0,0,0,0,0.00,0.00,0.00,0.00,,,,,,,[],,642,253,637,253,608,251,645,254,0.0,0.0,0.0,0.0,0.0,0.0,669,161,535,225,653,253,568,202,0.0,0.0,0.0
True,True,100.0,100.0,216051,0,0,0,0,0,3,2,1.5,2.0,1,Diogo,1.5,440,False,,2025-12-05T17:00:09.775964Z,45,216051.jpg,3.3,False,Dalot Teixeira,3.9,False,,a,14,1,111,1178140,1284,935959,3995,0.3,24.7,Dalot,Diogo Dalot,173.0,2018-06-08,1999-03-18,False,p216051,2609,1,6,7,40,0,0,0,5,0,0,9,414,535.8,458.5,202.0,119.6,127,135,53,180,29,1.93,2.57,4.50,36.57,,,,,,,[],,108,51,67,14,177,42,97,25,0.07,0.0,0.09,0.16,1.26,1.38,421,81,226,85,145,50,93,30,1.0,0.24,6.21
True,True,100.0,100.0,596777,0,0,-4,4,0,2,2,0.8,1.3,1,Patrick,0.8,441,False,,2026-01-26T04:00:08.082150Z,41,596777.jpg,3.1,False,Dorgu,2.4,False,,a,14,1,77,1791756,927,2245632,999,0.2,18.8,Dorgu,,58.0,2025-02-02,2004-10-26,False,p596777,1379,3,3,3,20,0,0,0,5,0,0,8,271,409.2,372.0,286.0,106.6,50,76,47,97,14,2.04,1.78,3.82,19.23,,,,,,,[],,170,70,98,24,116,19,123,36,0.13,0.0,0.12,0.25,1.26,1.31,667,159,289,109,172,66,125,49,0.91,0.2,6.33
True,True,100.0,100.0,95658,0,0,-1,1,0,1,2,5.2,5.7,3,Harry,5.2,442,False,,2026-04-16T13:00:09.761350Z,44,95658.jpg,3.8,False,Maguire,1.6,False,,a,14,1,84,380502,2393,284204,1198,1.2,19.1,Maguire,,241.0,2019-08-05,1993-03-05,False,p95658,1559,1,2,6,20,0,0,0,3,1,0,5,289,361.2,51.5,180.0,59.5,123,60,21,144,18,1.12,0.41,1.53,22.16,,,,,,,[],,198,82,360,128,203,54,260,85,0.06,0.0,0.02,0.08,1.28,1.15,530,101,30,10,78,27,157,63,1.04,0.35,8.31
True,True,100.0,100.0,106760,0,0,0,0,0,0,2,4.8,5.3,6,Luke,4.8,443,False,,2026-04-28T00:00:08.111534Z,45,106760.jpg,2.9,False,Shaw,1.1,False,,a,14,1,107,251059,5133,166187,666,1.1,23.8,Shaw,,241.0,2014-07-01,1995-07-12,False,p106760,3139,1,1,9,45,0,0,0,9,0,0,3,426,550.8,313.0,96.0,96.2,145,103,73,218,37,0.69,1.98,2.66,44.34,,,,,,,[],,97,43,128,34,285,83,151,50,0.02,0.0,0.06,0.08,1.27,1.29,413,76,37,13,202,81,197,76,1.06,0.26,6.25
True,True,100.0,100.0,550864,0,0,-4,4,0,0,2,0.5,1.0,0,Leny,0.5,444,False,,2026-04-18T22:30:08.596769Z,41,550864.jpg,1.8,False,Yoro,1.2,False,,a,14,1,55,228715,84,324989,356,0.1,13.4,Yoro,,73.0,2024-07-19,2005-11-13,False,p550864,1714,0,1,2,33,0,0,0,1,0,0,1,186,319.0,82.8,124.0,52.4,123,73,29,152,18,1.34,0.59,1.93,26.52,,,,,,,[],,227,90,318,105,254,67,286,91,0.07,0.0,0.03,0.1,1.39,1.73,666,158,320,118,372,139,180,69,0.95,0.11,7.98
True,False,0.0,0.0,577974,0,0,0,0,0,0,2,0.0,0.0,0,Harry,0.0,445,False,has joined Norwich City on loan for the rest of the season.,2025-09-02T13:39:58.762783Z,40,577974.jpg,0.0,False,Amass,0.1,False,,u,14,1,0,1160,0,14627,8,0.0,0.0,Amass,,241.0,2024-04-06,2007-03-16,False,p577974,0,0,0,0,0,0,0,0,0,0,0,0,0,0.0,0.0,0.0,0.0,0,0,0,0,0,0.00,0.00,0.00,0.00,,,,,,,[],,621,235,615,235,585,232,624,236,0.0,0.0,0.0,0.0,0.0,0.0,733,195,509,202,632,235,545,193,0.0,0.0,0.0
True,True,,,547676,0,0,-3,3,0,0,2,0.0,0.5,0,Tyler,0.0,446,False,,,37,547676.jpg,1.0,False,Fredricson,0.2,False,,a,14,1,1,14835,163,17057,51,0.0,0.3,Fredricson,,241.0,2022-09-07,2005-02-23,False,p547676,2,0,0,0,0,0,0,0,0,0,0,0,4,4.0,0.0,0.0,0.4,2,0,0,2,0,0.00,0.00,0.00,0.30,,,,,,,[],,490,175,505,183,472,177,508,178,0.0,0.0,0.0,0.0,13.5,0.0,835,266,394,140,462,166,413,152,0.0,0.0,90.0
True,True,100.0,100.0,606745,0,0,-3,3,0,0,2,0.8,1.3,0,Ayden,0.8,447,False,,2025-10-14T13:00:06.698643Z,37,606745.jpg,2.5,False,Heaven,2.6,False,,a,14,1,42,607622,3637,463853,3484,0.2,11.4,Heaven,,241.0,2025-02-01,2006-09-22,False,p606745,920,0,1,2,15,1,0,0,2,0,0,3,164,233.6,32.0,26.0,29.1,71,39,22,93,11,0.34,0.18,0.52,11.95,,,,,,,[],,280,111,393,142,380,131,372,129,0.03,0.0,0.02,0.05,1.17,1.47,838,269,283,104,263,100,117,44,1.08,0.2,9.1
True,True,,,222690,0,0,-3,3,0,0,2,0.0,0.5,0,Tyrell,0.0,448,False,,,37,222690.jpg,1.0,False,Malacia,0.5,False,,a,14,1,2,84044,2231,68034,520,0.0,0.5,Malacia,,152.0,2022-07-05,1999-08-17,False,p222690,7,0,0,0,1,0,0,0,0,0,0,0,2,3.6,0.5,0.0,0.4,1,2,1,2,0,0.00,0.00,0.00,0.35,,,,,,,[],,493,176,486,176,469,174,507,177,0.0,0.0,0.0,0.0,4.5,12.86,832,263,391,137,461,165,259,97,0.0,0.0,25.71
True,True,100.0,100.0,141746,0,0,14,-14,0,7,3,5.5,6.0,9,Bruno,5.5,449,True,,2025-12-21T21:30:09.265444Z,104,141746.jpg,6.5,False,Borges Fernandes,47.7,False,,a,14,1,221,9162006,12641,5836452,7522,0.5,21.2,B.Fernandes,Bruno Fernandes,173.0,2020-01-30,1994-09-08,False,p141746,2975,8,23,6,46,0,0,2,5,0,0,38,958,1193.0,1890.0,595.0,368.1,66,161,51,278,34,10.72,12.13,22.85,43.63,1.0,,1.0,,1.0,,[],,1,1,1,1,34,18,1,1,0.32,0.0,0.37,0.69,1.32,1.39,3,2,28,12,4,1,2,1,1.03,0.18,8.41
True,True,100.0,100.0,430871,0,0,1,-1,0,0,3,4.5,5.0,9,Matheus,4.5,450,False,,2026-04-28T00:00:08.134591Z,81,430871.jpg,4.3,False,Santos Carneiro da Cunha,8.4,False,,a,14,1,143,3607538,12704,3584665,4141,0.6,17.7,Cunha,Matheus Cunha,30.0,2025-06-01,1999-05-27,False,p430871,2493,10,4,8,35,0,0,0,4,0,0,14,591,675.8,545.4,801.0,202.5,46,126,39,211,29,6.90,3.36,10.26,35.75,,,,,,,[],,54,15,45,40,13,7,20,15,0.25,0.0,0.12,0.37,1.29,1.26,14,9,47,21,42,19,50,17,1.05,0.29,7.62
True,False,0.0,0.0,176297,0,0,0,0,0,0,3,0.0,0.0,0,Marcus,0.0,451,False,Has joined Barcelona on loan for the rest of the season,2025-07-24T10:12:59.455702Z,70,176297.jpg,0.0,False,Rashford,0.0,False,,u,14,1,0,0,0,2157,1,0.0,0.0,Rashford,,241.0,2015-07-01,1997-10-31,False,p176297,0,0,0,0,0,0,0,0,0,0,0,0,0,0.0,0.0,0.0,0.0,0,0,0,0,0,0.00,0.00,0.00,0.00,,,,,,,[],,837,377,837,377,837,377,837,377,0.0,0.0,0.0,0.0,0.0,0.0,35,20,834,376,837,377,717,295,0.0,0.0,0.0
True,True,100.0,100.0,493250,0,0,-3,3,0,0,3,1.8,2.3,2,Amad,1.8,452,False,,2025-12-13T14:30:11.647420Z,62,493250.jpg,2.7,False,Diallo,1.3,False,,a,14,1,84,448838,538,641859,723,0.3,13.5,Amad,,54.0,2021-01-07,2002-07-11,False,p493250,2249,2,4,5,33,0,0,0,2,0,0,6,433,407.8,578.4,562.0,155.0,46,105,37,188,26,5.30,3.95,9.25,30.90,3.0,,,,,,[],,172,64,39,36,40,24,49,34,0.21,0.0,0.16,0.37,1.24,1.32,76,49,217,94,250,101,174,61,1.04,0.2,7.52
True,False,0.0,0.0,467169,0,0,-1,1,0,0,3,0.0,0.0,0,Antony,0.0,454,False,has joined Real Betis permanently.,2025-09-02T13:30:59.559397Z,59,467169.jpg,0.0,False,dos Santos,0.1,False,,u,14,1,0,1511,0,10761,1,0.0,0.0,Antony,,30.0,2022-09-01,2000-02-24,False,p467169,0,0,0,0,0,0,0,0,0,0,0,0,0,0.0,0.0,0.0,0.0,0,0,0,0,0,0.00,0.00,0.00,0.00,,,,,,,[],,831,374,831,374,830,374,831,374,0.0,0.0,0.0,0.0,0.0,0.0,99,65,821,368,831,374,573,215,0.0,0.0,0.0
True,True,100.0,100.0,184341,0,0,-1,1,0,0,3,1.5,2.0,1,Mason,1.5,455,False,,2026-03-14T13:00:10.247081Z,59,184341.jpg,2.4,False,Mount,0.3,False,,a,14,1,53,185117,75,200103,53,0.3,9.0,Mount,,241.0,2023-07-05,1999-01-10,False,p184341,937,3,0,4,15,0,0,0,2,0,0,3,182,189.4,209.5,161.0,56.0,17,52,20,89,11,1.56,1.49,3.05,11.98,,,,,,,[],,310,134,191,126,223,121,278,141,0.15,0.0,0.14,0.29,1.15,1.44,93,61,236,103,296,124,335,113,1.06,0.38,8.55
True,True,100.0,100.0,61256,0,0,4,-4,0,4,3,4.2,4.7,1,Carlos Henrique,4.2,457,False,,2025-12-15T23:00:11.358129Z,59,61256.jpg,4.9,False,Casimiro,5.3,False,,a,14,1,165,1220666,6124,596502,19000,0.7,28.0,Casemiro,Casemiro,30.0,2022-08-22,1992-02-23,False,p61256,2575,9,4,9,32,0,0,0,9,1,0,20,636,903.6,536.1,585.0,202.8,130,135,90,355,33,5.44,3.17,8.61,31.77,,,,,,,[],,9,2,47,41,36,20,18,13,0.19,0.0,0.11,0.3,1.11,1.12,88,56,56,25,16,8,74,28,1.15,0.31,12.41
True,True,100.0,100.0,516895,0,0,-3,3,0,0,3,5.5,6.0,4,Kobbie,5.5,458,False,,2026-04-13T23:30:10.001898Z,47,516895.jpg,2.6,False,Mainoo,1.4,False,,a,14,1,71,293786,2900,221076,1340,1.2,15.1,Mainoo,,241.0,2022-10-15,2005-04-19,False,p516895,1563,1,2,5,22,0,0,0,1,0,0,2,329,351.6,346.3,78.0,77.8,54,92,34,180,15,0.38,1.24,1.62,22.09,,,,,,,[],,204,79,114,80,306,161,203,95,0.02,0.0,0.07,0.09,1.27,1.27,392,243,24,10,254,103,172,60,0.86,0.29,10.36
True,True,75.0,75.0,232112,0,0,-3,3,0,0,3,0.0,0.4,0,Manuel,0.0,459,False,Back injury - 75% chance of playing,2026-05-09T21:30:09.638441Z,47,232112.jpg,1.7,False,Ugarte Ribeiro,0.1,False,,d,14,1,38,30684,5,40431,56,0.0,8.1,Ugarte,,230.0,2024-08-30,2001-04-11,False,p232112,876,0,0,1,23,0,0,0,1,0,0,0,183,167.2,83.6,48.0,29.8,45,51,46,142,8,0.72,0.16,0.88,18.22,,,,,,,[],https://www.manutd.com/en/news/united-team-news-for-forest-match-17-may-2026?utm_source=premier_league&utm_medium=referral&utm_campaign=fantasy&utm_content=injuries-flag,329,147,315,174,347,180,368,174,0.07,0.0,0.02,0.09,1.87,2.36,385,240,717,296,396,169,435,149,0.82,0.1,14.59
True,False,0.0,0.0,490881,0,0,0,0,0,0,3,0.0,0.0,0,Toby,0.0,460,False,has joined Hull City on loan for the rest of the season.,2026-02-02T13:41:44.377020Z,45,490881.jpg,0.0,False,Collyer,0.0,False,,u,14,1,0,505,0,9703,1,0.0,0.0,Collyer,,241.0,2023-07-01,2004-01-03,False,p490881,0,0,0,0,0,0,0,0,0,0,0,0,0,0.0,0.0,0.0,0.0,0,0,0,0,0,0.00,0.00,0.00,0.00,,,,,,,[],,715,281,713,285,696,278,717,283,0.0,0.0,0.0,0.0,0.0,0.0,446,266,638,231,722,287,667,267,0.0,0.0,0.0
True,True,,,556639,0,0,-2,2,0,0,3,0.0,0.5,0,Jayce,0.0,461,False,,,43,556639.jpg,0.0,False,Fitzgerald,0.0,False,,a,14,1,0,3929,24,5386,22,0.0,0.0,Fitzgerald,,,,,False,p556639,0,0,0,0,0,0,0,0,0,0,0,0,0,0.0,0.0,0.0,0.0,0,0,0,0,0,0.00,0.00,0.00,0.00,,,,,,,[],,660,244,658,250,635,239,662,246,0.0,0.0,0.0,0.0,0.0,0.0,617,367,569,189,671,254,600,226,0.0,0.0,0.0
True,True,,,547037,0,0,-2,2,0,0,3,0.0,0.5,0,Jack,0.0,462,False,,,43,547037.jpg,1.0,False,Fletcher,0.1,False,,a,14,1,3,15677,32,15093,38,0.0,0.7,J.Fletcher,Jack Fletcher,241.0,2024-07-12,2007-03-19,False,p547037,107,0,0,0,0,0,0,0,0,0,0,0,10,18.6,24.4,5.0,4.8,2,4,5,11,0,0.03,0.02,0.05,1.86,,,,,,,[],,463,204,401,202,439,212,464,206,0.03,0.0,0.02,0.05,1.56,0.0,614,364,566,186,478,208,536,198,0.0,0.0,9.25
True,False,0.0,0.0,618873,0,0,-2,2,0,0,3,0.0,0.0,0,Sékou,0.0,463,False,has joined Lausanne-Sport on loan for the rest of the season.,2026-02-06T22:52:39.101311Z,43,618873.jpg,0.0,False,Koné,0.1,False,,u,14,1,0,9069,0,13783,14,0.0,0.0,Kone,,132.0,2025-02-15,2006-02-03,False,p618873,0,0,0,0,0,0,0,0,0,0,0,0,0,0.0,0.0,0.0,0.0,0,0,0,0,0,0.00,0.00,0.00,0.00,,,,,,,[],,665,248,663,254,640,243,667,250,0.0,0.0,0.0,0.0,0.0,0.0,626,374,576,194,676,258,532,196,0.0,0.0,0.0
True,False,0.0,0.0,559684,0,0,0,0,0,0,3,0.0,0.0,0,Jack,0.0,464,False,has joined Leyton Orient on loan for the rest of the season.,2025-09-22T21:21:54.592776Z,45,559684.jpg,0.0,False,Moorhouse,0.0,False,,u,14,1,0,723,0,2879,0,0.0,0.0,Moorhouse,,104.0,2025-02-15,2005-11-29,False,p559684,0,0,0,0,0,0,0,0,0,0,0,0,0,0.0,0.0,0.0,0.0,0,0,0,0,0,0.00,0.00,0.00,0.00,,,,,,,[],,735,300,731,302,715,296,736,301,0.0,0.0,0.0,0.0,0.0,0.0,470,286,659,250,739,303,706,286,0.0,0.0,0.0
True,False,0.0,0.0,497894,0,0,-2,2,0,0,4,0.0,0.0,0,Rasmus,0.0,465,False,has joined Napoli on loan for the rest of the season.,2025-09-02T13:30:59.575548Z,63,497894.jpg,0.0,False,Højlund,0.3,False,,u,14,1,0,5437,0,56865,9,0.0,0.0,Højlund,,58.0,2023-08-05,2003-02-04,False,p497894,0,0,0,0,0,0,0,0,0,0,0,0,0,0.0,0.0,0.0,0.0,0,0,0,0,0,0.00,0.00,0.00,0.00,,,,,,,[],,833,91,833,91,833,91,833,91,0.0,0.0,0.0,0.0,0.0,0.0,71,23,827,90,833,91,353,57,0.0,0.0,0.0
True,True,100.0,100.0,458249,0,0,-2,2,0,0,4,0.8,1.3,1,Joshua,0.8,466,False,,2026-01-22T13:30:10.394946Z,58,458249.jpg,1.8,False,Zirkzee,0.4,False,,a,14,1,41,111748,176,133301,146,0.1,7.1,Zirkzee,,152.0,2024-07-17,2001-05-22,False,p458249,591,2,1,2,8,0,0,0,3,0,0,6,144,164.4,175.9,245.0,58.1,14,21,9,44,5,2.74,0.34,3.08,9.10,,,,,,,[],,333,34,220,22,136,35,266,33,0.42,0.0,0.05,0.47,1.39,1.22,108,31,311,40,386,44,284,45,0.76,0.3,6.7
True,True,,,596047,0,0,-3,3,0,0,4,0.0,0.5,0,Chido,0.0,467,False,,,42,596047.jpg,0.0,False,Obi,1.4,False,,a,14,1,0,275988,200,391551,381,0.0,0.0,Obi,,58.0,2025-02-15,2007-11-29,False,p596047,0,0,0,0,0,0,0,0,0,0,0,0,0,0.0,0.0,0.0,0.0,0,0,0,0,0,0.00,0.00,0.00,0.00,,,,,,,[],,650,65,646,64,621,64,652,65,0.0,0.0,0.0,0.0,0.0,0.0,655,90,548,56,660,66,170,24,0.0,0.0,0.0
True,False,0.0,0.0,575034,0,0,0,0,0,0,4,0.0,0.0,0,Ethan,0.0,468,False,has joined Bradford City on loan for the rest of the season.,2026-02-02T23:17:05.663726Z,45,575034.jpg,0.0,False,Wheatley,0.1,False,,u,14,1,0,4530,0,15004,3,0.0,0.0,Wheatley,,241.0,2024-04-12,2006-01-20,False,p575034,0,0,0,0,0,0,0,0,0,0,0,0,0,0.0,0.0,0.0,0.0,0,0,0,0,0,0.00,0.00,0.00,0.00,,,,,,,[],,743,78,739,77,724,77,744,78,0.0,0.0,0.0,0.0,0.0,0.0,480,67,669,71,747,79,520,70,0.0,0.0,0.0
True,True,50.0,50.0,485711,-1,1,-3,3,0,2,4,1.6,1.9,0,Benjamin,3.2,681,False,Shin injury - 50% chance of playing,2026-05-03T23:00:09.426303Z,72,485711.jpg,3.7,False,Sesko,5.0,False,,d,14,1,111,1376451,330,1827381,22029,0.4,15.4,Šeško,,195.0,2025-08-09,2003-05-31,False,p485711,1630,11,2,2,30,0,0,0,2,0,0,19,405,483.8,156.1,803.0,143.4,20,39,5,64,17,9.21,0.28,9.48,27.05,,,,,,,[],https://www.manutd.com/en/news/united-team-news-for-forest-match-17-may-2026?utm_source=premier_league&utm_medium=referral&utm_campaign=fantasy&utm_content=injuries-flag,134,13,237,27,12,6,60,14,0.51,0.0,0.02,0.53,1.49,1.66,32,12,111,14,96,8,77,15,0.94,0.11,3.53
True,True,,,465247,0,0,1,-1,0,1,1,3.8,4.3,1,Senne,3.8,733,False,,,51,465247.jpg,3.3,False,Lammens,3.5,False,,a,14,1,103,736325,6731,384933,2562,0.7,20.2,Lammens,,21.0,2025-09-01,2002-07-07,False,p465247,2790,0,0,7,39,0,0,0,0,0,77,11,388,617.4,0.0,2.0,61.9,26,219,1,0,31,0.00,0.00,0.00,38.46,,,,,,,[],,71,15,816,96,462,2,256,15,0.0,2.48,0.0,0.0,1.24,1.26,235,8,74,9,149,20,99,17,1.0,0.23,0.0
True,True,100.0,100.0,576628,0,0,0,0,0,0,3,0.0,0.5,0,Shea,0.0,755,False,,2026-01-11T22:30:11.118984Z,45,576628.jpg,1.0,False,Lacey,0.0,False,,a,14,1,2,3733,36,2921,11,0.0,0.4,Lacey,,241.0,2025-05-26,2007-04-14,False,p576628,12,0,0,0,0,0,0,0,0,0,0,0,8,4.0,1.5,11.0,1.5,0,0,1,1,0,0.07,0.00,0.07,0.11,,,,,,,[],,491,222,478,230,421,206,488,221,0.52,0.0,0.0,0.52,0.82,0.0,483,296,672,260,494,222,728,303,0.0,0.0,7.5
True,True,,,576620,0,0,0,0,0,0,3,0.0,0.5,0,Bendito,0.0,769,False,,,45,576620.jpg,1.0,False,Mantato,0.0,False,,a,14,1,1,575,6,414,4,0.0,0.2,Bendito Mantato,,241.0,2025-04-30,2008-01-25,False,p576620,15,0,0,0,0,0,0,0,0,0,0,0,3,2.2,11.7,0.0,1.4,0,0,0,0,0,0.00,0.01,0.01,0.05,,,,,,,[],,503,229,429,211,726,305,492,225,0.0,0.0,0.06,0.06,0.3,0.0,482,295,671,259,493,221,781,337,0.0,0.0,0.0
True,True,,,519913,0,0,-1,1,0,0,3,0.0,0.5,0,Tyler,0.0,771,False,,,44,519913.jpg,1.0,False,Fletcher,0.0,False,,a,14,1,1,2481,22,1681,9,0.0,0.2,Fletcher,Tyler Fletcher,243.0,2025-05-26,2007-03-19,False,p519913,1,0,0,0,0,0,0,0,0,0,0,0,3,0.4,1.0,0.0,0.1,0,0,0,0,0,0.00,0.01,0.01,0.02,,,,,,,[],,516,234,482,232,658,254,521,237,0.0,0.0,0.9,0.9,1.8,0.0,559,338,596,205,483,212,739,310,0.0,0.0,0.0
True,True,,,576637,0,0,0,0,0,0,2,0.0,0.5,0,Godwill,0.0,788,False,,,40,576637.jpg,0.0,False,Kukonki,0.0,False,,a,14,1,0,598,8,556,12,0.0,0.0,Kukonki,,241.0,2024-12-03,2008-02-06,False,p576637,0,0,0,0,0,0,0,0,0,0,0,0,0,0.0,0.0,0.0,0.0,0,0,0,0,0,0.00,0.00,0.00,0.00,,,,,,,[],,620,234,614,234,584,231,623,235,0.0,0.0,0.0,0.0,0.0,0.0,732,194,508,201,631,234,719,250,0.0,0.0,0.0
True,True,,,576634,0,0,0,0,0,0,3,0.0,0.5,0,Jim,0.0,827,False,,,45,576634.jpg,0.0,False,Thwaites,0.0,False,,a,14,1,0,93,4,25,1,0.0,0.0,Thwaites,,241.0,2025-05-26,2007-12-20,False,p576634,0,0,0,0,0,0,0,0,0,0,0,0,0,0.0,0.0,0.0,0.0,0,0,0,0,0,0.00,0.00,0.00,0.00,,,,,,,[],,745,308,741,310,727,306,746,309,0.0,0.0,0.0,0.0,0.0,0.0,484,297,673,261,749,311,828,368,0.0,0.0,0.0
True,True,100.0,100.0,232653,0,0,-2,2,0,0,3,4.0,4.0,9,Jacob,4.0,52,False,,2026-02-25T08:00:07.432091Z,53,232653.jpg,2.1,False,Ramsey,0.2,False,,a,15,4,58,35704,458,82011,79,0.8,10.9,J.Ramsey,,241.0,2025-08-17,2001-05-28,False,p232653,1351,2,3,1,29,0,0,0,3,1,0,3,282,282.0,326.3,165.0,77.3,20,79,36,135,14,1.20,1.42,2.62,25.43,,,,,,,[],,253,108,122,84,219,118,206,97,0.08,0.0,0.09,0.17,1.69,1.93,186,119,64,30,335,144,361,122,0.93,0.07,8.99
True,True,100.0,100.0,216646,0,0,-2,2,0,0,4,1.5,1.5,1,Yoane,1.5,135,False,,2026-02-15T00:30:06.766337Z,73,216646.jpg,1.5,False,Wissa,0.6,False,,a,15,4,27,245621,390,461072,294,0.2,3.7,Wissa,,50.0,2025-09-01,1996-09-03,False,p216646,493,1,1,1,10,0,0,0,2,0,0,0,68,56.0,36.3,161.0,24.1,3,13,5,21,4,3.13,0.54,3.67,9.38,,,,,,,[],,425,49,386,51,224,46,382,48,0.57,0.0,0.1,0.67,1.71,1.83,23,9,239,32,425,51,250,36,0.73,0.18,3.83
True,True,100.0,100.0,98747,0,0,0,0,0,1,1,3.0,3.0,4,Nick,3.0,469,False,,2025-11-30T11:00:09.029807Z,50,98747.jpg,3.6,False,Pope,4.3,False,,a,15,4,94,1539734,2202,1611339,698,0.6,18.8,Pope,,241.0,2022-06-23,1992-04-19,False,p98747,2326,0,1,7,36,0,0,0,2,0,85,3,402,643.8,0.0,35.0,68.0,34,242,1,0,26,0.16,0.00,0.16,31.08,,,,,,,[],,63,14,801,95,365,1,237,13,0.01,3.29,0.0,0.01,1.2,1.39,245,10,122,14,101,11,88,16,1.01,0.27,0.0
True,True,,,81441,0,0,-1,1,0,0,1,0.0,0.0,0,Mark,0.0,471,False,,,39,81441.jpg,0.0,False,Gillespie,0.1,False,,a,15,4,0,7303,25,11488,13,0.0,0.0,Gillespie,,241.0,2020-07-27,1992-03-27,False,p81441,0,0,0,0,0,0,0,0,0,0,0,0,0,0.0,0.0,0.0,0.0,0,0,0,0,0,0.00,0.00,0.00,0.00,,,,,,,[],,544,45,530,26,498,12,547,45,0.0,0.0,0.0,0.0,0.0,0.0,760,72,421,31,556,45,446,64,0.0,0.0,0.0
True,False,0.0,0.0,111452,0,0,0,0,0,0,1,0.0,0.0,0,Odysseas,0.0,472,False,Has joined Sevilla on loan for the rest of the season.,2025-08-13T15:41:50.078613Z,40,111452.jpg,0.0,False,Vlachodimos,0.0,False,,u,15,4,0,0,0,2522,4,0.0,0.0,Odysseas,,83.0,2024-07-01,1994-04-26,False,p111452,0,0,0,0,0,0,0,0,0,0,0,0,0,0.0,0.0,0.0,0.0,0,0,0,0,0,0.00,0.00,0.00,0.00,,,,,,,[],,578,68,570,55,539,41,581,68,0.0,0.0,0.0,0.0,0.0,0.0,679,45,462,56,590,68,730,84,0.0,0.0,0.0
True,True,100.0,100.0,487838,0,0,-2,2,0,1,2,1.0,1.0,1,Lewis,1.0,473,False,,2026-01-02T13:00:09.395222Z,53,487838.jpg,2.7,False,Hall,3.3,False,,a,15,4,78,963178,2029,786663,3024,0.2,14.7,Hall,,241.0,2024-07-01,2004-09-08,False,p487838,2086,1,2,4,37,0,0,0,4,0,0,4,341,539.6,406.1,191.0,113.7,113,129,53,166,23,0.99,2.68,3.67,35.91,2.0,,1.0,,,,[],,106,50,79,20,188,46,104,28,0.04,0.0,0.12,0.16,1.55,1.6,197,25,278,101,246,96,101,33,0.99,0.17,7.16
True,True,0.0,0.0,119471,0,0,-3,3,0,0,2,0.0,0.0,0,Fabian,0.0,474,False,Ankle injury - Expected back 01 Jun,2026-01-09T17:30:12.168949Z,52,119471.jpg,3.2,False,Schär,1.1,False,,i,15,4,51,297271,18,499338,135,0.0,9.8,Schär,,207.0,2018-07-26,1991-12-20,False,p119471,1089,0,0,4,13,0,0,0,1,0,0,0,186,291.2,63.6,108.0,46.4,101,42,14,115,11,0.97,0.60,1.57,13.85,,,4.0,,,,[],https://www.newcastleunited.com/en/news/eddie-howes-team-news-update-hall-and-joelinton-latest-ahead-of-hammers-clash?utm_source=premier_league&utm_medium=referral&utm_campaign=fantasy&utm_content=injuries-flag,244,95,347,120,270,76,314,106,0.08,0.0,0.05,0.13,1.14,1.07,202,27,786,263,163,62,188,72,0.91,0.33,9.5
True,True,100.0,100.0,220237,0,0,-1,1,0,0,2,4.0,4.0,4,Sven,4.0,475,False,,2026-03-24T00:00:11.040133Z,49,220237.jpg,3.6,False,Botman,0.4,False,,a,15,4,86,98234,1006,114042,181,0.8,17.6,Botman,,152.0,2022-06-28,2000-01-12,False,p220237,1744,1,1,5,25,1,0,0,2,0,0,6,323,561.2,85.1,190.0,83.7,185,88,20,205,20,1.73,0.86,2.59,25.77,,,,,,,[],,92,39,309,102,191,47,184,63,0.09,0.0,0.04,0.13,1.33,1.29,306,48,60,19,99,38,279,107,1.03,0.26,10.58
True,True,100.0,100.0,78916,0,0,0,0,0,1,2,3.2,3.2,1,Dan,3.2,476,False,,2025-12-15T01:30:08.656752Z,50,78916.jpg,3.3,False,Burn,3.5,False,,a,15,4,92,1577107,1685,1702676,1100,0.6,18.4,Burn,,241.0,2022-01-31,1992-05-09,False,p78916,2112,1,3,6,34,0,0,0,9,1,0,5,279,512.6,106.5,186.0,80.7,182,72,38,220,24,1.08,0.36,1.44,28.57,,,,,,,[],,117,54,289,90,194,49,196,68,0.05,0.0,0.02,0.07,1.22,1.45,243,37,104,34,148,53,98,32,1.02,0.26,9.38
True,True,0.0,0.0,441191,0,0,-1,1,0,0,2,0.0,0.0,0,Tino,0.0,477,False,Thigh injury - Expected back 01 Jun,2026-04-18T18:00:09.221277Z,49,441191.jpg,3.5,False,Livramento,1.8,False,,i,15,4,59,1106560,8,1395330,304,0.0,12.0,Livramento,,241.0,2023-08-08,2002-11-12,False,p441191,1326,0,1,6,14,0,0,0,1,0,0,3,252,219.4,199.7,42.0,46.1,46,81,22,68,14,0.13,0.89,1.02,18.62,,,,,,,[],https://www.newcastleunited.com/en/news/eddie-howes-team-news-update-schaer-and-livramento-injury-latest-ahead-of-forest?utm_source=premier_league&utm_medium=referral&utm_campaign=fantasy&utm_content=injuries-flag,288,114,199,52,354,118,316,107,0.01,0.0,0.06,0.07,1.26,0.95,321,52,750,257,115,43,144,57,0.95,0.41,4.62
True,True,100.0,100.0,77794,0,0,-1,1,0,0,2,0.8,0.8,2,Kieran,0.8,478,False,,2025-11-28T18:30:07.183281Z,49,77794.jpg,2.6,False,Trippier,1.4,False,,a,15,4,54,263791,295,387640,231,0.2,11.0,Trippier,,241.0,2022-01-07,1990-09-19,False,p77794,1586,0,1,5,27,0,0,0,3,0,0,2,225,288.0,488.5,14.0,79.0,57,74,25,82,18,0.08,2.06,2.14,21.28,4.0,,2.0,,,,[],,248,98,55,8,412,154,201,71,0.0,0.0,0.12,0.12,1.21,1.53,283,43,302,114,257,99,169,68,1.02,0.28,4.65
True,True,0.0,0.0,111773,0,0,-2,2,0,0,2,0.0,0.0,0,Emil,0.0,479,False,Knee injury - Unknown return date,2025-11-28T19:00:08.647206Z,43,111773.jpg,0.0,False,Krafth,0.0,False,,i,15,4,0,1716,11,5353,5,0.0,0.0,Krafth,,206.0,2019-08-08,1994-08-02,False,p111773,45,0,0,0,2,0,0,0,0,0,0,0,-8,1.4,1.2,0.0,0.3,1,0,0,1,1,0.00,0.00,0.00,0.25,,,,,,,[],https://www.newcastleunited.com/en/news/eddie-howes-team-news-update-livramento-latest-ahead-of-carabao-cup-semi-final-first-leg?utm_source=premier_league&utm_medium=referral&utm_campaign=fantasy&utm_content=injuries-flag,507,180,481,174,623,254,512,179,0.0,0.0,0.0,0.0,0.5,4.0,583,123,551,231,662,255,629,224,2.0,0.0,2.0
True,False,0.0,0.0,101148,0,0,-2,2,0,0,2,0.0,0.0,0,Jamaal,0.0,480,False,has joined Leicester City permanently.,2025-12-19T14:00:09.135296Z,43,101148.jpg,0.5,False,Lascelles,0.0,False,,u,15,4,1,2754,0,9162,8,0.0,0.2,Lascelles,,241.0,2014-08-04,1993-11-11,False,p101148,19,0,0,0,2,0,0,0,0,0,0,0,0,10.2,0.0,7.0,1.7,5,0,0,5,0,0.04,0.00,0.04,0.55,,,,,,,[],,472,172,648,255,432,165,484,172,0.19,0.0,0.0,0.19,2.61,9.47,581,121,550,230,529,181,596,213,0.0,0.0,23.68
True,True,,,545477,0,0,-2,2,0,0,2,0.0,0.0,0,Alex,0.0,481,False,,,38,545477.jpg,1.0,False,Murphy,0.7,False,,a,15,4,1,82255,126,109072,165,0.0,0.3,A.Murphy,Alex Murphy,104.0,2023-07-19,2004-06-25,False,p545477,1,0,0,0,1,0,0,0,0,0,0,0,-1,2.2,0.0,0.0,0.2,1,0,0,1,0,0.00,0.00,0.00,0.27,,,,,,,[],,502,178,521,196,488,190,515,180,0.0,0.0,0.0,0.0,24.3,90.0,822,254,413,156,464,167,237,90,0.0,0.0,90.0
True,False,0.0,0.0,441024,0,0,-1,1,0,0,2,0.0,0.0,0,Harrison,0.0,482,False,has joined Bradford City on loan for the rest of the season.,2026-01-15T12:50:45.925899Z,39,441024.jpg,0.0,False,Ashby,0.1,False,,u,15,4,0,8541,0,17369,7,0.0,0.0,Ashby,,243.0,2023-01-31,2001-11-14,False,p441024,0,0,0,0,0,0,0,0,0,0,0,0,0,0.0,0.0,0.0,0.0,0,0,0,0,0,0.00,0.00,0.00,0.00,,,,,,,[],,553,202,541,202,509,197,556,203,0.0,0.0,0.0,0.0,0.0,0.0,775,222,432,163,565,203,467,173,0.0,0.0,0.0
True,True,,,578512,0,0,-2,2,0,0,2,0.0,0.0,0,Miodrag,0.0,483,False,,,38,578512.jpg,0.0,False,Pivaš,0.4,False,,a,15,4,0,68092,74,53128,110,0.0,0.0,Pivas,,,,,False,p578512,0,0,0,0,0,0,0,0,0,0,0,0,0,0.0,0.0,0.0,0.0,0,0,0,0,0,0.00,0.00,0.00,0.00,,,,,,,[],,538,198,523,198,491,193,541,199,0.0,0.0,0.0,0.0,0.0,0.0,826,258,415,158,550,199,300,112,0.0,0.0,0.0
True,False,0.0,0.0,169359,0,0,0,0,0,0,2,0.0,0.0,0,Matt,0.0,484,False,has joined Middlesbrough on loan for the rest of the season.,2025-09-02T12:49:12.555659Z,40,169359.jpg,0.0,False,Targett,0.1,False,,u,15,4,0,3759,0,45652,15,0.0,0.0,Targett,,241.0,2022-07-01,1995-09-18,False,p169359,0,0,0,0,0,0,0,0,0,0,0,0,0,0.0,0.0,0.0,0.0,0,0,0,0,0,0.00,0.00,0.00,0.00,,,,,,,[],,580,213,572,213,541,209,583,214,0.0,0.0,0.0,0.0,0.0,0.0,682,166,464,178,592,214,436,163,0.0,0.0,0.0
True,True,100.0,100.0,232826,0,0,-2,2,0,3,3,0.0,0.0,0,Anthony,0.0,485,False,,2026-04-18T18:00:09.233762Z,73,232826.jpg,3.9,False,Gordon,3.3,False,,a,15,4,101,2422659,1379,2277388,7123,0.0,13.8,Gordon,,241.0,2023-01-29,2001-02-24,False,p232826,1798,6,4,8,30,0,0,0,3,1,0,10,352,393.8,404.2,514.0,130.9,16,56,19,91,24,8.77,3.38,12.15,24.78,,,,,1.0,,[],,182,69,81,59,46,27,81,50,0.44,0.0,0.17,0.61,1.24,1.5,27,16,835,377,75,37,103,34,1.2,0.4,4.56
True,True,100.0,100.0,449434,0,0,-5,5,0,0,3,0.5,0.5,1,Anthony,0.5,486,False,,2026-01-15T19:30:10.210181Z,65,449434.jpg,1.5,False,Elanga,2.6,False,,a,15,4,47,584670,234,1204983,489,0.1,7.2,Elanga,,206.0,2025-07-11,2002-04-27,False,p449434,1278,0,1,2,27,0,0,0,0,0,0,0,174,129.6,266.2,183.0,57.5,9,31,14,54,14,1.65,1.71,3.36,20.52,5.0,,,,,,[],,360,163,159,105,200,105,273,136,0.12,0.0,0.12,0.24,1.45,1.9,53,34,344,152,424,184,116,38,0.99,0.14,3.8
True,True,,,201666,0,0,-4,4,0,2,3,4.8,4.8,5,Harvey,4.8,487,False,,,61,201666.jpg,2.9,False,Barnes,1.2,False,,a,15,4,105,789981,2686,721434,841,0.8,17.2,Barnes,,241.0,2023-07-23,1997-12-09,False,p201666,1906,7,1,5,30,0,0,0,1,0,0,9,347,402.8,373.9,667.0,144.0,20,67,13,100,19,6.76,2.69,9.45,29.61,,,,,,,[],,175,66,97,69,27,12,59,37,0.32,0.0,0.13,0.45,1.4,1.42,80,52,42,17,211,83,183,65,0.9,0.24,4.72
True,True,100.0,100.0,208706,0,0,4,-4,0,4,3,4.5,4.5,4,Bruno,4.5,488,False,,2026-02-11T13:00:10.101461Z,69,208706.jpg,5.5,False,Guimarães Rodriguez Moura,6.2,False,,a,15,4,153,4328402,7723,3867284,3362,0.7,22.2,Bruno G.,Bruno Guimarães,30.0,2022-01-30,1997-11-16,False,p208706,2391,9,7,6,36,0,0,0,5,0,0,22,673,780.0,752.8,479.0,201.4,55,130,62,247,26,5.57,4.91,10.48,30.77,3.0,,5.0,,2.0,,[],,30,9,18,17,55,30,21,16,0.21,0.0,0.18,0.39,1.16,1.36,38,23,46,20,5,2,68,25,0.98,0.23,9.3
True,True,100.0,100.0,114243,0,0,-6,6,0,0,3,3.5,3.5,1,Jacob,3.5,489,False,,2026-01-14T01:00:09.974413Z,59,114243.jpg,2.5,False,Murphy,0.6,False,,a,15,4,81,173002,209,354337,357,0.6,13.7,J.Murphy,Jacob Murphy,241.0,2017-07-19,1995-02-24,False,p114243,1561,3,2,8,19,0,0,0,2,0,0,5,310,329.8,391.6,344.0,105.5,26,47,16,89,18,3.07,2.63,5.70,23.23,,,,,,,[],,222,92,89,64,88,51,126,69,0.18,0.0,0.15,0.33,1.34,1.1,89,57,92,44,280,114,241,85,1.04,0.46,5.13
True,True,0.0,75.0,180974,0,0,-1,1,0,0,3,0.0,1.1,0,Joelinton Cássio,1.5,490,False,Thigh injury - Expected back 01 Jun,2026-05-15T09:30:09.697934Z,59,180974.jpg,2.7,False,Apolinário de Lira,0.3,False,,i,15,4,73,82425,10,112142,285,0.3,12.4,Joelinton,Joelinton,30.0,2019-07-24,1996-08-14,False,p180974,1950,2,1,5,27,0,0,0,10,0,0,2,304,324.4,296.3,329.0,95.0,73,122,43,238,23,2.36,1.35,3.71,28.75,,,,,,,[],https://www.newcastleunited.com/en/video/959724?utm_source=premier_league&utm_medium=referral&utm_campaign=fantasy&utm_content=injuries-flag,224,94,142,96,94,55,155,80,0.11,0.0,0.06,0.17,1.33,1.25,92,60,235,102,248,99,331,112,1.06,0.23,10.98
True,True,25.0,100.0,432422,0,0,-2,2,0,0,3,0.4,1.5,1,Sandro,1.5,491,False,Hamstring injury - 25% chance of playing,2026-05-17T22:00:09.690694Z,53,432422.jpg,2.3,False,Tonali,1.1,False,,d,15,4,81,230078,204,337531,1391,0.3,15.3,Tonali,,106.0,2023-07-03,2000-05-08,False,p432422,2534,0,2,7,38,0,0,0,4,0,0,2,477,398.0,534.1,198.0,113.4,75,147,35,257,31,1.75,2.87,4.62,36.19,1.0,,3.0,,,,[],https://www.newcastleunited.com/en/video/959724?utm_source=premier_league&utm_medium=referral&utm_campaign=fantasy&utm_content=injuries-flag,180,68,48,42,181,97,106,60,0.06,0.0,0.1,0.16,1.29,1.35,189,120,231,99,308,132,195,69,1.1,0.25,9.13
True,False,0.0,0.0,640108,0,0,-1,1,0,0,3,0.0,0.0,0,Antoñito,0.0,492,False,has joined Cadiz on loan for the rest of the season.,2025-09-22T21:20:47.006379Z,49,640108.jpg,0.0,False,Cordero Campillo,0.0,False,,u,15,4,0,655,0,3592,0,0.0,0.0,Antoñito C.,,200.0,2025-07-01,2006-11-14,False,p640108,0,0,0,0,0,0,0,0,0,0,0,0,0,0.0,0.0,0.0,0.0,0,0,0,0,0,0.00,0.00,0.00,0.00,,,,,,,[],,801,352,798,353,794,351,801,352,0.0,0.0,0.0,0.0,0.0,0.0,342,214,761,327,802,353,687,274,0.0,0.0,0.0
True,True,100.0,100.0,200089,0,0,0,0,0,0,3,2.0,2.0,4,Joe,2.0,494,False,,2025-08-10T23:30:07.136690Z,50,200089.jpg,1.6,False,Willock,0.1,False,,a,15,4,36,14944,48,14358,53,0.4,7.2,Willock,,241.0,2021-08-13,1999-08-20,False,p200089,882,0,2,3,16,0,0,0,3,0,0,0,153,127.6,198.0,180.0,50.5,14,51,18,83,9,1.11,1.03,2.14,16.02,,,,,,,[],,365,165,202,130,204,107,295,149,0.11,0.0,0.11,0.22,1.63,1.63,249,148,185,78,409,175,504,185,0.92,0.31,8.47
True,False,0.0,0.0,153127,0,0,0,0,0,0,3,0.0,0.0,0,Isaac,0.0,495,False,Has departed the club as a free agent.,2025-08-11T01:17:33.103826Z,45,153127.jpg,0.0,False,Hayden,0.0,False,,u,15,4,0,0,0,1613,0,0.0,0.0,Hayden,,107.0,2016-07-11,1995-03-22,False,p153127,0,0,0,0,0,0,0,0,0,0,0,0,0,0.0,0.0,0.0,0.0,0,0,0,0,0,0.00,0.00,0.00,0.00,,,,,,,[],,698,268,695,272,676,264,700,270,0.0,0.0,0.0,0.0,0.0,0.0,415,251,617,217,705,274,778,335,0.0,0.0,0.0
True,False,0.0,0.0,564510,0,0,-1,1,0,0,3,0.0,0.0,0,Garang,0.0,496,False,has joined Sparta Prague permanently.,2025-09-22T21:20:47.021681Z,44,564510.jpg,0.0,False,Kuol,0.0,False,,u,15,4,0,2219,0,7451,3,0.0,0.0,Kuol,,13.0,2023-01-01,2004-09-15,False,p564510,0,0,0,0,0,0,0,0,0,0,0,0,0,0.0,0.0,0.0,0.0,0,0,0,0,0,0.00,0.00,0.00,0.00,,,,,,,[],,686,261,683,265,664,257,688,263,0.0,0.0,0.0,0.0,0.0,0.0,568,343,602,208,694,268,643,249,0.0,0.0,0.0
True,True,0.0,0.0,547719,0,0,-1,1,0,1,3,0.0,0.0,0,Lewis,1.0,497,False,Leg injury - Expected back 01 Jul,2026-05-06T11:00:09.926175Z,44,547719.jpg,3.1,False,Miley,1.7,False,,i,15,4,72,681354,41,760416,2550,0.2,16.4,L.Miley,,241.0,2023-02-01,2006-05-01,False,p547719,1493,1,4,2,22,0,0,0,0,0,0,5,334,342.6,251.4,136.0,73.0,57,69,29,155,15,1.36,2.10,3.46,21.22,,,,,,,[],https://www.newcastleunited.com/en/news/injury-update-lewis-miley?utm_source=premier_league&utm_medium=referral&utm_campaign=fantasy&utm_content=injuries-flag,209,82,165,108,240,132,221,105,0.08,0.0,0.13,0.21,1.28,1.33,566,342,268,111,175,68,151,49,0.9,0.12,9.34
True,False,0.0,0.0,461484,0,0,0,0,0,0,3,0.0,0.0,0,Joe,0.0,498,False,has joined Bradford City on loan for the rest of the season.,2026-01-15T12:50:45.940034Z,45,461484.jpg,0.0,False,White,0.0,False,,u,15,4,0,117,0,1263,1,0.0,0.0,White,,241.0,2024-01-29,2002-10-01,False,p461484,0,0,0,0,0,0,0,0,0,0,0,0,0,0.0,0.0,0.0,0.0,0,0,0,0,0,0.00,0.00,0.00,0.00,,,,,,,[],,712,278,710,282,693,275,714,280,0.0,0.0,0.0,0.0,0.0,0.0,440,262,635,228,719,284,782,338,0.0,0.0,0.0
True,True,100.0,100.0,538207,1,-1,0,0,0,1,4,6.5,6.5,13,William,6.5,500,False,,2025-11-06T09:30:08.761577Z,55,538207.jpg,3.2,False,Osula,1.3,False,,a,15,4,74,240885,26272,118502,1416,1.2,13.5,Osula,,58.0,2024-08-08,2003-08-04,False,p538207,740,7,1,2,13,0,0,0,0,0,0,13,275,255.6,82.5,282.0,61.9,2,22,5,29,7,4.28,0.62,4.90,13.26,,,,,,,[],,270,26,319,39,118,30,257,32,0.52,0.0,0.08,0.6,1.61,1.58,146,37,10,2,169,16,178,27,0.85,0.24,3.53
True,True,,,599303,0,0,-2,2,0,0,4,0.0,0.0,0,Sean,0.0,501,False,,,43,599303.jpg,0.0,False,Neave,0.3,False,,a,15,4,0,27453,87,38424,58,0.0,0.0,Neave,,241.0,2025-02-07,2007-05-27,False,p599303,0,0,0,0,0,0,0,0,0,0,0,0,0,0.0,0.0,0.0,0.0,0,0,0,0,0,0.00,0.00,0.00,0.00,,,,,,,[],,663,68,661,67,638,67,665,68,0.0,0.0,0.0,0.0,0.0,0.0,623,87,574,61,674,69,352,56,0.0,0.0,0.0
True,True,,,225321,0,0,-2,2,0,0,1,0.0,0.0,0,Aaron,0.0,674,False,,,48,225321.jpg,2.1,False,Ramsdale,0.8,False,,a,15,4,25,145512,167,175964,498,0.0,5.2,Ramsdale,,241.0,2025-08-02,1998-05-14,False,p225321,1003,0,0,1,17,0,0,0,2,0,25,1,107,212.8,10.0,0.0,22.3,10,89,0,0,11,0.00,0.00,0.00,18.83,,,,,,,[],,294,25,442,15,776,89,387,25,0.0,2.24,0.0,0.0,1.69,1.53,358,14,726,94,332,31,225,29,0.99,0.09,0.0
True,True,,,465642,0,0,-1,1,0,3,2,2.0,2.0,2,Malick,2.0,684,False,,,49,465642.jpg,3.7,False,Thiaw,4.8,False,,a,15,4,125,1915465,2553,1340082,4666,0.4,25.5,Thiaw,,80.0,2025-08-12,2001-08-08,False,p465642,2873,4,0,5,50,0,0,0,4,0,0,12,426,850.2,112.5,409.0,136.9,243,112,43,286,32,4.80,0.95,5.75,47.40,,,,,,,[],,18,6,281,83,70,4,69,13,0.15,0.0,0.03,0.18,1.48,1.57,325,53,181,67,91,34,81,25,1.0,0.16,8.96
True,True,,,623110,0,0,-2,2,0,0,3,0.0,0.0,0,Seung-Soo,0.0,689,False,,,43,623110.jpg,0.0,False,Park,0.5,False,,a,15,4,0,99945,347,69003,363,0.0,0.0,Seung soo,Park Seung-Soo,114.0,2025-07-26,2007-03-17,False,p623110,0,0,0,0,0,0,0,0,0,0,0,0,0,0.0,0.0,0.0,0.0,0,0,0,0,0,0.00,0.00,0.00,0.00,,,,,,,[],,666,249,664,255,641,244,668,251,0.0,0.0,0.0,0.0,0.0,0.0,627,375,577,195,677,259,273,92,0.0,0.0,0.0
True,True,100.0,100.0,470313,0,0,-3,3,0,1,4,2.8,2.8,8,Nick,2.8,714,False,,2026-03-03T10:30:08.702662Z,67,470313.jpg,3.3,False,Woltemade,6.4,False,,a,15,4,106,5470527,3627,4839713,1656,0.4,15.8,Woltemade,,80.0,2025-08-30,2002-02-14,False,p470313,1819,8,4,8,28,1,0,0,0,0,0,12,390,440.6,282.6,423.0,113.5,28,53,23,104,23,6.59,1.46,8.05,24.24,,,,,3.0,,[],,151,16,152,13,64,26,105,18,0.33,0.0,0.07,0.4,1.2,1.39,46,16,144,18,153,14,64,11,1.14,0.4,5.15
True,True,,,19236,0,0,0,0,0,0,1,0.0,0.0,0,John,0.0,753,False,,,40,19236.jpg,0.0,False,Ruddy,0.0,False,,a,15,4,0,1993,17,1332,13,0.0,0.0,Ruddy,,241.0,2024-07-01,1986-10-24,False,p19236,0,0,0,0,0,0,0,0,0,0,0,0,0,0.0,0.0,0.0,0.0,0,0,0,0,0,0.00,0.00,0.00,0.00,,,,,,,[],,573,64,562,48,531,34,576,64,0.0,0.0,0.0,0.0,0.0,0.0,670,38,455,51,585,64,681,82,0.0,0.0,0.0
True,True,,,553746,0,0,0,0,0,0,2,0.0,0.0,0,Leo,0.0,765,False,,,40,553746.jpg,0.0,False,Shahar,0.0,False,,a,15,4,0,4785,30,3136,23,0.0,0.0,Shahar,,241.0,2024-08-08,2007-03-18,False,p553746,0,0,0,0,0,0,0,0,0,0,0,0,0,0.0,0.0,0.0,0.0,0,0,0,0,0,0.00,0.00,0.00,0.00,,,,,,,[],,617,231,611,231,581,228,620,232,0.0,0.0,0.0,0.0,0.0,0.0,729,191,505,198,628,231,637,228,0.0,0.0,0.0
True,True,,,666607,0,0,0,0,0,0,3,0.0,0.0,0,Sam,0.0,772,False,,,45,666607.jpg,0.0,False,Alabi,0.0,False,,a,15,4,0,806,13,507,9,0.0,0.0,Alabi,,241.0,2025-11-24,2009-07-09,False,p666607,0,0,0,0,0,0,0,0,0,0,0,0,0,0.0,0.0,0.0,0.0,0,0,0,0,0,0.00,0.00,0.00,0.00,,,,,,,[],,775,332,770,333,756,329,775,332,0.0,0.0,0.0,0.0,0.0,0.0,520,325,703,286,776,333,772,330,0.0,0.0,0.0
True,False,0.0,0.0,206325,0,0,-1,1,0,0,2,0.0,0.0,0,Oleksandr,0.0,12,False,has joined Ajax permanently.,2026-02-04T16:19:07.883535Z,49,206325.jpg,1.4,False,Zinchenko,0.2,False,,u,16,17,7,26902,0,54078,18,0.0,1.4,Zinchenko,,225.0,2025-09-01,1996-12-15,False,p206325,352,0,0,0,6,0,0,0,0,0,0,0,56,80.8,83.4,22.0,18.6,14,17,10,24,4,0.07,0.36,0.43,5.02,,,,,,,[],,404,151,316,104,392,139,396,140,0.02,0.0,0.09,0.11,1.28,1.53,299,46,739,255,432,156,373,134,1.02,0.0,6.14
True,True,100.0,100.0,88248,0,0,-3,3,0,0,1,0.0,-0.5,0,Stefan,0.0,400,False,,2026-03-01T22:00:07.672573Z,47,88248.jpg,3.7,False,Ortega Moreno,0.2,False,,a,16,17,11,14569,106,27861,88,0.0,2.3,Ortega Moreno,,80.0,2026-02-01,1992-11-06,False,p88248,270,0,0,1,4,0,0,0,0,0,8,0,38,68.6,0.0,0.0,6.9,1,8,0,0,3,0.00,0.01,0.01,4.65,,,,,,,[],,409,33,777,92,766,84,449,33,0.0,2.67,0.0,0.0,1.55,1.33,376,16,713,91,88,10,386,55,1.0,0.33,0.0
True,True,,,432714,0,0,-5,5,0,0,3,1.8,1.3,1,James,1.8,426,False,,,50,432714.jpg,1.2,False,McAtee,0.1,False,,a,16,17,16,13811,39,27319,21,0.4,3.2,McAtee,,241.0,2025-08-16,2002-10-18,False,p432714,276,0,1,0,9,0,0,0,1,0,0,0,58,51.4,78.9,37.0,16.8,7,15,7,29,2,0.18,0.37,0.55,7.20,,,,,5.0,,[],,427,184,326,177,360,185,401,184,0.06,0.0,0.12,0.18,2.35,2.93,258,155,203,85,451,200,502,183,0.65,0.0,9.46
True,True,100.0,100.0,85633,0,0,-4,4,0,0,1,5.0,4.5,2,Matz,5.0,502,False,,2026-02-02T00:30:11.021589Z,46,85633.jpg,3.4,False,Sels,5.0,False,,a,16,17,102,482973,3092,2077015,899,1.1,22.2,Sels,,21.0,2024-02-01,1992-02-26,False,p85633,2577,0,0,7,38,0,1,0,2,0,92,3,420,705.6,10.0,0.0,71.6,25,193,1,0,29,0.00,0.06,0.06,44.17,,,,,,,[],,46,12,439,12,763,81,226,12,0.0,3.21,0.0,0.0,1.54,1.33,396,19,33,2,131,17,78,12,1.01,0.24,0.0
True,False,0.0,0.0,475123,0,0,0,0,0,0,1,0.0,0.0,0,Carlos Miguel,0.0,503,False,Has joined Palmeiras permanently.,2025-08-20T13:32:34.630338Z,40,475123.jpg,0.0,False,dos Santos Pereira,0.1,False,,u,16,17,0,448,0,15904,3,0.0,0.0,C.Miguel,,30.0,2024-07-09,1998-10-09,False,p475123,0,0,0,0,0,0,0,0,0,0,0,0,0,0.0,0.0,0.0,0.0,0,0,0,0,0,0.00,0.00,0.00,0.00,,,,,,,[],,596,78,589,66,558,52,599,78,0.0,0.0,0.0,0.0,0.0,0.0,702,56,482,67,608,78,563,77,0.0,0.0,0.0
True,False,0.0,0.0,224068,0,0,0,0,0,0,1,0.0,0.0,0,Matt,0.0,504,False,Has joined Lyon permanently.,2025-08-11T01:18:09.881299Z,40,224068.jpg,0.0,False,Turner,0.1,False,,u,16,17,0,0,0,16018,13,0.0,0.0,Turner,,229.0,2023-08-09,1994-06-24,False,p224068,0,0,0,0,0,0,0,0,0,0,0,0,0,0.0,0.0,0.0,0.0,0,0,0,0,0,0.00,0.00,0.00,0.00,,,,,,,[],,583,69,576,57,545,43,586,69,0.0,0.0,0.0,0.0,0.0,0.0,687,47,468,58,595,69,537,76,0.0,0.0,0.0
True,True,,,227444,0,0,-4,4,0,0,2,3.0,2.5,1,Nikola,3.0,505,False,,,51,227444.jpg,3.1,False,Milenković,3.3,False,,a,16,17,115,415631,1302,1104309,1255,0.6,22.5,Milenković,,190.0,2024-07-18,1997-10-12,False,p227444,3285,0,1,9,50,1,0,0,6,0,0,2,391,653.0,46.5,116.0,81.7,272,103,29,301,36,0.83,0.47,1.30,54.03,,,,,,,[],,58,26,371,134,262,71,190,66,0.02,0.0,0.01,0.03,1.48,1.37,231,35,123,43,184,73,102,34,0.99,0.25,8.25
True,True,0.0,0.0,575476,0,0,-3,3,0,1,2,0.0,0.0,0,Murillo,0.0,506,False,Muscle injury - Unknown return date,2026-04-17T15:00:07.756447Z,52,575476.jpg,3.3,False,Costa dos Santos,1.8,False,,i,16,17,83,315680,27,865208,1633,0.0,16.0,Murillo,Murillo,30.0,2023-08-31,2002-07-04,False,p575476,2130,1,0,6,29,2,0,0,5,0,0,3,333,542.2,115.5,82.0,74.0,188,102,35,223,25,0.73,0.47,1.20,32.99,,,2.0,,,,[],https://www.nottinghamforest.co.uk/news/2026/may/14/team-news-for-man-utd-clash/?utm_source=premier_league&utm_medium=referral&utm_campaign=fantasy&utm_content=injuries-flag,104,49,280,82,303,93,216,77,0.03,0.0,0.02,0.05,1.39,1.23,219,32,788,264,150,54,147,59,1.06,0.25,9.42
True,True,0.0,0.0,159506,0,0,-3,3,0,2,2,0.0,0.0,0,Ola,2.2,507,False,Knock - Unknown return date,2026-05-01T15:00:10.424158Z,47,159506.jpg,3.7,False,Aina,2.1,False,,i,16,17,67,352744,11,1673278,2376,0.5,14.3,Aina,,157.0,2023-07-22,1996-10-08,False,p159506,1587,0,2,6,19,0,0,0,3,0,0,5,264,285.2,160.3,58.0,50.5,99,81,31,130,18,0.41,0.84,1.25,25.31,,,,,,,[],https://www.nottinghamforest.co.uk/news/2026/may/14/team-news-for-man-utd-clash/?utm_source=premier_league&utm_medium=referral&utm_campaign=fantasy&utm_content=injuries-flag,249,99,230,58,337,110,294,96,0.02,0.0,0.05,0.07,1.44,1.08,379,63,167,57,89,32,133,54,1.02,0.34,7.37
True,True,100.0,100.0,215136,0,0,-2,2,0,3,2,2.2,1.7,1,Neco,2.2,508,False,,2026-02-02T00:30:11.039075Z,48,215136.jpg,3.5,False,Williams,4.2,False,,a,16,17,126,686018,2164,1271435,3325,0.5,26.2,N.Williams,,244.0,2022-07-11,2001-04-13,False,p215136,3113,2,3,9,47,0,0,0,6,1,0,15,524,787.6,563.0,353.0,170.3,145,158,94,239,35,1.94,3.92,5.86,50.41,3.0,,,,,,[],,29,11,43,4,83,8,34,2,0.06,0.0,0.11,0.17,1.46,1.36,354,58,168,58,114,42,90,28,1.01,0.26,6.91
True,False,0.0,0.0,451432,0,0,0,0,0,0,2,0.0,0.0,0,David,0.0,509,False,has joined Real Oviedo on loan for the rest of the season.,2025-09-02T13:08:17.187888Z,45,451432.jpg,0.0,False,Mota Veiga Teixeira do Carmo,0.0,False,,u,16,17,0,427,0,4433,0,0.0,0.0,David Carmo,,6.0,2024-08-25,1999-07-19,False,p451432,0,0,0,0,0,0,0,0,0,0,0,0,0,0.0,0.0,0.0,0.0,0,0,0,0,0,0.00,0.00,0.00,0.00,,,,,,,[],,709,263,707,263,690,263,711,263,0.0,0.0,0.0,0.0,0.0,0.0,437,89,632,248,716,263,690,245,0.0,0.0,0.0
True,True,100.0,100.0,575458,0,0,-3,3,0,0,2,1.2,0.7,1,Jair,1.2,510,False,,2026-04-25T11:00:08.798557Z,42,575458.jpg,1.4,False,Paula da Cunha Filho,0.1,False,,a,16,17,11,3963,26,9037,21,0.3,2.6,Jair Cunha,Jair Cunha,30.0,2025-07-11,2005-03-07,False,p575458,452,0,0,0,6,0,0,0,0,0,0,0,47,98.0,15.0,29.0,14.2,35,10,9,44,5,0.27,0.06,0.33,9.55,,,,,,,[],,391,146,419,153,375,128,409,147,0.05,0.0,0.01,0.06,1.9,1.19,654,152,247,92,427,155,557,198,1.0,0.0,8.76
True,True,,,485047,0,0,-2,2,0,0,2,3.2,2.7,9,Felipe,3.2,511,False,,,43,485047.jpg,2.5,False,Rodrigues da Silva,0.1,False,,a,16,17,49,10617,464,14320,51,0.7,11.4,Morato,Morato,30.0,2024-08-30,2001-06-30,False,p485047,1250,1,0,2,22,0,0,0,5,0,0,1,182,345.0,37.3,94.0,47.6,103,51,29,132,13,1.32,0.15,1.47,23.39,,,,,,,[],,208,88,385,138,289,85,307,102,0.1,0.0,0.01,0.11,1.68,1.58,599,134,99,31,270,105,505,179,0.94,0.14,9.5
True,False,0.0,0.0,204822,0,0,0,0,0,0,2,0.0,0.0,0,Omar,0.0,512,False,has joined Rio Ave on loan for the rest of the season.,2025-09-02T12:23:02.662537Z,45,204822.jpg,0.0,False,Richards,0.0,False,,u,16,17,0,345,0,4145,1,0.0,0.0,O.Richards,,241.0,2022-07-10,1998-02-15,False,p204822,0,0,0,0,0,0,0,0,0,0,0,0,0,0.0,0.0,0.0,0.0,0,0,0,0,0,0.00,0.00,0.00,0.00,,,,,,,[],,701,261,698,261,679,260,703,261,0.0,0.0,0.0,0.0,0.0,0.0,420,80,621,245,708,261,698,248,0.0,0.0,0.0
True,True,100.0,75.0,549067,0,0,-2,2,0,0,2,0.2,-0.2,0,Zach,0.2,513,False,,2026-05-04T20:30:09.679391Z,38,549067.jpg,1.0,False,Abbott,0.2,False,,a,16,17,3,29944,33,32720,89,0.1,0.8,Abbott,,241.0,2022-08-22,2006-05-13,False,p549067,165,0,0,0,4,0,0,0,0,0,0,0,3,25.4,6.4,0.0,3.2,9,10,4,13,2,0.00,0.01,0.01,3.47,,,,,,,[],,457,167,451,162,490,192,474,171,0.0,0.0,0.01,0.01,1.89,2.18,824,256,352,126,465,168,356,130,1.09,0.0,7.09
True,True,0.0,0.0,90585,0,0,-2,2,0,0,2,0.0,0.0,0,Willy,0.0,514,False,Knee injury - Unknown return date,2026-02-12T13:30:09.114918Z,38,90585.jpg,0.0,False,Boly,0.3,False,,i,16,17,0,43636,44,70053,117,0.0,0.0,Boly,,54.0,2022-09-01,1991-02-03,False,p90585,0,0,0,0,0,0,0,0,0,0,0,0,0,0.0,0.0,0.0,0.0,0,0,0,0,0,0.00,0.00,0.00,0.00,,,,,,,[],,526,187,509,186,476,180,529,188,0.0,0.0,0.0,0.0,0.0,0.0,802,236,398,143,538,188,312,115,0.0,0.0,0.0
True,True,100.0,75.0,222531,0,0,0,0,0,2,3,6.0,4.1,7,Morgan,6.0,515,True,,2026-05-04T20:30:09.700005Z,75,222531.jpg,5.0,False,Gibbs-White,7.2,False,,a,16,17,179,2351332,39343,2078516,14697,0.8,23.9,Gibbs-White,,241.0,2022-08-19,2000-01-27,False,p222531,3011,14,4,10,44,0,0,0,1,0,0,16,685,806.4,720.9,813.0,233.8,48,107,20,175,34,10.34,2.87,13.21,48.75,,,1.0,,2.0,,[],,25,8,19,18,11,6,7,5,0.31,0.0,0.09,0.4,1.46,1.32,21,14,14,6,14,7,58,21,1.02,0.3,5.23
True,True,0.0,0.0,209046,0,0,-3,3,0,1,3,0.0,0.0,0,Callum,0.0,516,False,Muscle injury - Expected back 01 Jun,2026-04-17T15:00:07.779445Z,57,209046.jpg,2.9,False,Hudson-Odoi,0.6,False,,i,16,17,88,276600,14,357486,282,0.0,15.4,Hudson-Odoi,,241.0,2023-09-01,2000-11-07,False,p209046,1838,3,4,6,26,0,0,0,0,0,0,8,358,366.6,611.7,330.0,130.6,24,68,14,106,21,2.77,3.02,5.79,30.88,,,,,,,[],https://www.nottinghamforest.co.uk/news/2026/april/21/update-on-callum-hudson-odoi/?utm_source=premier_league&utm_medium=referral&utm_campaign=fantasy&utm_content=injuries-flag,192,76,33,30,93,54,82,51,0.14,0.0,0.15,0.29,1.51,1.27,113,71,818,365,209,81,248,89,1.03,0.29,5.19
True,True,100.0,100.0,215379,0,0,1,-1,0,3,3,8.5,8.0,12,Elliot,8.5,517,True,,2026-04-17T22:00:08.137765Z,56,215379.jpg,4.8,False,Anderson,7.7,False,,a,16,17,178,1968168,46836,1719366,2692,1.5,31.8,Anderson,,241.0,2024-07-01,2002-11-06,False,p215379,3268,4,5,10,49,0,0,0,8,0,0,16,777,903.2,931.5,309.0,214.7,104,302,100,506,36,2.93,4.40,7.33,52.83,1.0,,3.0,,4.0,,[],,10,3,6,6,103,62,14,11,0.08,0.0,0.12,0.2,1.45,1.35,127,79,1,1,17,9,53,19,0.99,0.28,13.94
True,False,0.0,0.0,510500,0,0,-1,1,0,0,3,0.0,0.0,0,João Pedro,0.0,518,False,has joined Besiktas on loan for the rest of the season.,2025-09-12T15:53:40.376767Z,54,510500.jpg,1.0,False,Ferreira da Silva,0.0,False,,u,16,17,1,1029,0,9174,3,0.0,0.2,Jota,,173.0,2024-08-01,1999-08-01,False,p510500,11,0,0,0,0,0,0,0,0,0,0,0,6,5.0,0.5,4.0,1.0,1,0,2,3,0,0.00,0.00,0.00,0.00,,,,,,,[],,487,219,489,235,446,219,499,229,0.0,0.0,0.0,0.0,0.0,0.0,172,108,806,357,515,239,627,240,0.0,0.0,24.55
True,True,100.0,100.0,250199,0,0,0,0,0,0,3,1.0,0.5,2,Nicolás,1.0,519,False,,2025-12-15T01:30:08.723436Z,50,250199.jpg,1.8,False,Domínguez,0.0,False,,a,16,17,47,5753,22,4619,24,0.2,9.4,Dominguez,,10.0,2023-09-01,1998-06-28,False,p250199,1143,1,1,3,20,0,0,0,3,0,0,3,223,259.6,191.4,133.0,58.5,29,57,54,140,17,1.36,0.77,2.13,23.07,,,,,,,[],,267,113,206,134,244,135,264,130,0.11,0.0,0.06,0.17,1.82,1.57,257,154,275,116,381,162,635,244,1.34,0.24,11.02
True,False,0.0,0.0,243345,0,0,0,0,0,0,3,0.0,0.0,0,Lewis,0.0,520,False,Has joined Wrexham permanently.,2025-07-25T14:55:12.030109Z,50,243345.jpg,0.0,False,O'Brien,0.0,False,,u,16,17,0,0,0,118,0,0.0,0.0,O'Brien,,241.0,2022-07-20,1998-10-14,False,p243345,0,0,0,0,0,0,0,0,0,0,0,0,0,0.0,0.0,0.0,0.0,0,0,0,0,0,0.00,0.00,0.00,0.00,,,,,,,[],,804,354,804,355,799,353,804,354,0.0,0.0,0.0,0.0,0.0,0.0,255,153,767,330,805,355,831,371,0.0,0.0,0.0
True,True,100.0,75.0,210462,0,0,-1,1,0,1,3,0.5,0.0,1,Ibrahim,0.5,521,False,,2026-04-25T11:00:08.815293Z,49,210462.jpg,3.1,False,Sangaré,0.1,False,,a,16,17,85,13136,17,15476,44,0.1,17.3,Sangaré,,54.0,2023-09-01,1997-12-02,False,p210462,2009,2,2,8,25,0,0,0,5,0,0,2,355,414.8,203.2,126.0,74.6,87,106,58,251,24,1.16,1.77,2.93,32.35,,,,,,,[],,166,59,197,129,252,138,214,102,0.05,0.0,0.08,0.13,1.45,1.12,303,188,327,141,181,70,556,207,1.08,0.36,11.24
True,True,100.0,100.0,204968,0,0,-3,3,0,0,3,1.0,0.5,0,Ryan,1.0,522,False,,2025-12-06T20:30:09.569234Z,47,204968.jpg,1.4,False,Yates,0.1,False,,a,16,17,29,11022,37,19850,31,0.2,6.2,Yates,,241.0,2018-08-01,1997-11-21,False,p204968,577,0,2,0,7,0,0,0,3,0,0,0,118,128.0,79.3,48.0,25.4,33,16,14,63,2,0.34,0.37,0.71,8.42,,,,,,,[],,363,164,325,176,346,179,380,179,0.05,0.0,0.06,0.11,1.31,1.09,383,238,269,112,430,187,544,201,0.31,0.0,9.83
True,True,100.0,100.0,569014,0,0,0,0,0,0,3,0.0,-0.5,0,Eric,0.0,523,False,,2025-09-02T12:23:02.683095Z,45,569014.jpg,0.0,False,da Silva Moreira,0.1,False,,a,16,17,0,3221,25,17236,16,0.0,0.0,Da Silva Moreira,,80.0,2024-07-01,2006-05-03,False,p569014,0,0,0,0,0,0,0,0,0,0,0,0,0,0.0,0.0,0.0,0.0,0,0,0,0,0,0.00,0.00,0.00,0.00,,,,,,,[],,738,302,734,304,719,299,739,303,0.0,0.0,0.0,0.0,0.0,0.0,474,289,663,253,742,305,566,211,0.0,0.0,0.0
True,False,0.0,0.0,495161,0,0,0,0,0,0,3,0.0,0.0,0,Marko,0.0,524,False,Has joined Swansea City permanently.,2025-08-20T13:32:34.645399Z,45,495161.jpg,0.0,False,Stamenić,0.0,False,,u,16,17,0,245,0,5740,1,0.0,0.0,Stamenic,,154.0,2024-06-27,2002-02-19,False,p495161,0,0,0,0,0,0,0,0,0,0,0,0,0,0.0,0.0,0.0,0.0,0,0,0,0,0,0.00,0.00,0.00,0.00,,,,,,,[],,718,284,715,287,698,280,719,285,0.0,0.0,0.0,0.0,0.0,0.0,450,269,641,234,724,289,707,287,0.0,0.0,0.0
True,True,100.0,100.0,60689,0,0,-4,4,0,1,4,2.8,2.3,2,Chris,2.8,525,False,,2026-04-17T15:00:07.788346Z,71,60689.jpg,2.8,False,Wood,4.6,False,,a,16,17,39,2167083,1429,3408632,936,0.4,5.5,Wood,,154.0,2023-07-01,1991-12-07,False,p60689,835,3,0,2,13,0,0,0,0,0,0,4,139,134.4,76.0,238.0,43.5,13,12,1,26,10,3.71,0.23,3.94,13.64,,,,,1.0,,[],,354,37,332,42,142,36,323,38,0.4,0.0,0.02,0.42,1.47,1.4,33,13,145,19,230,26,85,16,1.08,0.22,2.8
True,True,100.0,100.0,482973,0,0,-1,1,0,1,4,5.5,5.0,2,Igor Jesus,5.5,526,False,,2026-01-23T16:00:07.578702Z,59,482973.jpg,3.1,False,Maciel da Cruz,2.4,False,,a,16,17,112,687932,9497,495004,6175,0.9,19.0,Igor Jesus,Igor Jesus,30.0,2025-07-05,2001-02-25,False,p482973,2203,6,6,9,36,0,0,0,2,0,0,13,394,415.0,237.1,703.0,133.2,38,56,23,117,27,6.30,1.23,7.53,37.82,,,,,3.0,,[],,165,18,170,16,25,15,79,15,0.26,0.0,0.05,0.31,1.55,1.47,101,28,27,6,189,20,124,19,1.1,0.37,4.78
True,True,100.0,100.0,210156,0,0,-3,3,0,1,4,5.8,5.3,1,Taiwo,5.8,527,False,,2025-11-20T17:00:08.462155Z,52,210156.jpg,2.7,False,Awoniyi,0.4,False,,a,16,17,43,50442,812,97777,541,1.1,8.3,Awoniyi,,157.0,2022-06-25,1997-08-12,False,p210156,452,4,2,1,4,0,0,0,1,0,0,4,175,177.2,78.9,228.0,47.9,6,18,1,25,3,3.51,0.77,4.28,10.19,,,,,,,[],,320,32,327,40,152,38,305,35,0.7,0.0,0.15,0.85,2.03,0.8,207,46,17,3,242,27,298,47,0.6,0.2,4.98
True,True,75.0,75.0,456512,0,0,-5,5,0,0,3,0.0,-0.4,0,Dan,0.0,669,False,Knock - 75% chance of playing,2026-05-01T15:00:10.570574Z,55,456512.jpg,2.1,False,Ndoye,0.7,False,,d,16,17,50,545754,2,576847,80,0.0,9.1,Ndoye,,207.0,2025-07-31,2000-10-25,False,p456512,1167,1,2,2,17,0,0,0,1,0,0,4,178,166.4,217.7,180.0,56.6,24,50,22,96,14,1.05,1.51,2.56,15.96,4.0,,,,,,[],https://www.nottinghamforest.co.uk/news/2026/may/14/team-news-for-man-utd-clash/?utm_source=premier_league&utm_medium=referral&utm_campaign=fantasy&utm_content=injuries-flag,330,148,180,118,206,109,276,139,0.08,0.0,0.12,0.2,1.23,1.31,143,90,813,363,336,145,236,82,1.08,0.15,7.4
True,True,100.0,100.0,107265,0,0,0,0,0,0,1,0.0,-0.5,0,Angus,0.0,675,False,,2025-10-31T00:00:09.154875Z,40,107265.jpg,1.0,False,Gunn,1.1,False,,a,16,17,1,31379,31,104886,139,0.0,0.2,Gunn,,243.0,2025-08-06,1996-01-22,False,p107265,45,0,0,0,0,0,0,0,0,0,0,0,4,1.2,0.0,0.0,0.1,1,4,0,0,0,0.00,0.00,0.00,0.21,,,,,,,[],,510,39,568,53,537,39,518,39,0.0,0.0,0.0,0.0,0.42,0.0,676,43,459,54,467,39,191,22,0.0,0.0,0.0
True,True,,,503301,0,0,-1,1,0,0,3,1.8,1.3,2,Omari,1.8,693,False,,,54,503301.jpg,2.6,False,Hutchinson,0.1,False,,a,16,17,77,34978,56,30311,77,0.3,14.3,Hutchinson,,241.0,2025-08-16,2003-10-30,False,p503301,1599,1,6,6,23,0,0,0,1,0,0,3,310,306.4,486.4,350.0,114.2,20,84,19,123,16,2.01,3.71,5.72,23.60,2.0,,,,,,[],,238,99,56,47,86,50,102,58,0.11,0.0,0.21,0.32,1.33,1.29,171,107,211,90,261,108,533,197,0.9,0.34,6.92
True,False,0.0,0.0,465680,0,0,0,0,0,0,4,0.0,0.0,0,Arnaud,0.0,696,False,has joined Eintracht Frankfurt on loan for the rest of the season.,2026-01-08T10:36:01.900811Z,60,465680.jpg,1.0,False,Kalimuendo,0.1,False,,u,16,17,9,15291,0,18598,8,0.0,1.5,Kalimuendo,,73.0,2025-08-18,2002-01-20,False,p465680,89,0,0,0,3,0,0,0,0,0,0,0,24,6.8,17.7,39.0,6.3,1,4,1,6,0,0.44,0.02,0.46,1.57,,,,,,,[],,482,56,415,53,358,56,453,56,0.44,0.0,0.02,0.46,1.59,3.03,87,26,824,89,517,63,458,64,0.0,0.0,6.07
True,True,100.0,0.0,221389,0,0,0,0,0,0,1,0.0,0.0,0,John Victor,0.0,715,False,,2026-01-04T21:30:13.580158Z,40,221389.jpg,2.2,False,Maciel Furtado,0.3,False,,a,16,17,11,66508,23,52909,94,0.0,2.8,John,John Victor,30.0,2025-08-31,1996-02-13,False,p221389,437,0,0,1,8,0,0,0,1,0,6,0,32,56.4,0.0,0.0,5.7,4,26,0,0,5,0.00,0.00,0.00,6.13,,,,,,,[],,423,35,574,56,543,42,457,35,0.0,1.24,0.0,0.0,1.26,1.65,685,46,466,57,312,30,334,47,1.03,0.21,0.0
True,True,0.0,0.0,500151,0,0,0,0,0,1,2,0.0,0.0,0,Nicolò,0.0,716,False,Knee injury - Unknown return date,2026-01-29T23:00:10.460624Z,45,500151.jpg,2.8,False,Savona,0.0,False,,i,16,17,39,46783,2,44981,7,0.0,8.7,Savona,,106.0,2025-08-30,2003-03-19,False,p500151,1025,2,0,3,18,0,0,0,2,0,0,0,131,216.6,123.2,94.0,43.5,37,27,20,57,11,1.34,0.45,1.79,15.04,,,,,,,[],https://www.nottinghamforest.co.uk/videos/7bd0fd3a-4ec6-45d0-a057-3122290cb79e?utm_source=premier_league&utm_medium=referral&utm_campaign=fantasy&utm_content=injuries-flag,290,115,274,78,291,87,322,111,0.12,0.0,0.04,0.16,1.32,1.58,452,93,643,249,223,89,587,210,0.97,0.26,5.0
True,False,0.0,0.0,560441,0,0,0,0,0,0,2,0.0,0.0,0,Luis Eduardo,0.0,729,False,has joined Vasco de Gama on loan for the rest of the season.,2026-02-08T15:58:23.390743Z,45,560441.jpg,0.0,False,Soares da Silva,0.0,False,,u,16,17,0,94,0,122,0,0.0,0.0,Cuiabano,,30.0,2025-09-01,2003-02-16,False,p560441,0,0,0,0,0,0,0,0,0,0,0,0,0,0.0,0.0,0.0,0.0,0,0,0,0,0,0.00,0.00,0.00,0.00,,,,,,,[],,736,264,732,264,717,264,737,264,0.0,0.0,0.0,0.0,0.0,0.0,472,95,661,250,740,264,827,270,0.0,0.0,0.0
True,True,100.0,100.0,476887,0,0,-1,1,0,0,3,2.8,2.3,1,Dilane,2.8,734,False,,2025-10-24T09:00:08.676633Z,59,476887.jpg,1.9,False,Bakwa,0.0,False,,a,16,17,26,5670,39,4665,46,0.5,4.4,Bakwa,,73.0,2025-09-01,2002-08-26,False,p476887,549,0,2,2,10,0,0,0,1,0,0,1,100,86.4,178.8,95.0,35.6,3,28,4,35,6,0.54,1.01,1.55,10.94,,,,,,,[],,399,176,217,142,288,154,346,166,0.09,0.0,0.17,0.26,1.79,1.64,100,66,142,63,365,157,660,261,0.98,0.33,5.74
True,True,,,469130,0,0,-2,2,0,0,4,0.2,-0.3,0,Lorenzo,0.2,805,False,,,53,469130.jpg,2.2,False,Lucca,0.0,False,,a,16,17,9,6278,25,4847,26,0.0,1.7,Lucca,,106.0,2026-01-24,2000-09-10,False,p469130,126,1,0,1,1,0,0,0,0,0,0,0,33,37.2,13.0,39.0,8.5,4,3,0,7,1,0.79,0.01,0.80,1.89,,,,,,,[],,440,51,425,55,357,55,438,55,0.56,0.0,0.01,0.57,1.35,0.71,194,45,379,51,320,35,716,90,0.71,0.71,5.0
True,True,,,470315,0,0,0,0,0,0,2,2.0,1.5,1,Luca,2.0,814,False,,,45,470315.jpg,1.7,False,Netz,0.0,False,,a,16,17,10,888,27,372,15,0.4,2.2,Netz,,80.0,2026-02-02,2003-05-15,False,p470315,326,0,0,0,5,0,0,0,0,0,0,0,29,59.8,29.8,10.0,10.0,13,15,12,25,3,0.00,0.41,0.41,7.71,,,,,,,[],,420,157,396,144,424,160,428,155,0.0,0.0,0.11,0.11,2.13,1.38,443,90,179,65,394,146,758,259,0.83,0.0,6.9
True,True,,,568159,0,0,0,0,0,0,3,0.0,-0.5,0,Archie,0.0,835,False,,,45,568159.jpg,0.0,False,Whitehall,0.0,False,,a,16,17,0,53,12,5,3,0.0,0.0,Whitehall,,241.0,2025-08-01,2006-05-21,False,p568159,0,0,0,0,0,0,0,0,0,0,0,0,0,0.0,0.0,0.0,0.0,0,0,0,0,0,0.00,0.00,0.00,0.00,,,,,,,[],,737,301,733,303,718,298,738,302,0.0,0.0,0.0,0.0,0.0,0.0,473,288,662,252,741,304,834,374,0.0,0.0,0.0
True,True,,,590040,0,0,0,0,0,0,3,0.0,-0.5,0,Jimmy,0.0,836,False,,,45,590040.jpg,0.0,False,Sinclair,0.0,False,,a,16,17,0,37,11,7,3,0.0,0.0,Sinclair,,241.0,2025-08-01,2006-08-11,False,p590040,0,0,0,0,0,0,0,0,0,0,0,0,0,0.0,0.0,0.0,0.0,0,0,0,0,0,0.00,0.00,0.00,0.00,,,,,,,[],,753,315,748,316,734,312,753,315,0.0,0.0,0.0,0.0,0.0,0.0,492,304,681,268,756,317,835,375,0.0,0.0,0.0
True,False,0.0,0.0,232571,0,0,-3,3,0,0,1,0.0,0.0,0,Anthony,0.0,528,False,has joined Millwall on loan for the rest of the season.,2026-02-02T13:42:27.821481Z,42,232571.jpg,0.0,False,Patterson,0.1,False,,u,17,56,0,10565,0,35467,22,0.0,0.0,Patterson,,241.0,2018-10-09,2000-05-10,False,p232571,0,0,0,0,0,0,0,0,0,0,0,0,0,0.0,0.0,0.0,0.0,0,0,0,0,0,0.00,0.00,0.00,0.00,,,,,,,[],,646,93,641,84,615,72,648,93,0.0,0.0,0.0,0.0,0.0,0.0,642,33,542,85,656,93,424,60,0.0,0.0,0.0
True,True,100.0,100.0,74854,0,0,-1,1,0,0,1,0.0,0.0,0,Simon,0.0,529,False,,2026-04-10T14:00:09.100432Z,39,74854.jpg,0.0,False,Moore,0.3,False,,a,17,56,0,19502,41,38325,85,0.0,0.0,Moore,,241.0,2024-07-01,1990-05-19,False,p74854,0,0,0,0,0,0,0,0,0,0,0,0,0,0.0,0.0,0.0,0.0,0,0,0,0,0,0.00,0.00,0.00,0.00,,,,,,,[],,543,44,528,24,496,10,546,44,0.0,0.0,0.0,0.0,0.0,0.0,758,70,420,30,555,44,310,42,0.0,0.0,0.0
True,False,0.0,0.0,490000,0,0,-1,1,0,0,1,0.0,0.0,0,Blondy,0.0,530,False,has joined US Boulogne CO permanently.,2026-01-19T15:39:01.997919Z,39,490000.jpg,0.0,False,Nna Noukeu,0.1,False,,u,17,56,0,7473,0,14304,33,0.0,0.0,Nna Noukeu,,38.0,2024-08-02,2001-05-31,False,p490000,0,0,0,0,0,0,0,0,0,0,0,0,0,0.0,0.0,0.0,0.0,0,0,0,0,0,0.00,0.00,0.00,0.00,,,,,,,[],,560,58,549,42,517,28,563,58,0.0,0.0,0.0,0.0,0.0,0.0,784,88,439,45,572,58,486,70,0.0,0.0,0.0
True,True,0.0,0.0,223827,-1,1,1,-1,0,2,2,0.0,0.0,0,Daniel,-0.5,531,False,Suspended until 25 May,2026-05-02T17:00:09.308083Z,46,223827.jpg,4.0,False,Ballard,2.5,False,,s,17,56,116,1281611,43,1221751,4697,-0.1,25.2,Ballard,,242.0,2022-07-01,1999-09-22,False,p223827,2144,2,2,6,35,0,0,0,4,1,0,9,340,662.8,181.2,370.0,121.5,231,69,33,264,24,2.46,0.63,3.09,33.20,,,,,,,[],,56,24,216,55,81,7,95,23,0.1,0.0,0.03,0.13,1.39,1.47,399,69,839,270,63,23,120,47,1.01,0.25,11.08
True,True,,,487676,0,0,0,0,0,1,2,1.8,1.8,1,Trai,1.8,532,False,,,45,487676.jpg,2.8,False,Hume,0.3,False,,a,17,56,102,88688,121,81637,248,0.4,22.7,Hume,,242.0,2022-01-04,2002-03-18,False,p487676,2942,1,1,9,41,1,0,0,9,0,0,6,361,497.0,356.5,228.0,107.3,135,100,65,200,33,2.09,1.86,3.95,46.38,2.0,,,,,,[],,125,57,106,27,151,29,120,33,0.06,0.0,0.06,0.12,1.42,1.25,445,91,201,76,222,88,311,114,1.01,0.28,6.12
True,False,0.0,0.0,220684,0,0,0,0,0,0,2,0.0,0.0,0,Aji,0.0,533,False,has joined Portsmouth on loan for the rest of the season.,2025-07-21T10:00:05.007315Z,40,220684.jpg,0.0,False,Alese,0.0,False,,u,17,56,0,611,0,873,0,0.0,0.0,Alese,,241.0,2022-07-15,2001-01-17,False,p220684,0,0,0,0,0,0,0,0,0,0,0,0,0,0.0,0.0,0.0,0.0,0,0,0,0,0,0.00,0.00,0.00,0.00,,,,,,,[],,581,214,573,214,542,210,584,215,0.0,0.0,0.0,0.0,0.0,0.0,684,168,465,179,593,215,804,266,0.0,0.0,0.0
True,False,0.0,0.0,232820,0,0,-2,2,0,0,2,0.0,0.0,0,Joe,0.0,534,False,has joined Barrow FC permanently.,2026-01-19T15:39:02.016630Z,38,232820.jpg,0.0,False,Anderson,0.3,False,,u,17,56,0,39413,0,67408,56,0.0,0.0,Anderson,,241.0,2023-01-31,2001-02-06,False,p232820,0,0,0,0,0,0,0,0,0,0,0,0,0,0.0,0.0,0.0,0.0,0,0,0,0,0,0.00,0.00,0.00,0.00,,,,,,,[],,528,188,511,187,478,181,531,189,0.0,0.0,0.0,0.0,0.0,0.0,805,238,401,145,540,189,328,120,0.0,0.0,0.0
True,True,100.0,100.0,461195,0,0,0,0,0,0,2,0.0,0.0,0,Dennis,0.0,535,False,,2026-02-23T01:30:11.067246Z,40,461195.jpg,1.8,False,Cirkin,0.0,False,,a,17,56,14,8001,21,7753,24,0.0,3.5,Cirkin,,118.0,2021-08-11,2002-04-06,False,p461195,319,0,0,1,2,0,0,0,2,0,0,0,43,59.2,9.7,10.0,7.5,20,8,8,28,3,0.08,0.02,0.09,6.49,,,,,,,[],,421,158,444,158,422,158,445,161,0.02,0.0,0.01,0.03,1.83,0.56,695,173,476,184,370,137,588,211,0.85,0.28,7.9
True,False,0.0,0.0,477547,0,0,0,0,0,0,2,0.0,0.0,0,Leo Fuhr,0.0,536,False,has joined Sheffield United on loan for the rest of the season.,2026-02-02T23:16:50.069434Z,40,477547.jpg,0.0,False,Hjelde,0.0,False,,u,17,56,0,1255,0,1583,3,0.0,0.0,Hjelde,,161.0,2024-01-30,2003-08-26,False,p477547,0,0,0,0,0,0,0,0,0,0,0,0,0,0.0,0.0,0.0,0.0,0,0,0,0,0,0.00,0.00,0.00,0.00,,,,,,,[],,597,220,590,220,559,216,600,221,0.0,0.0,0.0,0.0,0.0,0.0,703,176,483,186,609,221,734,253,0.0,0.0,0.0
True,False,0.0,0.0,492066,0,0,0,0,0,0,2,0.0,0.0,0,Niall,0.0,537,False,has joined Wycombe Wanderers on loan for the rest of the season.,2025-09-02T13:34:00.250364Z,40,492066.jpg,0.0,False,Huggins,0.1,False,,u,17,56,0,1038,0,16335,7,0.0,0.0,Huggins,,244.0,2021-08-20,2000-12-18,False,p492066,0,0,0,0,0,0,0,0,0,0,0,0,0,0.0,0.0,0.0,0.0,0,0,0,0,0,0.00,0.00,0.00,0.00,,,,,,,[],,600,221,593,221,562,217,603,222,0.0,0.0,0.0,0.0,0.0,0.0,706,177,486,187,612,222,547,194,0.0,0.0,0.0
True,False,0.0,0.0,514613,0,0,-2,2,0,0,2,0.0,0.0,0,Zak,0.0,538,False,has joined York City on loan for the rest of the season.,2026-01-15T12:51:52.939823Z,38,514613.jpg,0.0,False,Johnson,0.2,False,,u,17,56,0,23261,0,34649,49,0.0,0.0,Johnson,,241.0,2021-10-12,2004-07-30,False,p514613,0,0,0,0,0,0,0,0,0,0,0,0,0,0.0,0.0,0.0,0.0,0,0,0,0,0,0.00,0.00,0.00,0.00,,,,,,,[],,534,194,518,193,485,187,537,195,0.0,0.0,0.0,0.0,0.0,0.0,818,250,409,152,546,195,385,141,0.0,0.0,0.0
True,True,100.0,100.0,167512,0,0,0,0,0,0,2,1.0,1.0,4,Luke,1.0,539,False,,2025-12-06T20:30:09.638471Z,40,167512.jpg,1.8,False,O'Nien,0.1,False,,a,17,56,20,11907,84,9840,59,0.2,5.0,O'Nien,,241.0,2018-07-30,1994-11-21,False,p167512,475,0,0,2,6,0,0,0,1,1,0,0,67,71.2,6.9,16.0,9.4,34,9,5,39,4,0.07,0.12,0.19,8.35,,,,,,,[],,408,152,449,161,407,150,433,157,0.01,0.0,0.02,0.03,1.58,1.14,681,165,262,97,369,136,507,180,0.76,0.38,7.39
True,False,0.0,0.0,465702,0,0,-1,1,0,0,2,0.0,0.0,0,Timothée,0.0,540,False,has joined Le Havre AC on loan for the rest of the season.,2026-01-07T10:24:08.787432Z,39,465702.jpg,0.0,False,Pembélé,0.3,False,,u,17,56,0,47547,0,49455,42,0.0,0.0,Pembele,,73.0,2023-09-01,2002-09-09,False,p465702,0,0,0,0,0,0,0,0,0,0,0,0,0,0.0,0.0,0.0,0.0,0,0,0,0,0,0.00,0.00,0.00,0.00,,,,,,,[],,556,203,544,203,512,198,559,204,0.0,0.0,0.0,0.0,0.0,0.0,779,224,435,164,568,204,342,123,0.0,0.0,0.0
True,True,100.0,100.0,434399,0,0,-2,2,0,2,2,3.2,3.2,2,Reinildo,3.2,541,False,,2026-02-20T16:00:09.473685Z,38,434399.jpg,3.0,False,Mandava,2.9,False,,a,17,56,72,669546,1692,1099994,790,0.8,18.9,Reinildo,Reinildo Mandava,146.0,2025-07-08,1994-01-21,False,p434399,1876,0,2,6,26,0,0,0,7,1,0,6,269,362.4,128.3,39.0,53.1,121,84,35,156,22,0.13,0.61,0.74,25.83,,,,,,,[],,194,79,267,74,356,119,285,90,0.01,0.0,0.03,0.04,1.24,1.25,808,241,96,28,192,76,110,39,1.06,0.29,7.48
True,False,0.0,0.0,519634,0,0,0,0,0,0,2,0.0,0.0,0,Jenson,0.0,542,False,has joined Wolfsburg on loan for the rest of the season.,2025-09-02T13:40:22.421351Z,40,519634.jpg,1.0,False,Seelt,0.1,False,,u,17,56,2,3016,0,25466,9,0.0,0.5,Seelt,,152.0,2023-07-01,2003-05-23,False,p519634,133,0,0,0,2,0,0,0,0,0,0,0,11,33.6,2.4,0.0,3.6,8,6,4,12,1,0.00,0.01,0.01,1.33,,,,,,,[],,445,164,469,171,576,225,471,169,0.0,0.0,0.01,0.01,0.9,1.35,724,188,500,195,469,171,519,186,0.68,0.0,8.12
True,False,0.0,0.0,535818,0,0,-6,6,0,0,3,0.0,0.0,0,Simon,0.0,543,False,has joined AS Monaco on loan for the rest of the season.,2026-02-02T23:16:50.111189Z,49,535818.jpg,2.4,False,Adingra,0.3,False,,u,17,56,34,90681,0,232104,32,0.0,6.9,Adingra,,54.0,2025-07-10,2002-01-01,False,p535818,649,1,1,4,8,0,0,0,2,0,0,3,81,81.4,116.8,75.0,27.0,13,21,11,45,9,0.35,0.62,0.97,11.30,,,,,,,[],,403,178,279,168,311,163,376,176,0.05,0.0,0.09,0.14,1.57,1.11,335,207,757,323,290,121,307,106,1.25,0.55,6.24
True,True,100.0,100.0,547027,0,0,-2,2,0,1,3,1.5,1.5,4,Habib,1.5,544,False,,2025-12-20T23:30:08.955091Z,53,547027.jpg,3.4,False,Diarra,0.1,False,,a,17,56,65,32144,28,33154,247,0.3,12.3,Diarra,,189.0,2025-07-01,2004-01-03,False,p547027,1374,2,6,5,19,0,0,0,5,0,0,3,211,166.2,143.0,222.0,51.8,17,46,14,77,15,3.14,0.81,3.95,21.44,,,,,1.0,,[],,331,149,249,158,157,87,289,148,0.21,0.0,0.05,0.26,1.4,1.24,200,124,232,100,139,63,461,158,0.98,0.33,5.04
True,False,0.0,0.0,124165,0,0,-1,1,0,0,3,0.0,0.0,0,Patrick,0.0,545,False,has joined Birmingham City permanently.,2025-09-02T13:33:32.438579Z,54,124165.jpg,1.0,False,Roberts,0.0,False,,u,17,56,1,462,0,4091,0,0.0,0.2,Roberts,,241.0,2022-01-21,1997-02-05,False,p124165,27,0,0,0,1,0,0,0,0,0,0,0,4,1.8,7.3,5.0,1.4,0,1,0,1,0,0.03,0.02,0.05,0.66,,,,,,,[],,506,230,447,215,440,213,493,226,0.1,0.0,0.07,0.17,2.2,3.33,153,95,798,352,514,238,738,309,0.0,0.0,3.33
True,True,100.0,100.0,626844,0,0,-1,1,0,0,3,0.0,0.0,0,Milan,0.0,546,False,,2025-09-08T09:11:30.805435Z,49,626844.jpg,0.0,False,Aleksić,0.0,False,,a,17,56,0,620,7,3586,5,0.0,0.0,Aleksić,,190.0,2024-08-30,2005-08-30,False,p626844,0,0,0,0,0,0,0,0,0,0,0,0,0,0.0,0.0,0.0,0.0,0,0,0,0,0,0.00,0.00,0.00,0.00,,,,,,,[],,800,351,797,352,793,350,800,351,0.0,0.0,0.0,0.0,0.0,0.0,341,213,760,326,801,352,700,282,0.0,0.0,0.0
True,True,100.0,100.0,484420,0,0,-2,2,0,3,3,5.5,5.5,13,Enzo,5.5,547,False,,2026-03-14T22:00:10.393282Z,48,484420.jpg,4.1,False,Le Fée,1.5,False,,a,17,56,142,518080,6388,379517,1695,1.1,29.6,E.Le Fée,,73.0,2025-07-01,2000-02-03,False,p484420,2840,5,6,10,42,0,0,1,5,0,0,13,594,698.4,760.7,284.0,174.6,74,149,85,308,32,5.14,5.29,10.43,45.61,3.0,,2.0,,2.0,,[],,48,12,17,16,117,69,32,25,0.16,0.0,0.17,0.33,1.45,1.33,366,228,25,11,54,25,165,56,1.01,0.32,9.76
True,True,0.0,0.0,461199,0,0,-1,1,0,0,3,0.0,0.0,0,Romaine,0.0,548,False,Hamstring injury - Expected back 01 Jun,2026-02-23T01:30:11.163434Z,49,461199.jpg,1.0,False,Mundle,0.0,False,,i,17,56,14,1195,2,1730,4,0.0,2.9,Mundle,,241.0,2024-02-01,2003-04-24,False,p461199,399,0,0,0,11,0,0,0,1,0,0,0,42,29.4,33.6,69.0,12.7,6,22,5,33,2,0.87,0.48,1.35,8.54,,,,,,,[],https://www.safc.com/news/2026/february/26/le-bris-provides-squad-fitness-update-ahead-of-bournemouth-fixture/?utm_source=premier_league&utm_medium=referral&utm_campaign=fantasy&utm_content=injuries-flag,451,199,389,196,321,166,418,190,0.2,0.0,0.11,0.31,1.93,2.48,324,200,753,321,505,230,759,322,0.45,0.0,7.44
True,False,0.0,0.0,223336,0,0,-2,2,0,0,3,0.0,0.0,0,Dan,0.0,549,False,has joined Ipswich Town on loan for the rest of the season.,2026-01-27T16:48:20.506094Z,48,223336.jpg,1.0,False,Neil,0.0,False,,u,17,56,3,1972,0,4755,2,0.0,0.6,Neil,,241.0,2018-11-01,2001-12-13,False,p223336,13,0,0,0,0,0,0,0,0,0,0,0,10,3.0,1.4,0.0,0.4,2,0,0,2,0,0.00,0.00,0.00,0.64,,,,,,,[],,499,227,479,231,775,338,511,233,0.0,0.0,0.0,0.0,4.43,0.0,357,222,725,301,501,228,662,263,0.0,0.0,13.85
True,True,,,215460,0,0,-3,3,0,0,3,0.0,0.0,0,Ian,0.0,550,False,,,47,215460.jpg,0.0,False,Poveda-Ocampo,0.0,False,,a,17,56,0,1271,11,2929,10,0.0,0.0,Poveda,,48.0,2024-07-24,2000-02-09,False,p215460,0,0,0,0,0,0,0,0,0,0,0,0,0,0.0,0.0,0.0,0.0,0,0,0,0,0,0.00,0.00,0.00,0.00,,,,,,,[],,782,338,779,339,769,336,782,338,0.0,0.0,0.0,0.0,0.0,0.0,384,239,716,295,783,339,665,265,0.0,0.0,0.0
True,True,,,554197,0,0,-3,3,0,0,3,1.2,1.2,4,Chris,1.2,551,False,,,47,554197.jpg,2.1,False,Rigg,0.1,False,,a,17,56,35,10917,57,11901,84,0.3,7.4,Rigg,,241.0,2022-12-31,2007-06-18,False,p554197,757,1,1,3,11,0,0,0,1,0,0,1,133,114.4,142.7,103.0,36.0,15,29,13,57,11,0.86,0.93,1.79,12.46,,,,,,,[],,377,170,250,159,275,149,343,164,0.1,0.0,0.11,0.21,1.48,1.31,393,244,252,105,331,142,550,205,1.31,0.36,6.78
True,True,100.0,100.0,577669,0,0,-1,1,0,0,3,2.8,2.8,2,Noah,2.8,552,False,,2025-12-13T14:30:11.905086Z,49,577669.jpg,2.5,False,Sadiki,0.1,False,,a,17,56,79,13588,59,13882,55,0.6,16.1,Sadiki,,50.0,2025-07-04,2004-12-17,False,p577669,2801,0,2,9,41,0,0,0,8,0,0,0,399,339.8,310.2,162.0,81.5,87,109,46,242,32,1.43,1.44,2.87,40.50,,,,,,,[],,214,86,131,90,222,120,191,93,0.05,0.0,0.05,0.1,1.3,1.32,338,210,135,59,274,111,549,204,1.03,0.29,7.78
True,True,100.0,100.0,549912,0,0,-1,1,0,0,3,1.5,1.5,1,Chemsdine,1.5,553,False,,2025-12-13T14:30:11.920590Z,49,549912.jpg,3.0,False,Talbi,0.2,False,,a,17,56,83,64510,60,74424,85,0.3,16.9,Talbi,,145.0,2025-07-09,2005-05-09,False,p549912,1553,4,2,7,14,0,0,0,0,0,0,6,248,238.8,211.5,245.0,69.1,20,61,11,92,16,2.13,1.18,3.30,22.26,,,,,,,[],,278,115,188,123,134,75,233,112,0.12,0.0,0.07,0.19,1.29,0.81,336,208,230,98,196,77,412,143,0.93,0.41,5.33
True,True,,,477851,0,0,-2,2,0,0,3,0.0,0.0,0,Abdoullah,0.0,554,False,,,43,477851.jpg,0.0,False,Ba,0.3,False,,a,17,56,0,83337,88,83508,109,0.0,0.0,Ba,,73.0,2022-08-31,2003-07-31,False,p477851,0,0,0,0,0,0,0,0,0,0,0,0,0,0.0,0.0,0.0,0.0,0,0,0,0,0,0.00,0.00,0.00,0.00,,,,,,,[],,654,239,651,245,626,232,656,241,0.0,0.0,0.0,0.0,0.0,0.0,598,356,558,181,665,249,321,109,0.0,0.0,0.0
True,False,0.0,0.0,171422,0,0,0,0,0,0,3,0.0,0.0,0,Alan,0.0,555,False,has joined Middlesbrough on loan for the rest of the season.,2025-09-02T13:31:41.354124Z,45,171422.jpg,0.0,False,Browne,0.0,False,,u,17,56,0,1291,0,9900,3,0.0,0.0,Browne,,104.0,2024-07-11,1995-04-15,False,p171422,0,0,0,0,0,0,0,0,0,0,0,0,0,0.0,0.0,0.0,0.0,0,0,0,0,0,0.00,0.00,0.00,0.00,,,,,,,[],,699,269,696,273,677,265,701,271,0.0,0.0,0.0,0.0,0.0,0.0,417,252,619,218,706,275,655,257,0.0,0.0,0.0
True,False,0.0,0.0,458297,0,0,0,0,0,0,3,0.0,0.0,0,Pierre,0.0,556,False,Has joined AS Saint-Etienne permanently.,2025-08-14T14:03:00.702056Z,45,458297.jpg,0.0,False,Ekwah Elimby,0.0,False,,u,17,56,0,0,0,1813,1,0.0,0.0,Ekwah,,73.0,2023-01-23,2002-01-15,False,p458297,0,0,0,0,0,0,0,0,0,0,0,0,0,0.0,0.0,0.0,0.0,0,0,0,0,0,0.00,0.00,0.00,0.00,,,,,,,[],,710,276,708,280,691,273,712,278,0.0,0.0,0.0,0.0,0.0,0.0,438,260,633,226,717,282,787,341,0.0,0.0,0.0
True,True,,,547410,0,0,-2,2,0,0,3,0.0,0.0,0,Harrison,0.0,557,False,,,43,547410.jpg,0.0,False,Jones,0.1,False,,a,17,56,0,9790,50,11564,34,0.0,0.0,H.Jones,Harrison Jones,241.0,2024-01-01,2004-12-25,False,p547410,0,0,0,0,0,0,0,0,0,0,0,0,0,0.0,0.0,0.0,0.0,0,0,0,0,0,0.00,0.00,0.00,0.00,,,,,,,[],,658,242,656,248,633,237,660,244,0.0,0.0,0.0,0.0,0.0,0.0,615,365,567,187,669,252,541,199,0.0,0.0,0.0
True,False,0.0,0.0,493837,0,0,-2,2,0,0,3,0.0,0.0,0,Jay,0.0,558,False,has joined MK Dons permanently.,2026-01-15T12:51:24.526300Z,43,493837.jpg,0.0,False,Matete,0.2,False,,u,17,56,0,30710,0,46664,34,0.0,0.0,Matete,,241.0,2022-01-31,2001-02-11,False,p493837,0,0,0,0,0,0,0,0,0,0,0,0,0,0.0,0.0,0.0,0.0,0,0,0,0,0,0.00,0.00,0.00,0.00,,,,,,,[],,655,240,652,246,627,233,657,242,0.0,0.0,0.0,0.0,0.0,0.0,606,360,560,182,666,250,416,144,0.0,0.0,0.0
True,False,0.0,0.0,500696,0,0,-1,1,0,0,3,0.0,0.0,0,Nectarios,0.0,559,False,has joined Minnesota United permanently.,2025-09-22T21:19:57.157510Z,44,500696.jpg,0.0,False,Triantis,0.0,False,,u,17,56,0,2951,0,8707,4,0.0,0.0,Triantis,,13.0,2023-07-01,2003-05-11,False,p500696,0,0,0,0,0,0,0,0,0,0,0,0,0,0.0,0.0,0.0,0.0,0,0,0,0,0,0.00,0.00,0.00,0.00,,,,,,,[],,678,256,676,261,655,251,680,258,0.0,0.0,0.0,0.0,0.0,0.0,556,335,593,202,687,264,654,256,0.0,0.0,0.0
True,True,100.0,100.0,437505,0,0,-5,5,0,1,4,1.8,1.8,5,Wilson,1.8,560,False,,2026-01-04T21:30:13.190592Z,50,437505.jpg,2.4,False,Isidor,1.3,False,,a,17,56,73,995683,464,908234,662,0.4,14.6,Isidor,,92.0,2025-02-01,2000-08-27,False,p437505,1119,6,1,4,17,0,0,0,1,0,0,7,261,241.2,29.8,435.0,70.5,17,23,10,50,11,4.61,0.37,4.98,19.74,,,,,,,[],,276,29,397,52,62,25,227,28,0.37,0.0,0.03,0.4,1.59,1.37,260,55,204,27,293,32,173,25,0.88,0.32,4.02
True,True,,,564406,0,0,-4,4,0,0,4,0.2,0.2,0,Eliezer,0.2,561,False,,,51,564406.jpg,2.0,False,Mayenda Dossou,0.5,False,,a,17,56,40,273779,46,313412,95,0.0,7.8,Mayenda,,200.0,2023-07-28,2005-05-08,False,p564406,751,2,0,3,9,0,0,0,0,0,0,5,124,117.6,53.8,188.0,35.5,7,14,5,26,8,2.13,0.22,2.35,12.94,,,,,,,[],,374,40,357,45,192,43,347,46,0.26,0.0,0.03,0.29,1.55,1.08,240,52,378,50,351,38,269,41,0.96,0.36,3.12
True,True,,,611975,0,0,-3,3,0,0,4,0.0,0.0,0,Ahmed,0.0,562,False,,,42,611975.jpg,0.0,False,Abdullahi,0.4,False,,a,17,56,0,72296,124,98837,180,0.0,0.0,Abdullahi,,157.0,2024-08-31,2004-06-19,False,p611975,0,0,0,0,0,0,0,0,0,0,0,0,0,0.0,0.0,0.0,0.0,0,0,0,0,0,0.00,0.00,0.00,0.00,,,,,,,[],,651,66,647,65,622,65,653,66,0.0,0.0,0.0,0.0,0.0,0.0,656,91,549,57,661,67,282,43,0.0,0.0,0.0
True,False,0.0,0.0,551153,0,0,-1,1,0,0,4,0.0,0.0,0,Luís Hemir,0.0,563,False,has joined Moreirense on loan for the rest of the season.,2025-09-22T21:17:57.534387Z,44,551153.jpg,0.0,False,Silva Semedo,0.1,False,,u,17,56,0,5979,0,20550,4,0.0,0.0,Luís Hemir,,173.0,2023-07-01,2003-08-11,False,p551153,0,0,0,0,0,0,0,0,0,0,0,0,0,0.0,0.0,0.0,0.0,0,0,0,0,0,0.00,0.00,0.00,0.00,,,,,,,[],,685,73,682,72,663,72,687,73,0.0,0.0,0.0,0.0,0.0,0.0,567,80,601,66,693,74,524,71,0.0,0.0,0.0
True,False,0.0,0.0,440955,0,0,-1,1,0,0,4,0.0,0.0,0,Nazarii,0.0,564,False,has joined Arka on loan for the rest of the season.,2025-09-05T08:56:38.449926Z,44,440955.jpg,0.0,False,Rusyn,0.1,False,,u,17,56,0,3530,0,20307,2,0.0,0.0,Rusyn,,225.0,2023-09-01,1998-10-25,False,p440955,0,0,0,0,0,0,0,0,0,0,0,0,0,0.0,0.0,0.0,0.0,0,0,0,0,0,0.00,0.00,0.00,0.00,,,,,,,[],,673,70,671,69,650,69,675,70,0.0,0.0,0.0,0.0,0.0,0.0,547,77,588,63,683,71,525,72,0.0,0.0,0.0
True,True,100.0,100.0,84450,0,0,1,-1,0,0,3,4.2,4.2,2,Granit,4.2,668,False,,2026-01-24T19:00:09.277794Z,51,84450.jpg,3.7,False,Xhaka,3.2,False,,a,17,56,123,1412010,1276,1405465,1401,0.8,24.1,Xhaka,,207.0,2025-07-30,1992-09-27,False,p84450,2811,1,6,9,38,0,0,0,7,0,0,8,594,675.4,590.7,99.0,136.5,131,171,50,352,31,1.01,3.46,4.47,44.79,1.0,,1.0,,,,[],,55,16,38,35,280,152,70,43,0.03,0.0,0.11,0.14,1.43,1.22,221,136,54,23,93,42,105,35,0.99,0.29,11.27
True,True,100.0,100.0,498016,0,0,3,-3,0,4,1,3.0,3.0,3,Robin,3.0,670,False,,2026-03-04T10:30:08.443155Z,48,498016.jpg,3.9,False,Roefs,8.1,False,,a,17,56,134,2381460,3336,1551670,5052,0.6,27.9,Roefs,,152.0,2025-08-01,2003-01-17,False,p498016,3060,0,0,10,45,0,1,0,4,0,107,12,565,869.4,40.0,0.0,90.9,37,327,0,0,34,0.00,0.10,0.10,49.16,,,,,,,[],,15,4,380,2,777,90,166,2,0.0,3.15,0.0,0.0,1.45,1.32,370,15,119,13,69,6,52,9,1.0,0.29,0.0
True,False,0.0,0.0,105717,0,0,-1,1,0,0,2,0.0,0.0,0,Arthur,0.0,678,False,has joined RC Lens on loan for the rest of the season.,2026-01-15T20:00:09.716289Z,39,105717.jpg,0.3,False,Masuaku,0.5,False,,u,17,56,1,52353,0,85412,59,0.0,0.3,Masuaku,,50.0,2025-08-10,1993-11-07,False,p105717,125,0,0,0,2,0,0,0,1,0,0,0,4,21.8,20.1,7.0,4.9,6,3,4,10,2,0.07,0.08,0.15,2.09,,,,,,,[],,460,168,410,149,431,164,461,165,0.05,0.0,0.06,0.11,1.5,1.44,763,217,424,161,531,182,276,105,1.44,0.0,7.2
True,True,75.0,100.0,201895,0,0,1,-1,0,1,2,2.4,3.2,1,Omar,3.2,683,False,Knock - 75% chance of playing,2026-05-17T22:00:09.922866Z,41,201895.jpg,3.8,False,Alderete,5.5,False,,d,17,56,125,1741051,1447,1202168,7830,0.8,30.5,Alderete,,168.0,2025-08-12,1996-12-26,False,p201895,2797,1,1,10,40,0,0,0,6,0,0,5,400,749.0,138.1,279.0,117.0,280,103,32,312,32,1.62,0.91,2.52,44.52,,,,,,,[],,40,16,255,66,123,21,99,26,0.05,0.0,0.03,0.08,1.43,1.29,659,153,97,29,77,26,73,23,1.03,0.32,10.04
True,True,100.0,100.0,200834,0,0,6,-6,0,5,2,4.8,4.8,2,Nordi,4.8,694,False,,2026-02-22T23:00:10.030803Z,46,200834.jpg,4.7,False,Mukiele,8.6,False,,a,17,56,147,2903359,5591,1892211,5633,1.0,32.0,Mukiele,,73.0,2025-08-17,1997-11-01,False,p200834,2694,3,5,9,39,1,0,0,5,0,0,11,474,712.6,341.9,221.0,127.6,194,123,67,261,31,1.52,2.29,3.81,43.82,,,,,,,[],,44,19,116,30,158,32,85,17,0.05,0.0,0.08,0.13,1.46,1.3,397,68,38,14,20,6,48,15,1.04,0.3,8.72
True,True,,,247955,0,0,0,0,0,0,2,2.0,2.0,2,Lutsharel,2.0,724,False,,,45,247955.jpg,2.0,False,Geertruida,0.1,False,,a,17,56,54,11429,49,8427,42,0.4,12.0,Geertruida,,152.0,2025-09-01,2000-07-18,False,p247955,1591,0,0,3,22,0,0,0,1,0,0,0,230,269.6,134.3,102.0,50.6,75,71,36,111,16,0.79,0.82,1.61,30.03,,,,,,,[],,259,103,259,68,276,79,293,95,0.04,0.0,0.05,0.09,1.7,1.24,429,87,178,64,347,128,576,205,0.91,0.17,6.28
True,True,100.0,100.0,441264,0,0,-2,2,0,1,4,3.0,3.0,7,Brian,3.0,730,False,,2026-02-23T01:30:11.824581Z,53,441264.jpg,2.9,False,Brobbey,0.9,False,,a,17,56,87,462828,2405,354993,2025,0.6,16.4,Brobbey,,152.0,2025-09-01,2002-02-01,False,p441264,1860,7,1,6,29,0,0,0,6,0,0,12,299,333.4,199.5,512.0,102.7,20,43,9,72,21,5.11,0.66,5.77,30.59,,,,,,,[],,218,21,200,19,48,20,132,20,0.25,0.0,0.03,0.28,1.48,1.4,191,44,125,16,208,22,202,30,1.02,0.29,3.48
True,True,100.0,100.0,110504,0,0,0,0,0,0,3,0.0,0.0,0,Bertrand,0.0,735,False,,2026-03-04T10:30:08.528765Z,55,110504.jpg,2.5,False,Traoré,0.0,False,,a,17,56,30,14111,28,13412,14,0.0,5.5,Traoré,Bertrand Traoré,35.0,2025-09-01,1995-09-06,False,p110504,634,1,1,3,9,0,0,0,1,0,0,1,118,115.6,108.4,135.0,35.9,11,18,11,40,9,0.48,0.25,0.73,9.74,,,,,,,[],,375,168,287,169,242,133,345,165,0.07,0.0,0.04,0.11,1.38,1.28,134,83,810,361,277,113,648,252,1.28,0.43,5.68
True,True,,,232356,0,0,0,0,0,0,2,0.0,0.0,0,Jenson,0.0,774,False,,,40,232356.jpg,0.0,False,Jones,0.0,False,,a,17,56,0,2201,17,1436,22,0.0,0.0,Jenson Jones,Jenson Jones,241.0,2025-08-24,2006-06-26,False,p232356,0,0,0,0,0,0,0,0,0,0,0,0,0,0.0,0.0,0.0,0.0,0,0,0,0,0,0.00,0.00,0.00,0.00,,,,,,,[],,584,216,577,216,546,212,587,217,0.0,0.0,0.0,0.0,0.0,0.0,688,170,469,181,596,217,670,236,0.0,0.0,0.0
True,False,0.0,0.0,604211,0,0,0,0,0,0,3,0.0,0.0,0,Tymur,0.0,775,False,has joined Exeter City on loan for the rest of the season.,2026-01-16T15:18:30.390103Z,45,604211.jpg,0.0,False,Tutierov,0.0,False,,u,17,56,0,160,0,145,0,0.0,0.0,Tutierov,,225.0,2024-08-30,2005-06-11,False,p604211,0,0,0,0,0,0,0,0,0,0,0,0,0,0.0,0.0,0.0,0.0,0,0,0,0,0,0.00,0.00,0.00,0.00,,,,,,,[],,759,319,754,320,740,316,759,319,0.0,0.0,0.0,0.0,0.0,0.0,499,309,687,273,761,321,833,373,0.0,0.0,0.0
True,True,100.0,100.0,699989,0,0,-1,1,0,0,3,0.0,0.0,0,Djiamgone Jocelin Ta,0.0,800,False,,2026-02-22T23:00:10.207310Z,49,699989.jpg,1.0,False,Bi,0.0,False,,a,17,56,1,203,3,152,2,0.0,0.2,Jocelin.T,,54.0,2026-01-16,2005-02-09,False,p699989,38,0,0,0,0,0,0,0,0,0,0,0,4,3.4,4.3,2.0,1.0,0,2,1,3,1,0.00,0.04,0.04,0.24,,,,,,,[],,494,224,460,221,461,228,498,228,0.0,0.0,0.09,0.09,0.57,0.0,344,215,763,328,507,232,823,365,2.37,0.0,7.11
True,True,,,515046,0,0,0,0,0,1,1,0.0,0.0,0,Melker,0.0,812,False,,,40,515046.jpg,5.3,False,Ellborg,0.1,False,,a,17,56,16,27567,47,17833,219,0.0,4.0,Ellborg,,206.0,2026-02-01,2003-05-22,False,p515046,270,0,0,1,2,0,0,0,0,0,10,3,62,73.6,0.0,0.0,7.4,6,33,0,0,3,0.00,0.02,0.02,4.10,,,,,,,[],,407,32,602,72,571,58,447,32,0.0,3.33,0.01,0.01,1.37,0.67,717,62,495,73,7,2,510,74,1.0,0.33,0.0
True,True,100.0,100.0,536661,0,0,0,0,0,0,3,0.8,0.8,2,Nilson,0.8,813,False,,2026-03-14T22:00:10.584103Z,50,536661.jpg,1.7,False,Angulo,0.0,False,,a,17,56,12,1146,6,920,2,0.2,2.4,Angulo,,62.0,2026-02-02,2003-06-19,False,p536661,341,0,0,1,5,0,0,0,0,0,0,0,36,40.6,43.1,66.0,14.9,11,6,8,25,4,0.49,0.10,0.59,6.45,,,,,,,[],,436,190,375,193,326,167,407,185,0.13,0.0,0.03,0.16,1.7,1.32,274,168,306,128,399,171,794,345,1.06,0.26,6.6
True,True,,,570929,0,0,0,0,0,0,3,0.0,0.0,0,Jack,0.0,821,False,,,45,570929.jpg,0.0,False,Whittaker,0.0,False,,a,17,56,0,269,11,87,8,0.0,0.0,Whittaker,,241.0,2025-08-24,2006-10-14,False,p570929,0,0,0,0,0,0,0,0,0,0,0,0,0,0.0,0.0,0.0,0.0,0,0,0,0,0,0.00,0.00,0.00,0.00,,,,,,,[],,739,303,735,305,720,300,740,304,0.0,0.0,0.0,0.0,0.0,0.0,475,290,664,254,743,306,812,358,0.0,0.0,0.0
True,True,,,571087,0,0,0,0,0,0,3,0.0,0.0,0,Jaydon,0.0,822,False,,,45,571087.jpg,0.0,False,Jones,0.0,False,,a,17,56,0,343,15,119,2,0.0,0.0,Jones,Jaydon Jones,241.0,2025-08-24,2006-11-03,False,p571087,0,0,0,0,0,0,0,0,0,0,0,0,0,0.0,0.0,0.0,0.0,0,0,0,0,0,0.00,0.00,0.00,0.00,,,,,,,[],,740,304,736,306,721,301,741,305,0.0,0.0,0.0,0.0,0.0,0.0,476,291,665,255,744,307,808,356,0.0,0.0,0.0
True,True,100.0,25.0,184254,0,0,-3,3,0,0,1,0.0,0.0,0,Guglielmo,0.0,565,False,,2026-03-23T08:30:08.692447Z,47,184254.jpg,2.9,False,Vicario,4.7,False,,a,18,6,90,1358824,194,1528327,1565,0.0,19.1,Vicario,,106.0,2023-07-01,1996-10-07,False,p184254,2790,0,0,7,50,0,0,0,1,0,83,6,412,709.2,10.1,0.0,72.2,35,247,1,0,31,0.00,0.04,0.04,46.21,,,,,,,[],,45,11,435,9,768,85,225,11,0.0,2.68,0.0,0.0,1.49,1.61,381,17,715,92,203,23,84,14,1.0,0.23,0.0
True,True,,,214572,0,0,-1,1,0,0,1,0.0,0.0,0,Brandon,0.0,566,False,,,39,214572.jpg,0.0,False,Austin,0.3,False,,a,18,6,0,22288,58,26856,64,0.0,0.0,Austin,,241.0,2017-07-22,1999-01-08,False,p214572,0,0,0,0,0,0,0,0,0,0,0,0,0,0.0,0.0,0.0,0.0,0,0,0,0,0,0.00,0.00,0.00,0.00,,,,,,,[],,550,51,538,34,506,20,553,51,0.0,0.0,0.0,0.0,0.0,0.0,771,80,429,38,562,51,333,46,0.0,0.0,0.0
True,True,,,485055,0,0,-1,1,0,0,1,3.0,3.0,1,Antonín,3.0,567,False,,,39,485055.jpg,2.5,False,Kinský,1.8,False,,a,18,6,15,183610,2547,199181,417,0.8,3.8,Kinsky,,57.0,2025-01-05,2003-03-13,False,p485055,482,0,0,1,6,0,0,0,0,0,8,0,54,76.8,0.0,0.0,7.7,9,24,0,0,6,0.00,0.00,0.00,4.68,,,,,,,[],,406,31,548,41,516,27,443,31,0.0,1.49,0.0,0.0,0.87,1.12,783,87,115,12,266,27,143,20,1.12,0.19,0.0
True,True,100.0,100.0,441164,0,0,-3,3,0,2,2,3.2,3.2,0,Pedro,3.2,568,False,,2026-01-28T04:30:09.124754Z,52,441164.jpg,3.2,False,Porro Sauceda,10.7,False,,a,18,6,107,1808088,6280,3149179,1838,0.6,20.6,Pedro Porro,,200.0,2023-07-01,1999-09-13,False,p441164,2645,1,3,8,39,0,0,0,10,0,0,6,458,645.2,779.7,194.0,162.0,136,127,71,207,31,0.99,4.04,5.03,36.88,3.0,,2.0,,,,[],,62,27,16,1,183,45,42,5,0.03,0.0,0.14,0.17,1.25,1.33,213,31,108,36,165,63,36,12,1.05,0.27,7.04
True,True,0.0,0.0,221632,0,0,0,0,0,3,2,0.0,0.0,0,Cristian,0.0,569,False,Knee injury - Expected back 01 Jun,2026-04-12T21:30:08.466916Z,50,221632.jpg,4.0,False,Romero,2.9,False,,i,18,6,91,1033065,20,1245969,644,0.0,18.2,Romero,,10.0,2022-08-30,1998-04-27,False,p221632,1869,4,1,5,33,0,0,0,9,2,0,10,305,574.8,133.6,223.0,93.2,139,88,58,197,22,1.39,1.25,2.64,28.32,,,,,,,[],https://www.tottenhamhotspur.com/news/1021010/team-news-roberto-de-zerbi-confirms-cuti-romero-out-for-rest-of-season?utm_source=premier_league&utm_medium=referral&utm_campaign=fantasy&utm_content=injuries-flag,87,38,260,69,156,31,164,56,0.07,0.0,0.06,0.13,1.36,1.59,252,38,765,260,64,24,114,43,1.06,0.24,9.49
True,True,100.0,100.0,135720,0,0,-3,3,0,0,2,3.0,3.0,1,Kevin,3.0,570,False,,2026-02-02T00:30:11.097727Z,42,135720.jpg,2.3,False,Danso,0.2,False,,a,18,6,53,26184,266,34626,55,0.7,12.6,Danso,,14.0,2025-07-01,1998-09-19,False,p135720,1341,0,0,3,24,0,0,0,8,0,0,1,183,361.2,47.7,76.0,48.7,147,44,27,174,16,0.42,0.26,0.68,19.28,,,,,,,[],,197,81,366,131,308,95,301,99,0.03,0.0,0.02,0.05,1.29,1.61,635,140,116,39,301,113,408,150,1.07,0.2,11.68
True,True,0.0,0.0,115556,0,0,-2,2,0,0,2,0.0,0.0,0,Ben,0.0,571,False,Ankle injury - Unknown return date,2026-01-17T18:30:08.916445Z,43,115556.jpg,3.3,False,Davies,0.1,False,,i,18,6,10,4515,7,12227,9,0.0,2.3,Davies,,244.0,2014-07-23,1993-04-24,False,p115556,136,1,0,0,3,0,0,0,1,0,0,1,29,67.4,22.2,52.0,14.2,9,5,5,14,2,0.49,0.07,0.56,1.11,,,,,,,[],https://www.tottenhamhotspur.com/news/2026/january/spurs-vs-manchester-city-premier-league-team-news-thomas-frank-hopeful-on-micky-van-de-ven-dominic-solanke-ready-to-start-against-city/?utm_source=premier_league&utm_medium=referral&utm_campaign=fantasy&utm_content=injuries-flag,412,154,407,147,343,114,410,148,0.32,0.0,0.05,0.37,0.73,1.99,584,124,552,232,142,47,553,196,1.32,0.0,9.26
True,True,100.0,100.0,493125,0,0,0,0,0,0,2,0.2,0.2,0,Radu,0.2,572,False,,2025-07-21T10:00:05.088977Z,45,493125.jpg,1.8,False,Drăgușin,0.0,False,,a,18,6,16,4416,28,3564,25,0.0,3.6,Dragusin,,177.0,2024-01-11,2002-02-03,False,p493125,514,0,0,0,13,0,0,0,0,0,0,0,30,125.6,3.2,27.0,15.6,67,14,5,72,5,0.31,0.01,0.32,12.01,,,,,,,[],,366,138,465,168,379,130,405,146,0.05,0.0,0.0,0.05,2.1,2.28,449,92,364,131,376,141,668,235,0.88,0.0,12.61
True,True,100.0,100.0,232859,0,0,-4,4,0,0,2,2.5,2.5,0,Djed,2.5,573,False,,2026-03-01T22:00:07.861085Z,41,232859.jpg,2.5,False,Spence,0.9,False,,a,18,6,71,308034,216,372282,229,0.6,17.3,Spence,,241.0,2022-07-19,2000-08-09,False,p232859,1938,0,0,8,31,0,0,0,4,0,0,3,247,280.6,206.7,184.0,66.9,71,106,42,113,22,0.88,1.75,2.63,30.86,,,,,,,[],,255,101,193,49,197,51,239,82,0.04,0.0,0.08,0.12,1.43,1.44,662,156,148,49,268,104,208,80,1.02,0.37,5.25
True,True,100.0,100.0,487053,0,0,-2,2,0,0,2,1.2,1.2,1,Destiny,1.2,574,False,,2026-04-24T14:30:09.164014Z,43,487053.jpg,1.2,False,Udogie,0.3,False,,a,18,6,23,55157,137,116621,34,0.3,5.3,Udogie,,106.0,2022-08-16,2002-11-28,False,p487053,1210,0,1,0,24,0,0,0,3,0,0,0,92,189.2,183.9,94.0,46.8,35,63,26,61,13,0.16,0.70,0.86,18.68,,,,,,,[],,311,121,212,53,290,86,310,104,0.01,0.0,0.05,0.06,1.39,1.79,600,135,249,94,450,162,320,116,0.97,0.0,4.54
True,True,100.0,100.0,491279,0,0,-1,1,0,3,2,2.8,2.8,1,Micky,2.8,575,False,,2026-03-06T05:30:08.287295Z,44,491279.jpg,3.3,False,van de Ven,17.5,False,,a,18,6,111,3624500,4352,4735850,3830,0.6,25.2,Van de Ven,,152.0,2023-08-08,2001-04-19,False,p491279,2893,4,1,8,49,0,0,0,8,1,0,10,401,655.2,93.6,212.0,96.0,167,113,37,204,34,2.79,0.37,3.16,42.12,,,,,,,[],,57,25,301,96,167,39,152,51,0.09,0.0,0.01,0.1,1.31,1.52,554,118,134,46,144,49,18,6,1.06,0.25,6.35
True,False,0.0,0.0,548308,0,0,0,0,0,0,2,0.0,0.0,0,Ashley,0.0,576,False,Has joined Stoke City on loan for the rest of the season.,2025-07-25T14:55:41.438809Z,40,548308.jpg,0.0,False,Phillips,0.0,False,,u,18,6,0,0,0,2016,1,0.0,0.0,Phillips,,241.0,2023-08-05,2005-06-26,False,p548308,0,0,0,0,0,0,0,0,0,0,0,0,0,0.0,0.0,0.0,0.0,0,0,0,0,0,0.00,0.00,0.00,0.00,,,,,,,[],,613,229,607,229,577,226,616,230,0.0,0.0,0.0,0.0,0.0,0.0,725,189,501,196,624,229,743,256,0.0,0.0,0.0
True,False,0.0,0.0,553299,0,0,0,0,0,0,2,0.0,0.0,0,Takai,0.0,577,False,has joined Borussia Mönchengladbach on loan for the rest of the season.,2026-01-02T18:40:16.158468Z,40,553299.jpg,0.0,False,Kōta,0.0,False,,u,18,6,0,1005,0,9201,5,0.0,0.0,Takai,,108.0,2025-07-08,2004-09-04,False,p553299,0,0,0,0,0,0,0,0,0,0,0,0,0,0.0,0.0,0.0,0.0,0,0,0,0,0,0.00,0.00,0.00,0.00,,,,,,,[],,615,230,609,230,579,227,618,231,0.0,0.0,0.0,0.0,0.0,0.0,727,190,503,197,626,230,605,216,0.0,0.0,0.0
True,False,0.0,0.0,610799,0,0,-1,1,0,0,2,0.0,0.0,0,Luka,0.0,578,False,has joined Hamburger SV on loan for the rest of the season.,2025-09-02T13:17:42.706711Z,39,610799.jpg,0.0,False,Vušković,0.3,False,,u,18,6,0,7334,0,92800,26,0.0,0.0,Vuskovic,,97.0,2025-06-01,2007-02-24,False,p610799,0,0,0,0,0,0,0,0,0,0,0,0,0,0.0,0.0,0.0,0.0,0,0,0,0,0,0.00,0.00,0.00,0.00,,,,,,,[],,572,210,561,210,530,206,575,211,0.0,0.0,0.0,0.0,0.0,0.0,799,234,454,174,584,211,322,117,0.0,0.0,0.0
True,False,0.0,0.0,85971,0,0,0,0,0,0,3,0.0,0.0,0,Son,0.0,579,False,has joined Los Angeles FC permanently.,2025-08-11T01:22:33.649224Z,85,85971.jpg,0.0,False,Heung-min,0.1,False,,u,18,6,0,0,0,25650,2,0.0,0.0,Son,,114.0,2015-08-28,1992-07-08,False,p85971,0,0,0,0,0,0,0,0,0,0,0,0,0,0.0,0.0,0.0,0.0,0,0,0,0,0,0.00,0.00,0.00,0.00,,,,,,,[],,839,379,839,379,839,379,839,379,0.0,0.0,0.0,0.0,0.0,0.0,10,5,837,379,839,379,455,155,0.0,0.0,0.0
True,True,100.0,100.0,172780,0,0,-2,2,0,0,3,0.2,0.2,0,James,0.2,581,False,,2025-08-08T13:57:59.638052Z,68,172780.jpg,1.0,False,Maddison,0.2,False,,a,18,6,1,10206,964,26375,131,0.0,0.1,Maddison,,241.0,2023-06-28,1996-11-23,False,p172780,5,0,0,0,0,0,0,0,0,0,0,0,2,1.4,5.3,4.0,1.1,0,1,0,1,0,0.00,0.04,0.04,0.25,,,,,,,[],,509,232,457,219,447,220,496,227,0.0,0.0,0.72,0.72,4.5,0.0,42,26,387,176,518,241,406,140,0.0,0.0,18.0
True,True,0.0,0.0,460842,0,0,-1,1,0,2,3,0.0,0.0,0,Mohammed,0.0,582,False,Thigh injury - Expected back 01 Jun,2026-01-04T21:30:13.237860Z,64,460842.jpg,3.9,False,Kudus,9.2,False,,i,18,6,75,3263946,27,5231602,808,0.0,11.7,Kudus,,81.0,2025-07-10,2000-08-02,False,p460842,1535,2,6,7,20,0,0,0,3,0,0,7,257,333.4,413.8,302.0,104.7,9,95,29,133,19,1.92,2.41,4.33,22.74,,,4.0,,3.0,,[],https://www.tottenhamhotspur.com/news/2026/april/injury-update-mohammed-kudus/?utm_source=premier_league&utm_medium=referral&utm_campaign=fantasy&utm_content=injuries-flag,219,89,77,57,108,65,128,70,0.11,0.0,0.14,0.25,1.33,1.17,61,38,829,373,74,36,42,13,1.11,0.41,7.8
True,True,0.0,0.0,445044,0,0,-1,1,0,0,3,0.0,0.0,0,Dejan,0.0,583,False,Knee injury - Unknown return date,2025-07-21T10:00:05.109205Z,64,445044.jpg,0.0,False,Kulusevski,0.0,False,,i,18,6,0,1298,24,2290,9,0.0,0.0,Kulusevski,,206.0,2023-07-01,2000-04-25,False,p445044,0,0,0,0,0,0,0,0,0,0,0,0,0,0.0,0.0,0.0,0.0,0,0,0,0,0,0.00,0.00,0.00,0.00,,,,,,,[],https://www.tottenhamhotspur.com/news/2026/february/live-blog-tottenham-hotspur-vs-newcastle-united-premier-league/?utm_source=premier_league&utm_medium=referral&utm_campaign=fantasy&utm_content=injuries-flag,834,376,834,376,834,376,834,376,0.0,0.0,0.0,0.0,0.0,0.0,59,36,828,372,834,376,725,300,0.0,0.0,0.0
True,True,100.0,100.0,511499,0,0,-3,3,0,1,3,4.0,4.0,1,Mathys,4.0,584,False,,2026-03-23T08:30:08.724530Z,62,511499.jpg,2.5,False,Tel,0.3,False,,a,18,6,74,61992,2182,51765,152,0.6,11.9,Tel,,73.0,2025-07-01,2005-04-27,False,p511499,1204,4,2,2,22,0,0,0,1,0,0,7,247,282.6,383.5,280.0,94.9,17,66,19,102,12,2.38,2.06,4.43,16.67,1.0,,,,,,[],,252,107,90,65,121,71,156,81,0.18,0.0,0.15,0.33,1.25,1.64,77,50,66,32,283,117,347,119,0.9,0.15,7.62
True,True,100.0,100.0,202993,0,0,-3,3,0,1,3,3.0,3.0,1,Rodrigo,3.0,585,False,,2026-01-08T18:30:11.365390Z,52,202993.jpg,3.2,False,Bentancur,0.2,False,,a,18,6,80,60174,132,68502,39,0.6,15.4,Bentancur,,230.0,2022-01-31,1997-06-25,False,p202993,1741,1,1,7,24,0,0,0,7,0,0,4,338,330.4,183.8,122.0,63.9,86,122,51,259,22,0.72,0.80,1.52,23.03,,,,,,,[],,221,91,213,140,257,140,248,123,0.04,0.0,0.04,0.08,1.19,1.24,206,128,124,52,164,67,403,138,1.14,0.36,13.39
True,True,100.0,100.0,570526,0,0,-3,3,0,1,3,0.8,0.8,0,Lucas,0.8,586,False,,2026-01-21T21:30:07.663440Z,52,570526.jpg,2.1,False,Bergvall,0.2,False,,a,18,6,49,104950,28,113026,55,0.2,9.4,Bergvall,,206.0,2024-07-01,2006-02-02,False,p570526,955,1,3,3,18,0,0,0,2,0,0,0,163,164.6,106.4,147.0,41.5,18,39,22,79,11,1.23,0.43,1.66,13.66,,,,,,,[],,332,150,291,170,236,129,329,157,0.12,0.0,0.04,0.16,1.29,1.7,218,135,307,129,334,143,397,135,1.04,0.28,7.45
True,True,100.0,100.0,227127,0,0,-3,3,0,0,3,1.0,1.0,0,Yves,1.0,587,False,,2026-03-13T15:00:09.881349Z,52,227127.jpg,1.5,False,Bissouma,0.0,False,,a,18,6,17,3747,21,15486,19,0.2,3.3,Bissouma,,132.0,2022-06-17,1996-08-30,False,p227127,600,0,0,1,17,0,0,0,4,0,0,0,99,89.6,25.5,23.0,13.7,26,30,18,74,7,0.36,0.10,0.46,12.21,,,,,,,[],,394,174,400,201,387,196,413,188,0.05,0.0,0.02,0.07,1.83,2.55,209,129,277,118,420,182,593,223,1.05,0.15,11.1
True,True,0.0,0.0,550839,0,0,-2,2,0,0,3,0.0,0.0,0,Wilson,0.0,588,False,Knee injury - Unknown return date,2026-02-11T13:00:10.283271Z,53,550839.jpg,1.9,False,Odobert,0.0,False,,i,18,6,46,16460,5,18669,12,0.0,8.7,Odobert,,73.0,2024-08-16,2004-11-28,False,p550839,972,0,2,2,13,0,0,0,0,0,0,6,176,158.8,284.3,234.0,67.6,14,53,10,77,10,1.92,1.21,3.13,14.24,,,,,,,[],https://www.tottenhamhotspur.com/news/2026/february/wilson-odobert-suffers-acl-injury/?utm_source=premier_league&utm_medium=referral&utm_campaign=fantasy&utm_content=injuries-flag,335,152,151,101,146,81,238,115,0.18,0.0,0.11,0.29,1.32,1.2,201,125,796,351,360,155,613,233,0.93,0.19,7.13
True,False,0.0,0.0,235674,0,0,-1,1,0,0,3,0.0,0.0,0,Manor,0.0,589,False,has joined Fiorentina on loan for the rest of the season.,2025-09-02T13:17:42.731308Z,54,235674.jpg,0.0,False,Solomon,0.0,False,,u,18,6,0,115,0,1483,0,0.0,0.0,Solomon,,105.0,2023-07-11,1999-07-24,False,p235674,0,0,0,0,0,0,0,0,0,0,0,0,0,0.0,0.0,0.0,0.0,0,0,0,0,0,0.00,0.00,0.00,0.00,,,,,,,[],,820,365,821,366,819,365,820,365,0.0,0.0,0.0,0.0,0.0,0.0,162,99,802,354,821,366,771,329,0.0,0.0,0.0
True,False,0.0,0.0,436234,0,0,-1,1,0,0,3,0.0,0.0,0,Bryan,0.0,590,False,has joined Girona permanently.,2025-09-22T09:26:56.310666Z,49,436234.jpg,0.0,False,Gil Salvatierra,0.0,False,,u,18,6,0,675,0,4516,3,0.0,0.0,Bryan,,200.0,2021-07-26,2001-02-11,False,p436234,0,0,0,0,0,0,0,0,0,0,0,0,0,0.0,0.0,0.0,0.0,0,0,0,0,0,0.00,0.00,0.00,0.00,,,,,,,[],,793,346,790,347,786,345,793,346,0.0,0.0,0.0,0.0,0.0,0.0,319,197,748,318,794,347,666,266,0.0,0.0,0.0
True,True,100.0,100.0,547701,0,0,-2,2,0,0,3,0.0,0.0,0,Archie,0.0,591,False,,2025-10-31T09:00:09.658347Z,48,547701.jpg,2.6,False,Gray,0.1,False,,a,18,6,60,25989,28,30460,110,0.0,12.5,Gray,,241.0,2024-07-02,2006-03-12,False,p547701,1463,2,2,5,28,0,0,0,5,0,0,6,235,257.2,138.1,158.0,55.3,64,56,11,131,18,1.50,1.29,2.79,24.55,,,,,,,[],,268,114,256,161,228,123,280,143,0.09,0.0,0.08,0.17,1.51,1.72,372,232,729,304,256,104,433,148,1.11,0.31,8.06
True,False,0.0,0.0,499721,0,0,0,0,0,0,3,0.0,0.0,0,Mikey,0.0,592,False,Has joined Rangers on loan for the rest of the season.,2025-08-11T01:19:38.328172Z,50,499721.jpg,0.0,False,Moore,0.0,False,,u,18,6,0,0,0,689,0,0.0,0.0,Moore,,241.0,2024-05-01,2007-08-11,False,p499721,0,0,0,0,0,0,0,0,0,0,0,0,0,0.0,0.0,0.0,0.0,0,0,0,0,0,0.00,0.00,0.00,0.00,,,,,,,[],,810,359,810,360,805,358,810,359,0.0,0.0,0.0,0.0,0.0,0.0,270,164,774,336,811,360,805,353,0.0,0.0,0.0
True,True,100.0,100.0,482442,0,0,-5,5,0,0,3,0.2,0.2,0,Pape Matar,0.2,593,False,,2026-04-24T14:30:09.185437Z,45,482442.jpg,2.8,False,Sarr,1.0,False,,a,18,6,67,414004,650,618421,516,0.0,14.9,P.M.Sarr,Pape Matar Sarr,189.0,2021-08-27,2002-09-14,False,p482442,1350,2,3,3,23,0,0,0,2,0,0,2,294,314.8,151.6,152.0,62.0,72,76,32,180,13,1.50,1.08,2.58,26.27,,,,,,,[],,231,96,240,152,231,126,255,126,0.1,0.0,0.07,0.17,1.75,1.53,444,265,363,161,221,85,200,71,0.87,0.2,12.0
True,False,0.0,0.0,623095,0,0,0,0,0,0,3,0.0,0.0,0,Yang,0.0,594,False,has joined Coventry City on loan for the rest of the season.,2025-08-11T01:24:33.782871Z,45,623095.jpg,0.0,False,Min-hyeok,0.0,False,,u,18,6,0,0,0,2835,0,0.0,0.0,Min-hyeok,,114.0,2025-01-01,2006-04-16,False,p623095,0,0,0,0,0,0,0,0,0,0,0,0,0,0.0,0.0,0.0,0.0,0,0,0,0,0,0.00,0.00,0.00,0.00,,,,,,,[],,769,328,764,329,750,325,769,328,0.0,0.0,0.0,0.0,0.0,0.0,511,320,697,282,770,329,744,313,0.0,0.0,0.0
True,True,,,499726,0,0,-2,2,0,0,3,0.0,0.0,0,Callum,0.0,595,False,,,43,499726.jpg,1.0,False,Olusesi,0.2,False,,a,18,6,1,25982,47,32327,46,0.0,0.2,Olusesi,,241.0,2024-11-06,2007-03-11,False,p499726,14,0,0,0,0,0,0,0,0,0,0,0,3,0.6,1.8,0.0,0.2,0,2,0,2,0,0.00,0.01,0.01,0.75,,,,,,,[],,514,233,473,226,629,235,516,236,0.0,0.0,0.06,0.06,4.82,0.0,608,362,562,184,477,207,374,130,0.0,0.0,12.86
True,True,50.0,50.0,154566,0,0,-4,4,0,1,4,0.1,0.1,0,Dominic,0.2,596,False,Muscle injury - 50% chance of playing,2026-04-25T22:30:09.551266Z,71,154566.jpg,2.7,False,Solanke-Mitchell,1.1,False,,d,18,6,40,283394,32,671140,942,0.0,5.6,Solanke,,241.0,2024-08-10,1997-09-14,False,p154566,997,3,0,0,21,0,0,0,1,0,0,4,187,205.0,84.1,339.0,62.7,16,33,22,71,11,2.97,0.34,3.30,17.80,,,,,2.0,,[],https://www.tottenhamhotspur.com/news/1069205/team-news-solanke-not-ready-yet-latest-on-maddison?utm_source=premier_league&utm_medium=referral&utm_campaign=fantasy&utm_content=injuries-flag,302,31,313,38,91,29,253,30,0.27,0.0,0.03,0.3,1.61,1.9,34,14,389,53,251,28,193,29,0.99,0.0,6.41
True,True,100.0,100.0,212319,0,0,-1,1,0,2,4,4.0,4.0,1,Richarlison,4.0,597,False,,2026-01-11T18:30:11.144475Z,64,212319.jpg,3.6,False,de Andrade,6.2,False,,a,18,6,111,3158059,7806,3137039,1663,0.6,17.3,Richarlison,Richarlison,30.0,2022-07-01,1997-05-10,False,p212319,1824,10,4,6,26,0,0,0,5,0,0,16,472,553.2,216.8,745.0,151.0,58,56,26,140,19,7.62,1.33,8.95,25.02,,,,,5.0,,[],,96,8,183,17,20,12,52,11,0.38,0.0,0.07,0.45,1.23,1.28,57,22,67,10,108,9,66,13,0.94,0.3,6.91
True,False,0.0,0.0,552427,0,0,0,0,0,0,4,0.0,0.0,0,Will,0.0,598,False,has joined Oxford United on loan for the rest of the season.,2025-08-11T01:18:54.659436Z,45,552427.jpg,0.0,False,Lankshear,0.0,False,,u,18,6,0,0,0,5155,0,0.0,0.0,Lankshear,,241.0,2022-12-08,2005-04-20,False,p552427,0,0,0,0,0,0,0,0,0,0,0,0,0,0.0,0.0,0.0,0.0,0,0,0,0,0,0.00,0.00,0.00,0.00,,,,,,,[],,732,77,728,76,712,76,733,77,0.0,0.0,0.0,0.0,0.0,0.0,467,66,656,70,737,78,683,87,0.0,0.0,0.0
True,False,0.0,0.0,490145,0,0,-2,2,0,0,4,0.0,0.0,0,Dane,0.0,599,False,has joined Hibernian on loan for the rest of the season.,2026-02-02T13:40:54.997559Z,43,490145.jpg,1.0,False,Scarlett,0.5,False,,u,18,6,2,60820,0,112916,81,0.0,0.5,Scarlett,,241.0,2020-08-21,2004-03-24,False,p490145,7,0,0,0,0,0,0,0,0,0,0,0,5,1.0,4.1,2.0,0.7,0,1,0,1,0,0.00,0.01,0.01,0.03,,,,,,,[],,512,61,461,59,452,61,501,61,0.0,0.0,0.13,0.13,0.39,0.0,603,84,559,58,475,57,265,39,0.0,0.0,12.86
True,True,100.0,100.0,154296,0,0,0,0,0,0,3,3.8,3.8,1,João Maria,3.8,673,False,,2026-03-11T00:30:09.904194Z,55,154296.jpg,3.5,False,Lobo Alves Palhares Costa Palhinha Gonçalves,0.8,False,,a,18,6,111,383756,852,374234,285,0.7,20.2,J.Palhinha,João Palhinha,173.0,2025-08-03,1995-07-09,False,p154296,2066,4,3,4,36,0,0,0,7,0,0,14,467,568.0,122.7,245.0,93.8,92,85,106,283,22,2.22,0.64,2.86,31.88,,,,,,,[],,91,30,275,167,135,76,158,82,0.1,0.0,0.03,0.13,1.39,1.57,135,84,76,35,123,54,220,76,0.96,0.17,12.33
True,True,0.0,0.0,493362,-1,1,-7,7,0,1,3,0.0,0.0,0,Xavi,0.8,717,False,Knee injury - Expected back 01 Jan,2026-04-25T22:30:09.604362Z,63,493362.jpg,2.9,False,Simons,1.1,False,,i,18,6,80,1067669,22,989193,1584,0.1,12.7,Xavi,,152.0,2025-08-29,2003-04-21,False,p493362,1747,2,5,4,36,0,0,0,5,1,0,7,345,349.6,533.8,255.0,113.9,28,87,34,149,19,3.06,3.85,6.91,30.71,2.0,,3.0,,4.0,,[],https://www.tottenhamhotspur.com/news/1061881/injury-update-xavi-simons?utm_source=premier_league&utm_medium=referral&utm_campaign=fantasy&utm_content=injuries-flag,206,81,49,43,132,74,103,59,0.16,0.0,0.2,0.36,1.58,1.85,70,46,315,135,212,84,187,67,0.98,0.21,7.68
True,True,100.0,100.0,247693,0,0,-1,1,0,0,4,1.2,1.2,1,Randal,1.2,726,False,,2025-11-14T12:00:08.068318Z,69,247693.jpg,1.7,False,Kolo Muani,0.4,False,,a,18,6,50,147415,583,132676,324,0.2,7.2,Kolo Muani,,73.0,2025-09-01,1998-12-05,False,p247693,1602,1,1,4,30,0,0,0,3,0,0,1,148,169.6,265.6,280.0,70.5,22,64,27,113,21,2.05,1.63,3.68,24.68,,,,,,,[],,328,33,160,14,122,31,228,29,0.12,0.0,0.09,0.21,1.39,1.69,40,15,260,36,403,47,283,44,1.18,0.22,6.35
True,True,,,640419,0,0,0,0,0,0,2,0.0,0.0,0,Jun'ai,0.0,745,False,,,40,640419.jpg,1.0,False,Byfield,0.0,False,,a,18,6,1,2270,7,2378,15,0.0,0.2,Byfield,,241.0,2025-07-25,2008-12-06,False,p640419,1,0,0,0,0,0,0,0,0,0,0,0,3,0.4,0.5,0.0,0.1,0,0,0,0,0,0.00,0.00,0.00,0.00,,,,,,,[],,515,181,487,177,599,244,519,181,0.0,0.0,0.0,0.0,0.0,0.0,749,209,525,216,471,173,617,219,0.0,0.0,0.0
True,True,,,499716,0,0,0,0,0,0,2,0.0,0.0,0,James,0.0,750,False,,,40,499716.jpg,1.0,False,Rowswell,0.0,False,,a,18,6,1,2098,11,1951,11,0.0,0.2,Rowswell,,241.0,2025-07-25,2006-07-13,False,p499716,1,0,0,0,0,0,0,0,0,0,0,0,3,0.0,0.0,0.0,0.0,0,0,0,0,0,0.00,0.00,0.00,0.36,,,,,,,[],,604,224,597,224,566,220,607,225,0.0,0.0,0.0,0.0,32.4,0.0,712,181,490,190,468,170,633,227,0.0,0.0,0.0
True,False,0.0,0.0,590035,0,0,0,0,0,0,3,0.0,0.0,0,Yusuf,0.0,751,False,has joined Bristol Rovers on loan for the rest of the season.,2026-01-26T15:57:58.935998Z,45,590035.jpg,0.0,False,Akhamrich,0.0,False,,u,18,6,0,675,0,662,1,0.0,0.0,Akhamrich,,145.0,2025-07-25,2005-09-05,False,p590035,0,0,0,0,0,0,0,0,0,0,0,0,0,0.0,0.0,0.0,0.0,0,0,0,0,0,0.00,0.00,0.00,0.00,,,,,,,[],,752,314,747,315,733,311,752,314,0.0,0.0,0.0,0.0,0.0,0.0,491,303,680,267,755,316,796,346,0.0,0.0,0.0
True,True,,,611917,0,0,0,0,0,0,3,0.0,0.0,0,Lucá,0.0,790,False,,,45,611917.jpg,0.0,False,Williams-Barnett,0.0,False,,a,18,6,0,1040,16,588,7,0.0,0.0,Williams-Barnett,,241.0,2025-07-25,2008-10-01,False,p611917,0,0,0,0,0,0,0,0,0,0,0,0,0,0.0,0.0,0.0,0.0,0,0,0,0,0,0.00,0.00,0.00,0.00,,,,,,,[],,764,324,759,325,745,321,764,324,0.0,0.0,0.0,0.0,0.0,0.0,505,315,692,278,765,325,761,323,0.0,0.0,0.0
True,True,100.0,100.0,232787,0,0,-5,5,0,0,3,4.0,4.0,1,Conor,4.0,796,False,,2026-03-13T15:00:09.984000Z,50,232787.jpg,2.7,False,Gallagher,0.2,False,,a,18,6,40,59144,775,33092,245,0.8,8.0,Gallagher,,241.0,2026-01-14,2000-02-06,False,p232787,1044,1,1,1,22,0,0,0,2,0,0,3,193,173.4,173.2,125.0,47.2,26,64,20,110,13,0.72,0.66,1.38,18.41,,,,,,,[],,325,144,223,143,253,139,309,152,0.06,0.0,0.06,0.12,1.59,1.9,254,152,61,27,241,94,368,126,1.12,0.09,9.48
True,True,,,616221,0,0,0,0,0,0,2,0.0,0.0,0,João Victor,0.0,804,False,,,40,616221.jpg,0.8,False,de Souza Menezes,0.0,False,,a,18,6,3,2856,15,1710,18,0.0,0.8,Souza,Souza,30.0,2026-01-22,2006-06-16,False,p616221,142,0,0,0,3,0,0,0,1,0,0,0,0,12.8,31.9,17.0,6.2,6,3,0,6,2,0.02,0.03,0.05,2.61,,,,,,,[],,468,170,394,143,404,148,454,163,0.01,0.0,0.02,0.03,1.65,1.9,745,206,521,213,525,180,680,241,1.27,0.0,3.8
True,True,,,536134,0,0,0,0,0,0,3,0.0,0.0,0,Rio,0.0,811,False,,,45,536134.jpg,0.0,False,Kyerematen,0.0,False,,a,18,6,0,547,10,313,8,0.0,0.0,Kyerematen,,241.0,2024-05-21,2005-06-09,False,p536134,0,0,0,0,0,0,0,0,0,0,0,0,0,0.0,0.0,0.0,0.0,0,0,0,0,0,0.00,0.00,0.00,0.00,,,,,,,[],,726,292,723,295,706,288,727,293,0.0,0.0,0.0,0.0,0.0,0.0,460,278,650,242,732,297,790,343,0.0,0.0,0.0
True,True,,,613232,0,0,0,0,0,0,4,0.0,0.0,0,James,0.0,818,False,,,45,613232.jpg,0.0,False,Wilson,0.0,False,,a,18,6,0,6089,152,2957,64,0.0,0.0,Wilson,,243.0,2026-02-21,2007-03-06,False,p613232,0,0,0,0,0,0,0,0,0,0,0,0,0,0.0,0.0,0.0,0.0,0,0,0,0,0,0.00,0.00,0.00,0.00,,,,,,,[],,765,82,760,81,746,81,765,82,0.0,0.0,0.0,0.0,0.0,0.0,506,71,693,74,766,82,611,83,0.0,0.0,0.0
True,True,50.0,0.0,159533,0,0,-4,4,0,0,3,0.1,0.0,0,Adama,0.2,326,False,Knock - 50% chance of playing,2026-05-11T00:00:11.146616Z,51,159533.jpg,1.0,False,Traoré Diarra,0.1,False,,d,19,21,25,18079,2,39228,103,0.0,4.9,Adama,,200.0,2026-01-28,1996-01-25,False,p159533,376,0,0,0,12,0,0,0,1,0,0,0,74,33.4,73.8,70.0,17.2,2,14,2,18,1,0.69,0.57,1.26,8.38,,,,,,,[],https://www.whufc.com/en/news/team-news-or-adama-to-miss-newcastle-trip?utm_source=premier_league&utm_medium=referral&utm_campaign=fantasy&utm_content=injuries-flag,446,195,334,179,319,165,399,183,0.17,0.0,0.14,0.31,2.01,2.87,225,138,377,172,511,235,420,145,0.24,0.0,4.31
True,True,100.0,100.0,84182,0,0,-3,3,0,0,1,0.0,0.0,0,Alphonse,0.0,600,False,,2026-04-05T23:00:09.889906Z,42,84182.jpg,2.5,False,Areola,1.9,False,,a,19,21,51,193806,316,485599,626,0.0,12.1,Areola,,73.0,2022-07-01,1993-02-27,False,p84182,1800,0,1,0,37,0,0,0,0,0,77,2,220,570.4,10.0,0.0,57.9,30,142,0,0,20,0.00,0.00,0.00,35.30,,,,,,,[],,89,16,436,10,612,69,268,16,0.0,3.85,0.0,0.0,1.76,1.85,634,30,539,83,269,28,142,19,1.0,0.0,0.0
True,False,0.0,0.0,82143,0,0,0,0,0,0,1,0.0,0.0,0,Wes,0.0,601,False,has joined Aris Limassol permanently.,2025-09-11T13:43:36.667461Z,40,82143.jpg,0.0,False,Foderingham,0.2,False,,u,19,21,0,3874,0,43606,29,0.0,0.0,Foderingham,,241.0,2024-07-01,1991-01-14,False,p82143,0,0,0,0,0,0,0,0,0,0,0,0,0,0.0,0.0,0.0,0.0,0,0,0,0,0,0.00,0.00,0.00,0.00,,,,,,,[],,575,66,566,52,535,38,578,66,0.0,0.0,0.0,0.0,0.0,0.0,674,42,457,53,587,66,366,52,0.0,0.0,0.0
True,False,0.0,0.0,483364,0,0,-1,1,0,0,1,0.0,0.0,0,Krisztián,0.0,602,False,has joined MTK Budapest on loan for the rest of the season.,2026-01-15T12:52:30.178628Z,39,483364.jpg,0.0,False,Hegyi,0.2,False,,u,19,21,0,11331,0,21820,62,0.0,0.0,Hegyi,,98.0,2022-08-24,2002-09-24,False,p483364,0,0,0,0,0,0,0,0,0,0,0,0,0,0.0,0.0,0.0,0.0,0,0,0,0,0,0.00,0.00,0.00,0.00,,,,,,,[],,559,57,547,40,515,26,562,57,0.0,0.0,0.0,0.0,0.0,0.0,782,86,438,44,571,57,388,56,0.0,0.0,0.0
True,True,100.0,100.0,613804,0,0,-4,4,0,1,2,2.0,2.0,0,El Hadji Malick,2.0,603,False,,2025-12-13T14:30:12.025609Z,41,613804.jpg,3.2,False,Diouf,2.4,False,,a,19,21,98,465299,1933,974825,1422,0.5,23.9,Diouf,El Hadji Malick Diouf,189.0,2025-07-15,2004-12-29,False,p613804,2616,0,6,8,47,0,0,0,6,0,0,3,352,560.8,463.2,129.0,115.4,154,118,43,197,29,0.57,2.50,3.07,42.06,,,,,,,[],,93,40,66,13,249,65,100,27,0.02,0.0,0.09,0.11,1.45,1.62,668,160,175,61,155,56,128,51,1.0,0.28,6.78
True,False,0.0,0.0,109533,0,0,-1,1,0,0,2,0.0,0.0,0,Emerson,0.0,604,False,has joined Marseille permanently.,2025-09-02T13:30:06.113081Z,44,109533.jpg,0.0,False,Palmieri dos Santos,0.0,False,,u,19,21,0,1719,0,20856,0,0.0,0.0,Emerson,,106.0,2022-08-23,1994-08-03,False,p109533,0,0,0,0,0,0,0,0,0,0,0,0,0,0.0,0.0,0.0,0.0,0,0,0,0,0,0.00,0.00,0.00,0.00,,,,,,,[],,669,257,666,257,645,256,671,257,0.0,0.0,0.0,0.0,0.0,0.0,532,102,581,237,679,257,586,209,0.0,0.0,0.0
True,True,,,214048,0,0,-4,4,0,0,2,0.0,0.0,0,Maximilian,0.0,605,False,,,41,214048.jpg,1.7,False,Kilman,0.1,False,,a,19,21,36,30816,21,52345,37,0.0,8.8,Kilman,,241.0,2024-07-05,1997-05-23,False,p214048,1559,0,0,1,37,0,0,0,4,0,0,0,80,392.4,55.8,60.0,50.9,144,43,16,160,17,0.56,0.25,0.81,33.28,,,,,,,[],,184,75,355,125,334,109,292,94,0.03,0.0,0.01,0.04,1.92,2.14,660,154,532,223,388,142,437,164,0.98,0.06,9.24
True,True,100.0,100.0,233963,0,0,0,0,0,2,2,3.2,3.2,3,Konstantinos,3.2,606,False,,2026-04-05T23:00:09.898611Z,45,233963.jpg,3.8,False,Mavropanos,2.0,False,,a,19,21,114,367712,7280,121024,2289,0.7,25.3,Mavropanos,,83.0,2023-08-22,1997-12-11,False,p233963,2442,3,0,5,44,2,0,0,2,0,0,5,362,755.2,65.7,294.0,111.5,262,98,39,301,26,2.47,0.69,3.16,39.44,,,,,,,[],,38,14,342,117,113,18,112,30,0.09,0.0,0.03,0.12,1.45,1.62,427,86,101,33,79,28,138,55,0.96,0.18,11.09
True,False,0.0,0.0,210494,0,0,-1,1,0,0,2,0.0,0.0,0,Nayef,0.0,607,False,has joined Marseille permanently.,2025-09-02T12:20:05.254985Z,44,210494.jpg,1.5,False,Aguerd,0.0,False,,u,19,21,3,1288,0,12377,1,0.0,0.7,N.Aguerd,,145.0,2022-06-21,1996-03-30,False,p210494,180,0,0,0,8,0,0,0,0,0,0,0,-1,39.0,3.9,8.0,5.1,14,8,1,15,2,0.10,0.03,0.13,3.42,,,,,,,[],,438,161,462,166,428,162,459,164,0.05,0.0,0.02,0.07,1.71,4.0,538,107,584,239,415,152,610,217,1.0,0.0,7.5
True,True,100.0,100.0,536109,0,0,-2,2,0,0,2,0.0,0.0,0,Ollie,0.0,608,False,,2026-03-10T01:30:11.890314Z,43,536109.jpg,1.6,False,Scarles,0.0,False,,a,19,21,21,5185,17,7364,12,0.0,4.9,Scarles,,241.0,2022-10-01,2005-12-12,False,p536109,656,0,1,0,16,0,0,0,2,0,0,0,88,142.2,82.1,22.0,24.6,44,35,30,74,9,0.18,0.32,0.50,13.38,5.0,,,,,,[],,349,133,321,107,390,137,381,131,0.02,0.0,0.04,0.06,1.84,2.2,612,138,564,236,406,149,625,223,1.23,0.0,10.15
True,True,100.0,100.0,462116,0,0,-2,2,0,0,2,0.4,0.4,0,Jean-Clair,0.4,609,False,,2026-03-23T08:30:08.757802Z,43,462116.jpg,2.0,False,Todibo,0.1,False,,a,19,21,46,13249,51,21022,19,0.1,10.7,Todibo,,73.0,2025-07-01,1999-12-30,False,p462116,1817,0,1,1,37,0,0,0,5,1,0,1,160,383.4,66.6,26.0,47.7,128,89,37,165,22,0.25,0.32,0.57,33.73,,,,,,,[],,187,76,340,116,382,133,306,101,0.01,0.0,0.02,0.03,1.67,1.83,595,132,346,122,345,127,493,177,1.09,0.05,8.17
True,True,100.0,100.0,214590,0,0,-4,4,0,0,2,0.8,0.8,1,Aaron,0.8,610,False,,2025-12-13T14:30:12.044504Z,41,214590.jpg,2.7,False,Wan-Bissaka,4.3,False,,a,19,21,67,294960,779,2373346,852,0.2,16.3,Wan-Bissaka,,50.0,2024-08-13,1997-11-26,False,p214590,2080,0,3,3,43,0,0,0,4,0,0,0,203,432.0,305.6,30.0,77.2,141,75,33,174,23,0.00,1.00,1.00,35.44,,,,,,,[],,156,65,135,35,374,127,207,73,0.0,0.0,0.04,0.04,1.53,1.86,661,155,287,108,234,93,87,27,1.0,0.13,7.53
True,False,0.0,0.0,518438,0,0,0,0,0,0,2,0.0,0.0,0,Kaelan,0.0,611,False,has joined Leyton Orient on loan for the rest of the season.,2025-08-11T01:20:17.436361Z,40,518438.jpg,0.0,False,Casey,0.1,False,,u,19,21,0,0,0,13471,8,0.0,0.0,Casey,,241.0,2022-11-01,2004-10-28,False,p518438,0,0,0,0,0,0,0,0,0,0,0,0,0,0.0,0.0,0.0,0.0,0,0,0,0,0,0.00,0.00,0.00,0.00,,,,,,,[],,611,227,605,227,574,223,614,228,0.0,0.0,0.0,0.0,0.0,0.0,722,186,498,193,622,227,560,199,0.0,0.0,0.0
True,False,0.0,0.0,224024,0,0,-1,1,0,1,3,0.0,0.0,0,Lucas,0.0,612,False,has joined Flamengo permanently.,2026-01-15T20:30:10.468843Z,59,224024.jpg,3.8,False,Tolentino Coelho de Lima,1.0,False,,u,19,21,69,897173,0,978552,103,0.0,11.7,L.Paquetá,,30.0,2022-08-29,1997-08-27,False,p224024,1513,4,2,3,33,0,0,0,5,1,0,8,291,374.6,397.2,186.0,95.7,30,76,40,146,18,2.85,2.00,4.85,24.22,,,,,,,[],,189,74,85,61,195,103,153,78,0.17,0.0,0.12,0.29,1.44,1.96,95,63,820,367,83,39,199,70,1.07,0.18,8.68
True,True,100.0,100.0,215439,0,0,-3,3,0,2,3,3.6,3.6,1,Tomáš,3.6,613,False,,2025-09-13T21:30:08.395458Z,57,215439.jpg,2.9,False,Souček,0.4,False,,a,19,21,100,68820,1598,125728,495,0.6,17.5,Souček,,57.0,2020-07-28,1995-02-27,False,p215439,2100,5,2,6,43,0,0,0,3,1,0,9,411,504.0,189.0,408.0,110.3,110,63,43,216,23,4.90,0.51,5.41,36.88,,,,,,,[],,119,37,208,136,72,41,114,66,0.21,0.0,0.02,0.23,1.58,1.84,114,72,84,39,210,82,291,100,0.99,0.26,9.26
True,True,100.0,100.0,450070,0,0,-1,1,0,2,3,1.8,1.8,2,Crysencio,1.8,615,False,,2026-03-10T01:30:11.941511Z,54,450070.jpg,3.5,False,Summerville,1.3,False,,a,19,21,104,618437,3360,469748,1657,0.3,19.3,Summerville,,152.0,2024-08-03,2001-10-30,False,p450070,2380,5,3,7,42,0,0,0,6,0,0,10,387,413.4,429.3,533.0,137.3,50,117,41,208,28,5.39,3.01,8.40,35.98,2.0,,,,,,[],,168,61,73,54,44,26,68,42,0.2,0.0,0.11,0.31,1.36,1.59,167,103,210,89,122,53,176,63,1.06,0.26,7.87
True,False,0.0,0.0,213999,0,0,-1,1,0,0,3,0.0,0.0,0,Edson,0.0,616,False,Has joined Fenerbahçe on loan for the rest of the season.,2025-08-26T13:45:35.073930Z,49,213999.jpg,0.0,False,Álvarez Velázquez,0.0,False,,u,19,21,0,1147,0,16148,1,0.0,0.0,Álvarez,,139.0,2023-08-10,1997-10-24,False,p213999,0,0,0,0,0,0,0,0,0,0,0,0,0,0.0,0.0,0.0,0.0,0,0,0,0,0,0.00,0.00,0.00,0.00,,,,,,,[],,789,342,786,343,782,341,789,342,0.0,0.0,0.0,0.0,0.0,0.0,305,190,741,312,790,343,599,225,0.0,0.0,0.0
True,False,0.0,0.0,149519,0,0,-1,1,0,0,3,0.0,0.0,0,Maxwel,0.0,617,False,has joined Genoa on loan for the rest of the season.,2025-09-02T12:21:17.687537Z,49,149519.jpg,0.0,False,Cornet,0.0,False,,u,19,21,0,246,0,3232,0,0.0,0.0,Cornet,,54.0,2022-08-07,1996-09-27,False,p149519,0,0,0,0,0,0,0,0,0,0,0,0,0,0.0,0.0,0.0,0.0,0,0,0,0,0,0.00,0.00,0.00,0.00,,,,,,,[],,786,340,783,341,779,339,786,340,0.0,0.0,0.0,0.0,0.0,0.0,285,175,733,307,787,341,720,297,0.0,0.0,0.0
True,False,0.0,0.0,197024,0,0,-2,2,0,0,3,0.0,0.0,0,Guido,0.0,618,False,has joined Valencia on loan for the rest of the season.,2026-01-27T16:46:42.877713Z,48,197024.jpg,1.3,False,Rodríguez,0.0,False,,u,19,21,8,2295,0,6267,2,0.0,1.7,G.Rodriguez,,10.0,2024-08-06,1994-04-12,False,p197024,175,0,0,1,2,0,0,0,1,0,0,0,30,9.8,6.0,2.0,1.7,4,10,1,15,2,0.03,0.04,0.07,2.59,,,,,,,[],,474,209,456,218,459,227,485,218,0.02,0.0,0.02,0.04,1.33,1.03,349,220,722,300,442,194,616,235,1.03,0.51,7.71
True,False,0.0,0.0,577114,0,0,-1,1,0,0,3,0.0,0.0,0,Luis Guilherme,0.0,619,False,has joined Sporting CP permanently.,2026-01-07T10:24:45.612642Z,49,577114.jpg,1.0,False,Lira dos Santos,0.0,False,,u,19,21,5,868,0,3447,2,0.0,1.0,L.Guilherme,,30.0,2024-06-14,2006-02-09,False,p577114,121,0,0,0,2,0,0,0,0,0,0,0,11,9.2,14.5,4.0,2.5,2,8,1,11,1,0.07,0.03,0.10,1.82,,,,,,,[],,477,212,421,207,445,218,476,213,0.05,0.0,0.02,0.07,1.35,1.49,337,209,758,324,506,231,696,279,0.74,0.0,8.18
True,False,0.0,0.0,490885,0,0,0,0,0,0,3,0.0,0.0,0,George,0.0,620,False,has joined Bristol City on loan for the rest of the season.,2026-01-15T12:52:30.193987Z,45,490885.jpg,1.0,False,Earthy,0.0,False,,u,19,21,1,3770,0,9666,5,0.0,0.2,Earthy,,241.0,2023-07-14,2004-09-05,False,p490885,8,0,0,0,1,0,0,0,0,0,0,0,3,0.0,1.5,2.0,0.4,0,0,0,0,0,0.00,0.01,0.01,0.73,,,,,,,[],,716,282,477,229,455,224,510,232,0.0,0.0,0.11,0.11,8.21,11.25,447,267,639,232,488,217,614,234,0.0,0.0,0.0
True,False,0.0,0.0,229384,0,0,-2,2,0,0,3,0.0,0.0,0,Andy,0.0,621,False,has joined Sparta Prague permanently.,2026-01-19T15:40:15.184233Z,43,229384.jpg,1.3,False,Irving,0.2,False,,u,19,21,9,43311,0,57378,39,0.0,2.1,Irving,,243.0,2023-08-31,2000-05-13,False,p229384,156,0,0,0,4,0,0,0,0,0,0,0,49,31.6,52.3,2.0,8.6,2,14,6,22,2,0.00,0.17,0.17,4.03,,,,,,,[],,448,197,359,187,450,221,437,196,0.0,0.0,0.1,0.1,2.32,2.31,591,353,555,179,438,191,378,131,1.15,0.0,12.69
True,False,0.0,0.0,518442,0,0,-1,1,0,0,3,0.0,0.0,0,Lewis,0.0,622,False,has joined Stevenage on loan for the rest of the season.,2025-09-02T12:14:36.944075Z,44,518442.jpg,0.0,False,Orford,0.1,False,,u,19,21,0,1052,0,12049,5,0.0,0.0,Orford,,241.0,2022-11-01,2006-02-18,False,p518442,0,0,0,0,0,0,0,0,0,0,0,0,0,0.0,0.0,0.0,0.0,0,0,0,0,0,0.00,0.00,0.00,0.00,,,,,,,[],,680,258,678,263,657,253,682,260,0.0,0.0,0.0,0.0,0.0,0.0,558,337,595,204,689,266,582,217,0.0,0.0,0.0
True,True,100.0,100.0,490142,0,0,-2,2,0,0,3,0.2,0.2,0,Freddie,0.2,623,False,,2026-02-14T16:00:06.838115Z,43,490142.jpg,1.7,False,Potts,0.5,False,,a,19,21,37,150599,195,176860,248,0.0,8.6,Potts,,241.0,2021-12-08,2003-09-12,False,p490142,1162,0,1,1,25,0,0,0,1,0,0,0,215,191.2,141.3,37.0,37.1,51,39,29,119,12,0.21,1.06,1.27,21.35,,,,,,,[],,308,133,251,160,359,184,339,163,0.02,0.0,0.08,0.1,1.65,1.94,602,358,358,158,391,167,267,90,0.93,0.08,9.22
True,True,,,178186,0,0,-3,3,0,4,4,3.6,3.6,2,Jarrod,3.6,624,False,,,77,178186.jpg,4.7,False,Bowen,12.7,False,,a,19,21,175,3839832,38624,4072730,17201,0.5,22.7,Bowen,,241.0,2020-01-31,1996-12-20,False,p178186,3316,8,12,7,63,0,0,0,4,0,0,25,684,826.8,667.8,787.0,228.2,72,155,48,275,37,6.99,5.04,12.03,56.57,1.0,,1.0,,2.0,,[],,21,3,29,1,16,9,10,3,0.19,0.0,0.14,0.33,1.54,1.71,19,6,85,13,25,4,30,8,1.0,0.19,7.46
True,False,0.0,0.0,91889,0,0,-4,4,0,0,4,0.0,0.0,0,Niclas,0.0,625,False,has joined AC Milan on loan for the rest of the season.,2026-01-02T18:40:36.220660Z,56,91889.jpg,1.5,False,Füllkrug,0.6,False,,u,19,21,12,47611,0,393408,30,0.0,2.1,Füllkrug,,80.0,2024-08-05,1993-02-09,False,p91889,407,0,0,1,11,0,0,0,0,0,0,0,28,26.0,85.1,130.0,23.8,7,10,2,19,5,0.93,0.21,1.14,8.59,,,,,,,[],,455,52,310,35,248,48,384,49,0.21,0.0,0.05,0.26,1.9,2.43,121,34,817,88,422,49,255,37,1.11,0.22,4.2
True,False,0.0,0.0,565431,0,0,-2,2,0,0,4,0.0,0.0,0,Callum,0.0,626,False,has joined VfL Bochum 1848 on loan for the rest of the season.,2026-01-08T10:37:12.178122Z,43,565431.jpg,1.0,False,Marshall,0.5,False,,u,19,21,2,63604,0,108622,47,0.0,0.5,Marshall,,242.0,2023-09-26,2004-11-28,False,p565431,58,0,0,0,2,0,0,0,0,0,0,0,0,1.2,0.1,7.0,0.8,2,1,0,3,0,0.13,0.00,0.13,1.55,,,,,,,[],,511,60,496,62,433,60,500,60,0.2,0.0,0.0,0.2,2.41,3.1,618,86,570,60,479,58,270,42,0.0,0.0,4.66
True,True,,,158534,0,0,-3,3,0,0,2,1.8,1.8,0,Kyle,1.8,659,False,,,42,158534.jpg,2.1,False,Walker-Peters,0.3,False,,a,19,21,47,38828,81,58207,123,0.4,11.2,Walker-Peters,,241.0,2025-07-20,1997-04-13,False,p158534,1288,1,0,3,25,0,0,0,2,0,0,0,201,263.4,123.2,106.0,49.3,48,55,44,92,14,1.13,0.37,1.50,26.03,,,,,,,[],,266,105,273,77,272,77,300,98,0.08,0.0,0.03,0.11,1.82,1.75,637,141,197,72,328,123,341,122,0.98,0.21,6.43
True,True,100.0,100.0,75115,0,0,-2,2,0,1,4,1.8,1.8,2,Callum,1.8,671,False,,2026-04-08T15:00:09.529188Z,58,75115.jpg,2.4,False,Wilson,0.5,False,,a,19,21,75,211658,930,225182,230,0.3,12.9,Wilson,,241.0,2025-08-02,1992-02-27,False,p75115,1189,6,2,1,24,0,0,0,1,0,0,7,268,264.8,98.5,481.0,83.2,9,26,4,39,11,7.15,0.49,7.64,20.96,,,,,,,[],,264,25,298,33,54,23,186,26,0.54,0.0,0.04,0.58,1.59,1.82,103,29,214,28,295,33,266,40,0.83,0.08,2.95
True,True,,,467189,0,0,-3,3,0,1,1,3.4,3.4,5,Mads,3.4,679,False,,,42,467189.jpg,4.1,False,Hermansen,0.8,False,,a,19,21,69,134957,2614,74445,433,0.8,16.4,Hermansen,,58.0,2025-08-09,2000-07-11,False,p467189,1530,0,1,6,28,0,0,0,0,0,52,8,252,400.8,20.0,0.0,42.1,20,156,0,0,17,0.00,0.01,0.01,22.39,,,,,,,[],,177,21,411,7,616,73,326,21,0.0,3.06,0.0,0.0,1.32,1.65,645,34,93,10,53,4,217,27,1.0,0.35,0.0
True,True,100.0,100.0,551226,0,0,0,0,0,1,3,3.4,3.4,4,Mateus Gonçalo,3.4,708,False,,2026-01-15T20:30:10.600167Z,55,551226.jpg,3.6,False,Espanha Fernandes,0.4,False,,a,19,21,126,146474,2525,103107,516,0.6,22.9,M.Fernandes,Mateus Fernandes,173.0,2025-08-29,2004-07-10,False,p551226,2927,3,3,7,50,0,0,0,7,0,0,6,627,621.2,595.7,176.0,139.3,82,177,98,357,34,1.98,2.79,4.77,46.71,4.0,,,,,,[],,70,19,35,32,212,114,65,40,0.06,0.0,0.09,0.15,1.44,1.54,147,92,94,45,105,45,285,96,1.05,0.22,10.98
True,True,,,564940,0,0,0,0,0,0,3,0.2,0.2,0,Soungoutou,0.2,718,False,,,50,564940.jpg,1.9,False,Magassa,0.0,False,,a,19,21,42,5615,8,5261,10,0.0,8.4,S.Magassa,,73.0,2025-08-30,2003-10-08,False,p564940,971,1,0,2,23,0,0,0,4,0,0,2,185,182.0,83.4,44.0,31.0,33,54,40,127,11,0.44,0.32,0.76,19.03,,,,,,,[],,318,139,317,175,349,181,364,173,0.04,0.0,0.03,0.07,1.76,2.13,275,169,376,171,358,154,661,262,1.02,0.19,11.77
True,True,100.0,100.0,37096,0,0,0,0,0,0,1,0.0,0.0,0,Lukasz,0.0,738,False,,2026-01-05T18:30:10.223348Z,45,37096.jpg,0.0,False,Fabianski,0.0,False,,a,19,21,0,7664,277,6428,38,0.0,0.0,Fabianski,,172.0,2025-09-10,1985-04-18,False,p37096,0,0,0,0,0,0,0,0,0,0,0,0,0,0.0,0.0,0.0,0.0,0,0,0,0,0,0.00,0.00,0.00,0.00,,,,,,,[],,695,94,692,88,673,78,697,94,0.0,0.0,0.0,0.0,0.0,0.0,408,22,614,88,702,94,608,80,0.0,0.0,0.0
True,True,,,602903,0,0,0,0,0,0,2,0.0,0.0,0,Ezra,0.0,747,False,,,40,602903.jpg,1.0,False,Mayers,0.0,False,,a,19,21,6,2960,10,2618,16,0.0,1.5,Mayers,,241.0,2024-11-29,2007-01-16,False,p602903,113,0,0,0,3,0,0,0,0,0,0,0,18,21.8,34.9,9.0,6.6,5,6,0,5,0,0.12,0.49,0.61,3.21,,,,,,,[],,461,169,388,140,426,161,451,162,0.1,0.0,0.39,0.49,2.56,2.39,741,202,517,209,470,172,622,222,0.0,0.0,3.98
True,True,,,643473,0,0,0,0,0,0,2,0.0,0.0,0,Airidas,0.0,752,False,,,40,643473.jpg,0.0,False,Golambeckis,0.0,False,,a,19,21,0,2755,38,2456,21,0.0,0.0,Golambeckis,,241.0,2025-07-23,2007-11-04,False,p643473,0,0,0,0,0,0,0,0,0,0,0,0,0,0.0,0.0,0.0,0.0,0,0,0,0,0,0.00,0.00,0.00,0.00,,,,,,,[],,636,248,630,248,601,246,639,249,0.0,0.0,0.0,0.0,0.0,0.0,752,212,527,218,647,248,632,226,0.0,0.0,0.0
True,True,,,630699,0,0,0,0,0,0,3,0.2,0.2,0,Mohamadou,0.2,758,False,,,45,630699.jpg,0.8,False,Kanté,0.0,False,,a,19,21,8,2478,26,1624,16,0.0,1.8,Mohamadou Kanté,,73.0,2024-08-22,2005-09-20,False,p630699,65,0,0,0,1,0,0,0,2,0,0,0,27,17.8,12.9,12.0,3.9,2,7,6,15,0,0.07,0.04,0.11,1.80,,,,,,,[],,464,205,426,209,418,203,469,209,0.1,0.0,0.06,0.16,2.49,1.38,513,321,368,164,526,243,729,304,0.0,0.0,20.77
True,True,100.0,100.0,530335,0,0,-1,1,0,0,4,1.6,1.6,1,Pablo Felipe,1.6,785,False,,2026-02-11T13:00:10.463810Z,54,530335.jpg,1.9,False,Pereira de Jesus,0.0,False,,a,19,21,25,6941,95,5346,47,0.3,4.6,Pablo,Pablo,30.0,2026-01-02,2004-01-02,False,p530335,774,0,1,3,12,0,0,0,0,0,0,0,97,105.2,164.9,95.0,36.7,18,27,26,71,9,0.82,0.99,1.81,11.76,,,,,,,[],,383,44,227,24,287,50,342,44,0.1,0.0,0.12,0.22,1.37,1.4,175,41,220,30,363,40,704,89,1.05,0.35,8.26
True,True,,,247670,0,0,0,0,0,0,4,2.2,2.2,6,Valentín,2.2,791,False,,,55,247670.jpg,3.1,False,Castellanos,0.2,False,,a,19,21,53,64011,1254,42227,332,0.4,9.6,Taty,,10.0,2026-01-05,1998-10-03,False,p247670,1297,5,1,8,16,0,0,0,6,0,0,3,208,247.6,174.1,531.0,94.1,27,29,11,67,16,4.92,0.80,5.72,18.36,,,,,,,[],,272,27,222,23,45,18,157,24,0.34,0.0,0.06,0.4,1.27,1.11,140,35,170,23,187,19,398,59,1.11,0.56,4.65
True,True,,,572702,0,0,0,0,0,0,3,0.0,0.0,0,Keiber,0.0,802,False,,,50,572702.jpg,0.0,False,Lamadrid,0.0,False,,a,19,21,0,689,8,534,4,0.0,0.0,Lamadrid,,233.0,2026-01-22,2003-11-18,False,p572702,0,0,0,0,0,0,0,0,0,0,0,0,0,0.0,0.0,0.0,0.0,0,0,0,0,0,0.00,0.00,0.00,0.00,,,,,,,[],,813,361,813,362,808,360,813,361,0.0,0.0,0.0,0.0,0.0,0.0,278,171,777,338,814,362,769,328,0.0,0.0,0.0
True,True,,,220362,0,0,0,0,0,0,2,3.2,3.2,1,Axel,3.2,815,False,,,45,220362.jpg,3.3,False,Disasi,0.2,False,,a,19,21,43,39515,515,17465,258,0.7,9.6,Disasi,,73.0,2026-02-02,1998-03-11,False,p220362,1164,0,0,5,17,1,0,0,1,0,0,1,166,216.0,19.3,84.0,31.9,72,29,14,86,13,1.10,0.02,1.12,16.95,,,,,,,[],,291,116,412,150,301,91,360,121,0.09,0.0,0.0,0.09,1.31,1.31,422,82,100,32,146,51,394,146,1.01,0.39,6.65
True,True,,,553742,0,0,0,0,0,0,1,0.0,0.0,0,Finlay,0.0,825,False,,,40,553742.jpg,0.0,False,Herrick,0.0,False,,a,19,21,0,398,19,172,4,0.0,0.0,Herrick,,241.0,2024-08-02,2006-01-18,False,p553742,0,0,0,0,0,0,0,0,0,0,0,0,0,0.0,0.0,0.0,0.0,0,0,0,0,0,0.00,0.00,0.00,0.00,,,,,,,[],,616,87,610,76,580,62,619,87,0.0,0.0,0.0,0.0,0.0,0.0,728,66,504,77,627,87,795,92,0.0,0.0,0.0
True,True,0.0,0.0,101982,0,0,-1,1,0,0,1,0.0,0.0,0,Sam,0.0,627,False,Shoulder injury - Expected back 25 May,2026-04-09T16:30:11.143730Z,44,101982.jpg,1.8,False,Johnstone,0.1,False,,i,20,39,21,21116,35,27056,45,0.0,4.8,Johnstone,,241.0,2024-08-30,1993-03-25,False,p101982,1080,0,0,0,24,1,0,0,0,0,39,0,117,308.0,0.1,0.0,30.8,24,107,2,0,12,0.00,0.02,0.02,18.59,,,,,,,[],https://www.wolves.co.uk/news/features/20260409-preview-west-ham-vs-wolves/?utm_source=premier_league&utm_medium=referral&utm_campaign=fantasy&utm_content=injuries-flag,237,23,497,17,644,76,365,23,0.0,3.25,0.0,0.0,1.55,2.0,531,25,580,86,375,36,445,63,1.0,0.0,0.0
True,True,100.0,100.0,149065,0,0,-3,3,0,2,1,1.2,0.7,3,José,1.2,628,False,,2026-05-01T15:00:10.548658Z,42,149065.jpg,2.8,False,Malheiro de Sá,1.1,False,,a,20,39,62,125835,1123,227602,247,0.3,14.8,José Sá,José Sá,173.0,2021-07-15,1993-01-17,False,p149065,1980,0,0,4,36,0,0,0,2,0,58,6,278,469.4,10.0,0.0,48.3,44,202,0,0,22,0.00,0.04,0.04,34.26,,,,,,,[],,140,19,437,11,613,70,302,19,0.0,2.64,0.0,0.0,1.56,1.64,636,31,245,19,215,24,196,23,1.0,0.18,0.0
True,True,100.0,100.0,79602,0,0,-1,1,0,0,1,1.0,0.5,0,Daniel,1.0,629,False,,2026-01-15T19:30:10.431067Z,39,79602.jpg,2.0,False,Bentley,0.5,False,,a,20,39,6,27510,144,58063,149,0.3,1.5,Bentley,,241.0,2023-01-25,1993-07-13,False,p79602,270,0,0,0,7,0,0,0,0,0,7,0,24,65.4,0.0,0.0,6.5,5,26,0,0,3,0.00,0.00,0.00,5.10,,,,,,,[],,417,34,529,25,497,11,452,34,0.0,2.33,0.0,0.0,1.7,2.33,759,71,261,20,341,32,271,36,1.0,0.0,0.0
True,False,0.0,0.0,516939,0,0,-3,3,0,0,2,0.0,0.0,0,Emmanuel,0.0,631,False,has joined Besiktas permanently.,2026-02-08T15:58:03.693568Z,42,516939.jpg,1.6,False,Agbadou,0.1,False,,u,20,39,23,24605,0,63769,7,0.0,5.5,Agbadou,,54.0,2025-01-09,1997-06-17,False,p516939,1100,0,0,0,29,0,0,0,1,1,0,0,86,312.2,76.0,75.0,46.4,93,65,32,125,12,0.57,0.40,0.97,18.26,,,,,,,[],,232,93,331,112,309,96,313,105,0.05,0.0,0.03,0.08,1.49,2.37,649,150,544,228,405,148,464,172,0.98,0.0,10.23
True,True,100.0,100.0,87835,0,0,-1,1,0,0,2,0.5,0.0,0,Matt,0.5,632,False,,2026-04-09T16:30:11.158227Z,44,87835.jpg,1.3,False,Doherty,0.1,False,,a,20,39,14,7199,27,21518,17,0.1,3.2,Doherty,,104.0,2023-07-20,1992-01-16,False,p87835,786,0,0,1,15,0,0,0,4,0,0,0,59,132.4,51.1,20.0,20.5,50,28,16,66,11,0.09,0.19,0.28,14.13,,,,,,,[],,357,134,361,129,397,142,391,137,0.01,0.0,0.02,0.03,1.62,1.72,529,100,322,119,439,159,513,182,1.26,0.11,7.56
True,True,100.0,100.0,490721,0,0,-2,2,0,1,2,2.2,1.7,1,Hugo,2.2,633,False,,2025-12-19T14:30:09.734923Z,43,490721.jpg,2.4,False,Bueno López,0.2,False,,a,20,39,82,63368,294,55083,174,0.5,19.1,H.Bueno,Hugo Bueno,200.0,2021-01-29,2002-09-18,False,p490721,2343,1,3,4,44,0,0,0,3,0,0,4,322,554.2,673.6,167.0,139.8,108,115,64,172,26,0.78,3.49,4.27,39.77,1.0,,,,,,[],,95,42,28,2,216,56,63,11,0.03,0.0,0.13,0.16,1.53,1.69,604,136,165,56,285,110,402,149,1.0,0.15,6.61
True,True,100.0,100.0,501837,0,0,-2,2,0,1,2,1.8,1.3,2,Yerson,1.8,634,False,,2026-04-10T23:00:10.249892Z,43,501837.jpg,2.2,False,Mosquera Valdelamar,0.1,False,,a,20,39,58,20123,167,20154,53,0.4,13.5,Mosquera,,48.0,2021-06-17,2001-05-02,False,p501837,2047,0,0,4,39,2,0,0,11,0,0,3,200,396.8,139.7,254.0,79.1,149,88,57,206,23,2.28,0.59,2.87,35.44,,,,,,,[],,181,74,253,64,133,25,200,70,0.1,0.0,0.03,0.13,1.56,1.71,610,137,199,74,314,118,515,184,1.01,0.18,9.06
True,True,100.0,100.0,483081,0,0,-1,1,0,0,2,2.5,2.0,2,Rodrigo,2.5,635,False,,2025-10-31T09:00:09.735105Z,44,483081.jpg,2.2,False,Martins Gomes,0.1,False,,a,20,39,46,15560,96,18729,48,0.6,10.5,R.Gomes,Rodrigo Gomes,173.0,2024-07-01,2003-07-07,False,p483081,873,3,0,1,17,0,0,0,0,0,0,0,99,182.6,74.7,218.0,47.5,22,29,21,43,8,2.11,0.39,2.50,13.30,,,,,,,[],,317,123,333,113,162,35,308,103,0.22,0.0,0.04,0.26,1.37,1.75,553,117,150,51,315,119,535,190,0.82,0.1,4.43
True,True,100.0,100.0,231480,0,0,-1,1,0,1,2,3.8,3.3,2,Santiago,3.8,636,False,,2025-12-29T19:30:09.980940Z,44,231480.jpg,3.2,False,Ignacio Bueno,0.1,False,,a,20,39,90,44207,1582,36883,160,0.9,20.5,S.Bueno,Santiago Bueno,230.0,2023-08-31,1998-11-09,False,p231480,2462,3,2,4,46,0,0,0,4,0,0,4,307,588.8,121.5,224.0,93.2,157,65,51,208,27,1.97,1.45,3.42,42.74,,,,,,,[],,80,36,278,81,155,30,163,55,0.07,0.0,0.05,0.12,1.56,1.68,541,109,69,21,158,59,432,162,0.99,0.15,7.6
True,True,100.0,100.0,510362,0,0,-3,3,0,0,2,2.2,1.7,0,Toti,2.2,637,False,,2025-12-23T17:30:09.064024Z,42,510362.jpg,2.2,False,Gomes,0.1,False,,a,20,39,40,9432,69,21211,25,0.5,9.5,Toti,Toti Gomes,173.0,2022-01-14,1999-01-16,False,p510362,1399,0,0,1,33,0,0,0,1,1,0,0,137,347.2,92.6,71.0,51.3,119,52,23,142,17,0.53,0.29,0.82,25.01,,,,,,,[],,207,87,304,98,317,100,291,93,0.03,0.0,0.02,0.05,1.61,2.12,648,149,163,54,313,117,514,183,1.09,0.06,9.14
True,False,0.0,0.0,441271,0,0,-2,2,0,0,2,0.0,0.0,0,Ki-Jana,0.0,638,False,has joined Sheffield United on loan for the rest of the season.,2026-01-15T12:48:19.136376Z,38,441271.jpg,1.2,False,Hoever,0.9,False,,u,20,39,10,121813,0,272765,274,0.0,2.6,Hoever,,152.0,2020-09-19,2002-01-18,False,p441271,423,0,0,0,13,0,0,0,0,0,0,0,38,101.4,87.8,13.0,20.3,27,16,13,40,6,0.02,0.36,0.38,9.36,,,,,,,[],,386,142,306,100,415,155,393,138,0.0,0.0,0.08,0.08,1.99,2.77,811,244,404,148,448,160,214,84,1.28,0.0,8.51
True,False,0.0,0.0,560248,0,0,0,0,0,0,2,0.0,0.0,0,Bastien,0.0,639,False,On loan to FC Alverca,2025-07-23T18:49:36.204721Z,40,560248.jpg,0.0,False,Meupiyou Menadjou,0.0,False,,u,20,39,0,0,0,908,2,0.0,0.0,Meupiyou,,73.0,2024-08-29,2006-03-19,False,p560248,0,0,0,0,0,0,0,0,0,0,0,0,0,0.0,0.0,0.0,0.0,0,0,0,0,0,0.00,0.00,0.00,0.00,,,,,,,[],,618,232,612,232,582,229,621,233,0.0,0.0,0.0,0.0,0.0,0.0,730,192,506,199,629,232,777,261,0.0,0.0,0.0
True,True,100.0,100.0,641221,0,0,0,0,0,0,2,1.2,0.7,1,Pedro,1.2,640,False,,2025-09-02T13:11:07.466362Z,40,641221.jpg,1.1,False,Cardoso de Lima,0.4,False,,a,20,39,9,11742,63,91588,59,0.3,2.2,Pedro Lima,Pedro Lima,30.0,2024-07-02,2006-07-01,False,p641221,249,0,0,0,6,0,0,0,0,0,0,0,14,30.2,48.5,20.0,9.8,11,10,7,18,3,0.18,0.37,0.55,4.35,,,,,,,[],,449,165,365,130,396,141,430,156,0.07,0.0,0.13,0.2,1.57,2.17,750,210,244,90,455,163,297,110,1.08,0.0,6.51
True,False,0.0,0.0,517179,0,0,-1,1,0,0,2,0.0,0.0,0,Alfie,0.0,641,False,has joined Crewe Alexandra on loan for the rest of the season.,2026-01-07T20:20:32.671640Z,39,517179.jpg,0.0,False,Pond,0.9,False,,u,20,39,0,85684,0,154028,197,0.0,0.0,Pond,,241.0,2024-09-17,2004-03-01,False,p517179,0,0,0,0,0,0,0,0,0,0,0,0,0,0.0,0.0,0.0,0.0,0,0,0,0,0,0.00,0.00,0.00,0.00,,,,,,,[],,563,205,552,205,520,200,566,206,0.0,0.0,0.0,0.0,0.0,0.0,788,227,443,167,575,206,205,79,0.0,0.0,0.0
True,True,100.0,100.0,184754,0,0,-4,4,0,0,3,1.8,1.3,5,Hwang,1.8,642,False,,2026-02-07T22:00:09.311834Z,56,184754.jpg,2.1,False,Hee-chan,0.1,False,,a,20,39,53,52231,469,62291,41,0.3,9.5,Hee Chan,Hwang Hee-Chan,114.0,2022-07-01,1996-01-26,False,p184754,1349,2,2,2,28,0,0,0,4,0,0,0,154,157.0,191.3,160.0,49.6,28,48,9,85,17,2.32,1.23,3.55,22.39,,,2.0,,3.0,,[],,339,154,207,135,226,122,297,151,0.15,0.0,0.08,0.23,1.49,1.87,124,77,212,91,337,146,463,160,1.13,0.13,5.67
True,True,100.0,100.0,509291,0,0,-3,3,0,1,3,1.8,1.3,3,André,1.8,643,False,,2026-02-07T22:00:09.326016Z,52,509291.jpg,2.7,False,Trindade da Costa Neto,0.1,False,,a,20,39,92,26907,144,27641,112,0.3,17.7,André,André,30.0,2024-08-30,2001-07-16,False,p509291,2670,1,0,2,52,0,0,0,12,0,0,4,459,407.4,319.8,42.0,76.9,87,206,77,370,29,0.50,0.99,1.49,46.31,,,,,,,[],,173,65,125,86,355,183,208,98,0.02,0.0,0.03,0.05,1.56,1.75,215,132,207,88,243,95,478,168,0.98,0.07,12.47
True,True,100.0,100.0,231057,0,0,-4,4,0,0,3,0.5,0.0,1,Jean-Ricner,0.5,644,False,,2025-12-09T13:00:10.361407Z,51,231057.jpg,1.7,False,Bellegarde,0.0,False,,a,20,39,44,7541,25,13689,15,0.1,8.6,Bellegarde,,92.0,2023-09-01,1998-06-27,False,p231057,1239,1,1,3,30,0,0,0,5,0,0,0,208,195.4,210.3,145.0,54.6,33,44,28,105,15,1.04,1.06,2.10,23.51,,,4.0,,,,[],,307,132,189,124,237,130,282,144,0.08,0.0,0.08,0.16,1.71,2.18,232,141,333,145,400,172,598,224,1.09,0.22,7.63
True,False,0.0,0.0,643135,0,0,-4,4,0,0,3,0.0,0.0,0,Fer,0.0,645,False,has joined Celta Vigo on loan for the rest of the season.,2026-01-27T16:47:01.662371Z,51,643135.jpg,1.3,False,López González,0.0,False,,u,20,39,12,1383,0,5002,4,0.0,2.4,Fer López,,200.0,2025-06-20,2004-05-24,False,p643135,228,0,1,0,9,0,0,0,1,0,0,0,38,29.0,61.0,37.0,12.4,1,10,1,12,2,0.16,0.61,0.77,3.98,,,,,,,[],,452,200,349,185,361,186,419,191,0.06,0.0,0.24,0.3,1.57,3.55,241,145,785,345,445,197,663,264,0.79,0.0,4.74
True,True,100.0,100.0,448089,0,0,-2,2,0,1,3,2.8,2.3,2,João Victor,2.8,646,False,,2026-01-05T19:30:09.679999Z,53,448089.jpg,3.1,False,Gomes da Silva,0.3,False,,a,20,39,107,108824,742,91635,555,0.5,20.2,J.Gomes,João Gomes,30.0,2023-01-30,2001-02-12,False,p448089,2829,1,2,4,56,0,0,0,10,0,0,6,529,486.6,353.4,176.0,102.0,87,193,107,387,32,1.29,2.09,3.38,48.60,,,3.0,,,,[],,133,45,107,75,211,113,134,73,0.04,0.0,0.07,0.11,1.55,1.78,192,122,138,61,186,73,336,114,1.02,0.13,12.31
True,False,0.0,0.0,181284,0,0,0,0,0,0,3,0.0,0.0,0,Gonçalo Manuel,0.0,647,False,Has joined Real Sociedad permanently.,2025-08-11T01:21:19.226169Z,55,181284.jpg,0.0,False,Ganchinho Guedes,0.0,False,,u,20,39,0,0,0,796,0,0.0,0.0,Guedes,,173.0,2022-08-08,1996-11-29,False,p181284,0,0,0,0,0,0,0,0,0,0,0,0,0,0.0,0.0,0.0,0.0,0,0,0,0,0,0.00,0.00,0.00,0.00,,,,,,,[],,826,370,827,371,825,370,826,370,0.0,0.0,0.0,0.0,0.0,0.0,137,85,812,362,827,371,807,355,0.0,0.0,0.0
True,False,0.0,0.0,433312,0,0,-2,2,0,0,3,0.0,0.0,0,Marshall,0.0,648,False,has joined Paris FC on loan for the rest of the season.,2025-12-04T10:30:09.808170Z,53,433312.jpg,2.9,False,Munetsi,0.0,False,,u,20,39,38,19177,0,23255,1,0.0,7.2,Munetsi,,239.0,2025-02-03,1996-06-22,False,p433312,872,1,2,0,19,0,0,0,2,0,0,1,131,163.6,61.8,196.0,42.1,39,20,21,80,9,1.64,0.38,2.02,13.36,,,,,,,[],,334,151,348,184,182,98,327,156,0.17,0.0,0.04,0.21,1.38,1.96,190,121,793,349,207,80,636,245,0.93,0.0,8.26
True,False,0.0,0.0,476502,0,0,0,0,0,0,3,0.0,0.0,0,Boubacar,0.0,649,False,Has joined FC Metz on loan for the rest of the season.,2025-07-25T14:53:52.740212Z,50,476502.jpg,0.0,False,Traoré,0.0,False,,u,20,39,0,0,0,162,0,0.0,0.0,B.Traore,,132.0,2023-07-01,2001-08-20,False,p476502,0,0,0,0,0,0,0,0,0,0,0,0,0,0.0,0.0,0.0,0.0,0,0,0,0,0,0.00,0.00,0.00,0.00,,,,,,,[],,806,356,806,357,801,355,806,356,0.0,0.0,0.0,0.0,0.0,0.0,263,159,769,332,807,357,829,369,0.0,0.0,0.0
True,False,0.0,0.0,497606,0,0,-2,2,0,0,3,0.0,0.0,0,Tawanda,0.0,650,False,has joined Barnsley on loan for the rest of the season.,2026-02-02T13:41:26.666899Z,43,497606.jpg,1.0,False,Chirewa,0.2,False,,u,20,39,2,30885,0,49690,24,0.0,0.5,Chirewa,,239.0,2023-12-01,2003-10-12,False,p497606,25,0,0,0,0,0,0,0,0,0,0,0,4,3.2,0.3,0.0,0.4,1,1,2,4,0,0.00,0.00,0.00,0.50,,,,,,,[],,496,225,492,238,628,234,509,231,0.0,0.0,0.0,0.0,1.8,0.0,607,361,561,183,476,206,389,133,0.0,0.0,14.4
True,True,,,596054,0,0,-2,2,0,0,3,0.2,-0.3,0,Tom,0.2,651,False,,,43,596054.jpg,2.7,False,Edozie,0.4,False,,a,20,39,8,68971,78,76219,156,0.0,1.9,Edozie,,241.0,2024-11-22,2006-05-18,False,p596054,12,1,0,0,0,0,0,0,0,0,0,0,27,34.4,0.4,23.0,5.8,0,1,0,1,0,0.23,0.00,0.23,0.20,,,,,,,[],,442,193,490,236,386,195,456,203,1.72,0.0,0.0,1.72,1.5,0.0,622,371,360,160,235,91,296,103,0.0,0.0,7.5
True,True,,,593001,0,0,-2,2,0,0,3,0.0,-0.5,0,Enso,0.0,652,False,,,43,593001.jpg,0.0,False,González Medina,1.2,False,,a,20,39,0,204914,249,257712,376,0.0,0.0,Gonzalez,,168.0,2023-08-31,2005-01-20,False,p593001,0,0,0,0,0,0,0,0,0,0,0,0,0,0.0,0.0,0.0,0.0,0,0,0,0,0,0.00,0.00,0.00,0.00,,,,,,,[],,662,246,660,252,637,241,664,248,0.0,0.0,0.0,0.0,0.0,0.0,621,370,573,192,673,256,181,64,0.0,0.0,0.0
True,False,0.0,0.0,240299,0,0,0,0,0,0,3,0.0,0.0,0,Joe,0.0,653,False,Signed by CD Tondela,2025-07-23T18:50:21.231185Z,45,240299.jpg,0.0,False,Hodge,0.0,False,,u,20,39,0,0,0,5825,6,0.0,0.0,Hodge,,,,,False,p240299,0,0,0,0,0,0,0,0,0,0,0,0,0,0.0,0.0,0.0,0.0,0,0,0,0,0,0.00,0.00,0.00,0.00,,,,,,,[],,704,271,701,275,683,267,706,273,0.0,0.0,0.0,0.0,0.0,0.0,428,254,625,220,711,277,669,268,0.0,0.0,0.0
True,False,0.0,0.0,449988,0,0,-1,1,0,0,4,0.0,0.0,0,Fábio,0.0,655,False,has joined Borussia Dortmund permanently.,2025-09-02T13:11:07.488555Z,49,449988.jpg,0.0,False,Soares Silva,0.2,False,,u,20,39,0,7178,0,55552,8,0.0,0.0,Fábio Silva,,173.0,2020-09-05,2002-07-19,False,p449988,0,0,0,0,0,0,0,0,0,0,0,0,0,0.0,0.0,0.0,0.0,0,0,0,0,0,0.00,0.00,0.00,0.00,,,,,,,[],,796,87,793,86,789,86,796,87,0.0,0.0,0.0,0.0,0.0,0.0,323,61,752,80,797,87,410,61,0.0,0.0,0.0
True,False,0.0,0.0,429414,0,0,-1,1,0,0,4,0.0,0.0,0,Saša,0.0,656,False,has joined LASK on loan for the rest of the season.,2025-09-08T09:11:55.060395Z,49,429414.jpg,1.0,False,Kalajdžić,0.0,False,,u,20,39,1,1691,0,10195,1,0.0,0.2,Kalajdžić,,14.0,2022-08-31,1997-07-07,False,p429414,14,0,0,0,0,0,0,0,0,0,0,0,1,1.0,4.3,2.0,0.7,1,1,0,2,0,0.00,0.01,0.01,0.10,,,,,,,[],,513,62,459,58,460,62,502,62,0.0,0.0,0.06,0.06,0.64,0.0,315,59,746,79,504,61,594,81,0.0,0.0,12.86
True,True,100.0,100.0,589507,0,0,-1,1,0,0,4,0.0,-0.5,0,Leon,0.0,657,False,,2025-07-21T10:00:05.148649Z,44,589507.jpg,0.0,False,Chiwome,0.0,False,,a,20,39,0,6491,72,8465,24,0.0,0.0,Chiwome,,,,,False,p589507,0,0,0,0,0,0,0,0,0,0,0,0,0,0.0,0.0,0.0,0.0,0,0,0,0,0,0.00,0.00,0.00,0.00,,,,,,,[],,691,75,688,74,669,74,693,75,0.0,0.0,0.0,0.0,0.0,0.0,574,82,607,68,698,76,623,84,0.0,0.0,0.0
True,True,,,531363,0,0,-3,3,0,0,4,0.0,-0.5,0,Nathan,0.0,658,False,,,42,531363.jpg,0.0,False,Fraser,1.8,False,,a,20,39,0,288306,368,389065,607,0.0,0.0,Fraser,,,,,False,p531363,0,0,0,0,0,0,0,0,0,0,0,0,0,0.0,0.0,0.0,0.0,0,0,0,0,0,0.00,0.00,0.00,0.00,,,,,,,[],,648,64,644,63,619,63,650,64,0.0,0.0,0.0,0.0,0.0,0.0,651,89,545,55,658,65,149,22,0.0,0.0,0.0
True,False,0.0,0.0,230376,0,0,-6,6,0,0,3,0.0,0.0,0,Jhon,0.0,663,False,has joined Palmeiras permanently.,2026-02-08T15:58:03.708628Z,49,230376.jpg,2.0,False,Arias,0.1,False,,u,20,39,45,20148,0,82611,5,0.0,9.2,J.Arias,,48.0,2025-07-24,1997-09-21,False,p230376,1117,1,0,2,21,0,0,0,1,0,0,2,175,171.0,204.0,148.0,52.1,24,58,43,125,14,3.38,0.62,4.00,16.00,,,,,,,[],,326,145,196,128,234,128,288,147,0.27,0.0,0.05,0.32,1.29,1.69,311,193,743,314,349,151,450,154,1.13,0.16,10.07
True,True,,,497949,0,0,-3,3,0,0,2,1.0,0.5,2,David,1.0,682,False,,,42,497949.jpg,1.6,False,Møller Wolfe,0.1,False,,a,20,39,33,5160,22,9893,12,0.2,7.9,Møller Wolfe,,161.0,2025-08-02,2002-04-23,False,p497949,969,0,2,1,22,0,0,0,1,0,0,0,72,148.2,121.7,46.0,31.7,35,23,9,44,10,0.13,1.06,1.19,19.77,,,,,,,[],,344,130,277,80,348,115,361,122,0.01,0.0,0.1,0.11,1.84,2.04,646,147,264,99,404,147,554,197,0.93,0.09,4.09
True,True,,,523705,0,0,-1,1,0,0,2,0.2,-0.3,0,Jackson,0.2,695,False,,,44,523705.jpg,1.7,False,Tchatchoua,0.0,False,,a,20,39,52,7316,18,7124,22,0.0,11.8,Tchatchoua,,38.0,2025-08-19,2001-09-14,False,p523705,1834,0,1,3,37,0,0,0,3,0,0,0,156,318.2,349.9,69.0,73.8,79,62,29,108,19,0.33,1.60,1.93,30.68,,,,,,,[],,228,91,108,28,320,102,219,79,0.02,0.0,0.08,0.1,1.51,1.82,560,119,362,130,392,144,641,230,0.93,0.15,5.3
True,True,100.0,100.0,431248,0,0,0,0,0,0,2,0.5,0.0,2,Ladislav,0.5,709,False,,2026-04-18T18:00:09.351930Z,45,431248.jpg,2.3,False,Krejcí,0.1,False,,a,20,39,62,27422,335,24121,40,0.1,13.8,Krejčí,,57.0,2025-08-28,1999-04-20,False,p431248,2291,2,1,3,45,1,0,0,3,1,0,0,216,526.2,136.9,269.0,93.6,158,75,32,190,26,2.17,1.49,3.66,39.73,,,,,,,[],,112,52,257,67,127,24,161,54,0.09,0.0,0.06,0.15,1.56,1.77,431,88,323,120,303,114,561,200,1.02,0.12,7.46
True,True,,,488213,0,0,-4,4,0,0,4,1.2,0.7,1,Tolu,1.2,720,False,,,51,488213.jpg,2.0,False,Arokodare,0.1,False,,a,20,39,65,70043,106,60040,155,0.2,12.7,Tolu,,157.0,2025-09-01,2000-11-23,False,p488213,1378,3,2,3,28,0,0,1,1,0,0,4,220,247.4,178.1,553.0,96.9,48,26,7,81,13,5.30,0.39,5.69,22.47,,,,,5.0,,[],,273,28,218,21,41,17,145,22,0.35,0.0,0.03,0.38,1.47,1.83,238,51,255,33,350,37,466,66,0.85,0.2,5.29
True,True,,,647671,0,0,-3,3,0,2,4,4.2,3.7,11,Mateus,4.2,749,False,,,42,647671.jpg,2.8,False,Mané,1.3,False,,a,20,39,72,615399,6124,466561,1244,1.0,17.1,Mané,,173.0,2025-02-24,2007-09-16,False,p647671,1697,3,2,5,29,0,0,0,0,0,0,9,296,308.0,400.1,263.0,96.5,31,72,26,129,18,1.83,2.99,4.82,30.77,2.0,,1.0,,,,[],,236,22,84,3,128,32,147,23,0.1,0.0,0.16,0.26,1.63,1.54,658,92,50,9,216,25,177,26,0.95,0.27,6.84
True,True,,,601956,0,0,0,0,0,0,2,0.0,-0.5,0,Saheed,0.0,766,False,,,40,601956.jpg,0.0,False,Olagunju,0.0,False,,a,20,39,0,5431,207,3104,43,0.0,0.0,Olagunju,,241.0,2025-12-19,2007-01-07,False,p601956,0,0,0,0,0,0,0,0,0,0,0,0,0,0.0,0.0,0.0,0.0,0,0,0,0,0,0.00,0.00,0.00,0.00,,,,,,,[],,628,241,622,241,592,238,631,242,0.0,0.0,0.0,0.0,0.0,0.0,740,201,516,208,639,241,618,220,0.0,0.0,0.0
True,True,,,605319,0,0,0,0,0,0,3,0.0,-0.5,0,Luke,0.0,767,False,,,45,605319.jpg,0.0,False,Rawlings,0.0,False,,a,20,39,0,1411,5,1000,5,0.0,0.0,Rawlings,,241.0,2024-07-30,2008-04-04,False,p605319,0,0,0,0,0,0,0,0,0,0,0,0,0,0.0,0.0,0.0,0.0,0,0,0,0,0,0.00,0.00,0.00,0.00,,,,,,,[],,760,320,755,321,741,317,760,320,0.0,0.0,0.0,0.0,0.0,0.0,500,310,688,274,762,322,766,326,0.0,0.0,0.0
True,False,0.0,0.0,514362,0,0,0,0,0,0,3,0.0,0.0,0,Temple,0.0,777,False,has joined Shrewsbury Town on loan for the rest of the season.,2026-02-06T22:51:28.266989Z,45,514362.jpg,0.0,False,Ojinnaka,0.0,False,,u,20,39,0,415,0,374,2,0.0,0.0,Ojinnaka,,106.0,2024-04-19,2005-03-30,False,p514362,0,0,0,0,0,0,0,0,0,0,0,0,0,0.0,0.0,0.0,0.0,0,0,0,0,0,0.00,0.00,0.00,0.00,,,,,,,[],,721,287,718,290,701,283,722,288,0.0,0.0,0.0,0.0,0.0,0.0,454,272,645,237,727,292,818,362,0.0,0.0,0.0
True,True,,,589121,0,0,0,0,0,0,3,0.0,-0.5,0,Ethan,0.0,778,False,,,45,589121.jpg,0.0,False,Sutherland,0.0,False,,a,20,39,0,1772,16,1192,8,0.0,0.0,Sutherland,,243.0,2025-12-29,2006-04-25,False,p589121,0,0,0,0,0,0,0,0,0,0,0,0,0,0.0,0.0,0.0,0.0,0,0,0,0,0,0.00,0.00,0.00,0.00,,,,,,,[],,751,313,746,314,732,310,751,313,0.0,0.0,0.0,0.0,0.0,0.0,490,302,679,266,754,315,755,320,0.0,0.0,0.0
True,True,,,685628,0,0,0,0,0,0,3,0.0,-0.5,0,Jerome,0.0,809,False,,,45,685628.jpg,0.0,False,Abbey,0.0,False,,a,20,39,0,2652,81,1354,27,0.0,0.0,Abbey,,241.0,2026-01-30,2009-09-16,False,p685628,0,0,0,0,0,0,0,0,0,0,0,0,0,0.0,0.0,0.0,0.0,0,0,0,0,0,0.00,0.00,0.00,0.00,,,,,,,[],,779,335,774,336,761,333,779,335,0.0,0.0,0.0,0.0,0.0,0.0,525,329,708,290,780,336,727,302,0.0,0.0,0.0
True,True,100.0,100.0,209041,0,0,-4,4,0,0,3,0.5,0.0,0,Angel,0.5,816,False,,2026-04-18T18:00:09.391625Z,46,209041.jpg,1.3,False,Gomes,0.0,False,,a,20,39,14,5812,62,4160,29,0.1,3.0,Angel,,241.0,2026-02-02,2000-08-31,False,p209041,392,0,0,1,7,0,0,0,1,0,0,0,65,43.4,69.3,28.0,13.9,5,15,8,28,6,0.25,0.27,0.52,11.59,,,,,,,[],,431,186,337,180,378,192,411,187,0.06,0.0,0.06,0.12,2.66,1.61,398,247,325,139,441,193,709,289,1.38,0.23,6.43
True,True,,,155511,-1,1,-4,4,0,0,4,2.0,1.5,2,Adam,2.0,817,False,,,51,155511.jpg,2.5,False,Armstrong,0.1,False,,a,20,39,32,26598,229,20454,134,0.4,6.3,Armstrong,,241.0,2026-02-02,1997-02-10,False,p155511,1068,1,2,3,19,0,0,0,3,0,0,0,110,113.0,85.0,164.0,36.0,14,14,8,36,13,1.98,0.85,2.83,22.37,,,,,,,[],,378,41,311,36,221,45,344,45,0.17,0.0,0.07,0.24,1.89,1.6,224,49,187,26,276,29,577,79,1.1,0.25,3.03
True,True,,,491460,0,0,0,0,0,0,1,0.0,-0.5,0,Alfie,0.0,828,False,,,40,491460.jpg,0.0,False,Brooks,0.0,False,,a,20,39,0,708,14,221,16,0.0,0.0,Brooks,,241.0,2026-04-17,2003-10-15,False,p491460,0,0,0,0,0,0,0,0,0,0,0,0,0,0.0,0.0,0.0,0.0,0,0,0,0,0,0.00,0.00,0.00,0.00,,,,,,,[],,599,80,592,68,561,54,602,80,0.0,0.0,0.0,0.0,0.0,0.0,705,58,485,69,611,80,780,91,0.0,0.0,0.0
True,True,,,627888,0,0,0,0,0,0,1,0.0,-0.5,0,Josh,0.0,831,False,,,40,627888.jpg,0.0,False,Gracey,0.0,False,,a,20,39,0,481,103,73,14,0.0,0.0,Gracey,,242.0,2026-04-01,2007-12-14,False,p627888,0,0,0,0,0,0,0,0,0,0,0,0,0,0.0,0.0,0.0,0.0,0,0,0,0,0,0.00,0.00,0.00,0.00,,,,,,,[],,634,89,628,78,598,64,637,89,0.0,0.0,0.0,0.0,0.0,0.0,748,68,524,79,645,89,798,93,0.0,0.0,0.0
